Root	Stem 0 / Basic	Stem 1	Stem 2	Stem 3
s	[carrier root]	[animate carrier]	[inanimate/abstract carrier]	[geographic carrier]
t	[demonstrative root]	this one	that one	that one yonder
č	be/equivalence	ontological identity	functional equivalence	epistemological synonymousness
mpw	phonological component	phoneme	phone (pronounceable sound)	allophone (consistent phoneme variation)
mpy	morphological component	morpheme	potential grammatical component	allomorph (consistent morpheme variation)
mpř	lexical component	lexeme	potential root/affix	allolex (consistent lexeme variation)
mph	grammatical/morphological category	grammatical/morphological category	grammatical/morphological category signification	alternate way to express a grammatical/morphological category
mpç	lexical root	lexical root	root signification	alternate way to express a root
mpļ	lexical stem	lexical stem	stem signification	alternate way to express a stem
mpm	concatenation status †	concatenation status	concatenation status signification	alternate way to express a concatenation status
mpn	concatenation type †	concatenation type	concatenation type signification	alternate way to express a concatenation type
mps	relative clause head †	relative clause head	relative clause head signification	alternate way to express a relative clause head
mpš	framed relation †	framed relation	framed relation signification	alternate way to express a framed relation
mpx	case scope †	case scope	case scope signification	alternate way to express a case scope
rmp	case/format	case/format	case/format signification	alternate way to express a case/format
rmpw	case accessor	case accessor	case accessor signification	alternate way to express a case accessor
rmpy	bias	bias	bias signification	alternate way to express a bias
rmpl	expectation	expectation	expectation signification	alternate way to express an expectation
mţp	level	level	level signification	alternate way to express a level
mţpw	phase	phase	phase signification	alternate way to express a phase
mţpy	valence	valence	valence signification	alternate way to express a valence
mţpl	essence	essence	essence signification	alternate way to express an essence
mţpm	affiliation	affiliation	affiliation signification	alternate way to express an affiliation
lmp	Vxℂs affix	Vxℂs affix	Vxℂs affix signification	alternate way to express a Vxℂs affix
lmpw	affix type	affix type	affix type signification	alternate way to express an affix type
lmpy	affix degree	affix degree	affix degree signification	alternate way to express an affix degree
lmpl	formative	formative	formative signification	alternate way to express a formative
lmpr	adjunct	adjunct	adjunct signification	alternate way to express an adjunct
lmpř	referential	referential	referential signification	alternate way to express a referential
lmpç	suppletive category †	suppletive category	suppletive category signification	alternate way to express a suppletive category
lmpļ	register †	register	register signification	alternate way to express a register
rmpř	illocution	illocution	illocution signification	alternate way to express an illocution
rmpç	validation	validation	validation signification	alternate way to express a validation
rmpļ	mood	mood	mood signification	alternate way to express a mood
rmpm	context	context	context signification	alternate way to express a context
rmpn	aspect	aspect	aspect signification	alternate way to express an aspect
rmph	effect	effect	effect signification	alternate way to express an effect
mţpr	perspective	perspective	perspective signification	alternate way to express a perspective
mţpř	extension	extension	extension signification	alternate way to express an extension
mţpf	plexity	plexity	plexity signification	alternate way to express a plexity
mţpţ	similarity	similarity	similarity signification	alternate way to express a similarity
mţpç	separability	separability	separability signification	alternate way to express a separability
mţps	version	version	version signification	alternate way to express a version
mţpš	function	function	function signification	alternate way to express a function
mţph	specification	specification	specification signification	alternate way to express a specification
ps	happen/manifest/event	occurrence of something, happening	manifesting, being/making real	event (spatiotemporal)
psm	step/action/phenomenon/incident	step/action	phenomenon	incident
ţt	fact/know	knowing ontological fact	knowing epistemological fact	knowing from experience
rţt	study/learn/knowledge source	studying	practice	source of knowledge
lţt	vocation/career/area of expertise	pursuing a vocation	pursuing a career	pursuing proficiency
řţt	competence/qualification	competence	meeting skill-based qualification (i.e. knowledge)	meeting non-skill-based qualification (e.g., nationality)
ňţt	test/evaluation/vetting/experiment	testing/examination [PRC=end in itself]	vetting/evaluation [PRC=end in itself]	experimenting/testing out [PRC=end in itself]
mţt	demonstration/proof	demonstrating factuality [CPT=verifying]	presenting evidence/proving as an end in itself	establishing/meeting standard of proof as an end in itself
nţt	subject/topic/point/thesis	topic/subject matter [CPT=conclude]	argument [CPT= one's point]	thesis [CPT=conclude]
vl	realization/understanding/comprehension	realizing	comprehending through analysis/contemplation	comprehending through clarity
ţk	make/construct/integrate/form	making/construction	forming by combining ingredients	organizing disparate parts into a whole
řţk	commercial manufacturing/fabrication/building/production/establishing	manufacturing	fabrication	formal producing/establishing (e.g., book publishing, charity founding)
ksf	use/utilization/consumption/expenditure	using/utilizing	serving/using/functioning as	consumption/expenditure/using up
kšf	engagement/be in play/recourse/agency	engagement	recourse	agency
mpr	termination/finish/end/finality/completion	ending	finalizing	completing
ny	choice/alternative	choosing	pondering/weighing a choice/conduct pro-vs-con analysis	settling for
rny	selection/alternative/option/voting	selection/picking	having an available option/alternative	voting
sn	change/variation/deviation/alteration	changing	varying, differing version	deviating
rsn	alteration/modification/diversification/modulation	alteration/modification	diversification/permutation	modulation (controlling the variance)
pţ	seek/search	seeking/searching/looking for something unknown	seeking/searching/looking for something lost	quest/seeking to accomplish something
pţr	exploration/pursuit/hunting	exploration	pursuit	hunting
gš	lose/misplace/squander	losing/misplacing	losing something (potentially irrecoverable)	squandering/wasting something
gšt	deprivation/bereavement/forfeiture	deprivation	bereavement	forfeiture
zd	comparison/contrast/distinguish	comparing/contrasting	distinguishing	matching to something else
zdr	measurement/discernment/collation	measuring	discerning	collating (determining the relationship between entities)
št	expectation/suspense/anticipation/vigil	expectation	suspense/anticipation	vigil
ršt	prediction/foresee/forecast	prediction	foresight	forecast
g	ambulation	natural ambulation (walk, crawl)	rapid ambulation (run, gallop)	unnatural ambulation (limp, stagger)
gth	marching/prancing/racing/swaggering/sauntering	marching/prancing	racing (competetive running)	swaggering/sauntering
mz	remember/memory/memorization	memory	retention of something past into the present	memorization
mzm	trace/memorial/record	trace/track/vestige	memorial	record, archive
ňl	solve/figure out	trying to solve a puzzle	reasoning in puzzle/problem-solving	insight in puzzle/problem-solving
llt	wondering	wondering about something potentially knowable	wondering about something no longer knowable	wondering about something not yet knowable
cc	mistake/error/misconception/miscalculation	mistake/error	misconception	miscalculation/misjudgement
ct	look over/examine/inspect	looking something over (casual/brief observation)	examination (observation)	inspection/checking (verifying compliance to a standard)
rct	observation/scrutiny/reconnaissance	observation	scrutiny	reconnaissance
xp	substitution/transposition/replacement	substitution	transposition/switching places	supplanting/replacement
čtļ	transport stop/station/harbor	stopping on a transport route	transport station	harbor, place of anchorage
rčtļ	airport/seaport/transport terminal/hub	location served by commercial sea line/airline	transportation terminal	airport/seaport/port
çl	preparation/precaution/readiness	preparation	preliminary step/measure	readying/putting together
rçl	precaution/contingency/backup	(taking) precaution	preparatory instruction/training	contingency/backup measure
ňçl	provision/supplying/furnishing/equipping	providing [PRC=offering provision]	offering to supply/replenish/furnish	offering to equip/provide resources
cph	preservation/conservation	preservation (from damage)	preservation (from being lost)	preservation (via chemical or biological means)
cpr	rescue/salvation/liberation	rescue	salvation	liberation
cx	manner/form/behavior	manner	guise/form	behavior/conduct
rcx	method/procedure/policy/plan	method/procedure	policy/practice	plan
řk	alienable possession/ownership	physical possession (circumstantial and alienable)	ownership (in one's immediate possession)	ownership
řkw	inalienable possession/ownership	physical possession (circumstantial/affective)	ownership	physical possession (genetic/intrinsic)
žv	good/beneficial	beneficial	morally good	advantageous/effective
lžv	fairness/equitability/impartiality/reasonableness* (jm)	fairness/impartiality/reasonableness	rightfulness/justice/moral properness	unbiasedness
tm	power/effort/operation/functioning	energy expenditure	action/effort	functioning/operation
rtm	work/labor/job	work/labor	product of labor	job task
ţp	faculty/property/trait	faculty/ability	inherent property	superficial feature
çd	impression/appearance/guise	impression	appearance/look	guise
gt	oversight/responsibility	oversight	responsibility	obligation/duty
gtr	supervision/regulation	being in charge	supervision	regulation
tļp	personal responsibility/blame/liability	personal responsibility	blame	being liable
ţph	openness/transparency/straightforwardness/accountability	openness/transparency	straightforwardness	accountability
tkh	rule/precept/maxim/axiom/edict	rule, enforcing a precept	maxim, applying an axiom	ruling, establishing an edict
mč	power/efficacy/potency	empower/energize	efficacy/effectiveness	potency/power
rmč	force/effectiveness/productivity	use of force	effectiveness	productivity
ksm	country/land/territory/region	country/territory	province	cultural region
rc	coincidence/simultaneity	coincidence	simultaneity (without knowledge)	synchronicity (unlikely coincidence rousing suspicion)
zk	strangeness/oddity/weirdness	strange/weird	disconcerting/weird	creepy/scary
sx	complaint/grievance	complaint	grievance (requiring compensation)	criminal charge
çpl	secretion/resin/sap	bodily secretion	sap	resin
pp	pick up/gather/amass	taking/picking up something to keep it	amassing/piling up	procurement/acquiring
rpp	gathering/collection/accumulation	gathering	collection	accumulation/accretion
lpp	accrual/saving up/hoarding	accrual	saving up money	hoarding
lçm	signature/personal authorization/authentication	authorization by signature	authorization not by signature	authentication of identity
ňf	problem/mystery	problem/issue	mystery/puzzling situation	irksome/annoying
rňf	trouble/misfortune/disaster/calamity	being in trouble	suffering misfortune	suffering disaster/calamity
šy	raise/foster/nurture/cultivate	raising/fostering/guardian	nurture	cultivation/gardening
çtr	puzzle/riddle	puzzle	riddle	charade (pantomime)
zj	concealment/secrecy	hiding/concealing	masking/concealing	secrecy
fh	find/encounter/meet	finding/discovering (by chance)	encountering/coming across (by chance)	meeting (by chance)
mļ	obscurity/ambiguity/stealth	obscurity	ambiguity	stealth/surreptitiousness
ẓř	slot/groove/furrow	indentation/groove/channel	slot (physical)	furrow
rç	aesthetic appeal/prettiness/beauty	aesthetic appeal	prettiness/loveliness	beauty
ļn	value/expedience/suitability	value/worthwhile	expedient/opportune	suitable/fitting/apropos
rļn	advantage/opportunity/convenience	advantage	opportunity	convenience
mç	well-formedness/aesthetic appeal/stylishness	well-formed/shapely	aesthetically/sensually appealing	stylish/decorative/ornamental/fine
mçk	perfection/sublimity/splendidness	perfection/optimality	exquisiteness/sublimity	ornateness/splendor
kçt	decoration/fanciness/ornateness/ornamentation	decoration	fanciness	ornateness/ornamentation
řř	intensification/amelioration/aggravation	intensification/heightening	amelioration/improvement	aggravation/worsening
tļt	adjustment/repair/mending/restoration/correction	adjustment	repair/fixing/mending/restoration	correction
ţj	emphasis/highlight/underscore/impress upon/rave about	highlighting	emphasis/underscoring	raving about
vš	shrewdness/artfulness/craftiness	shrewdness	artfulness/sneakiness	craftiness/scheming/underhandedness
kh	degree of nuance/cunning/stealth	degree of nuance/subtlety	degree of cunning/guile	degree of stealth
vsk	surveillance/reconnaissance/undercover espionage	surveillance	reconnaissance	undercover operation/espionage
lč	guess/supposition/assumption	guessing/speculation	supposition (considering as a possibility)	assuming/presuming (despite lack of evidence)
lčw	conjecture/postulate/theory/hypothesis	postulate/conjecture	theory	hypothesis
šh	importance/prevalence/prominence	importance/significance	prevalence	salience/prominence
ňč	influence/persuasion/predominance	influence	persuasion	predomimance/preponderance
rňč	inciting/instigation/encouragement/advocacy	stimulation/inciting/instigating	encouragement	advocacy
čpļ	use of force/coercion/compulsion	making something happen by will/demeanor/power	coercion	use of physical force against another's will
jr	ride/drive/transport	riding/driving	being a passenger transported/conveyed	transportation
pšw	station keeping/parking/holding/waiting area	station keeping, holding in place	storage keeping, parking	holding in waiting area
sc	wash/bathe/rinse	washing	bathing	rinsing/flushing/showering
mçt	example/exemplar/precedent/archetype	example	precedent	archetype
vll	implication/inference/hint/connotation/allusion	implication	connotation	allusion
ççk	maximization/optimality/supremacy	maximum	optimality	supremacy
lxl	science	scientific rationality	scientific method	scientific finding
ldr	appear/show/exhibit/display	showing/appearance	showing off/flaunting	displaying/exhibition
drr	calling attention/exposure/announcing/advertising	calling attention	exposure	advertisement
ţrr	announcement/declaration/proclamation	announcement	report	declaration/pronouncement/proclamation
žw	categorization/genre/manner/mode	category	genre/style	way/manner/mode
mtf	list/series/file	list, listing	series, serializing	file, filing
ňţ	accuracy/suitability/legitimacy	correctness/accuracy	suitability/fitness	legitimacy/orthodoxy
řḑ	exactitude	exactitude to an expectation	accuracy	functional/substitutive comparability
rx	similarity/resemblance	similarity/resemblance to concrete entity	similarity/resemblance to oneself on another occasion	similarity/resemblance to abstract situation
rk	degree/range/extent/intensity	a degree/extent of effect/impact/capacity	a range/limit of effect/impact	an intensity of effect/impact
rt	sufficiency/adequacy	sufficiency (being enough)	adequacy (being good enough)	satisfactoriness (meeting requirements)
mh	change/stability/fluctuation	change(ableness)/mutability/constancy	stability/vicissitude	fluctuation/wavering/variance
rg	steadfastness/mobility/indelibility	steadfastness/durability (inability to be altered)	mobility/activity (inability to be moved)	indelibility/fixedness (inability be removed/erased)
čh	affect (cuteness/grandeur)	grandeur/greatness	elegance/loveliness	endearment/cuteness
th	reliability/infallibility/quality	reliability/quality	fineness/craftsmanship	durability/permanence
řp	specialness/uniqueness/marvelousness	specialness/extraordinariness	uniqueness	wonderfulness/awesomeness
řv	consequence/outcome/result	consequence	result/product	result/outcome
řg	degree of conformity/typicalness	degree of conformity	degree of typicalness	degree of originality/innovativeness
rd	degree of truth/genuineness/factuality	degree of truth/veracity/reality	degree of authenticity/genuineness	degree of validity/factuality
ţm	degree of intensity	degree of intensity/power	degree of activity/acuteness	degree of agitation
fţ	degree of efficiency/adequacy	degree of efficiency	degree of adequacy	degree of reward/payoff
kţ	development/maturation/decline	developmental stage	maturation/growth	decline/age
ph	degree of precision/definition/scrutiny	degree of precision/exactness	degree of definition/exactness of distinction	degree of scrutiny/attention
ţx	degree of sophistication/refinement	degree of refinement/sophistication	degree of evolvedness	degree of cultural refinement/sophistication
ňř	impediment/restriction/constraint/limiting/prevention	restriction/impeding	constraint/limiting	prevention
čm	degree of ease/difficulty	degree of ease/difficulty (physical and mental effort)	degree of ease/difficulty (effort in terms of practicality)	degree of ease/difficulty (being faced with a dilemma)
kp	degree of effort	degree of (physical) effort	degree of (mental/intellectual) effort	degree of effort (organizational complexity)
vh	degree of design/order/organization/systematization	degree of design/planning	degree of order	degree of systematization
jh	degree of physical control	degree of physical control	degree of dexterity/finesse	degree of potential control to hold/restrain
pt	degree of risk/danger	degree of physical risk/danger	degree of emotional risk/danger	degree of social risk/danger
řč	degree of functionality/activity/efficacy	operational functionality/working order	activity/functioning	efficacy (achieving expectations)
bň	degree of natural capacity/talent/skill	degree of natural capacity/ability	degree of natural talent/aptitude/adeptness	degree of natural virtue/desired behaviour
sp	degree of newness	newly created/extant	newly relevant/salient	newly substituting/revised
ž	capacity/ability/capability	physical capability/ability	physical stamina/fortitude/strength	physical prowess/finesse/specialized skill
çn	source/origin	origin/source of something	beginning/start point of something	direct/primary cause
rçn	element/fundamental basis/foundational principle	basic element/starting point	basis/fundamental reason	foundational principle/axiom
r	negation/nullification/absence	negation (making something not exist/apply)	denying	absence
rxw	nullification/contradiction/contravention	nullification	contradiction	removal/contravention
př	access/entry/exit	2-way access point/passageway	entry point/entry portal	exit point/exit portal
ţd	physical contact	touching/contact	application of physical pressure/force	setting in motion via physical contact
sk	contain/hold/contents/enclosure/surrounding/envelopment	containing via gravity	containing via enclosure	containing via imbuement/mixture
vskw	sack/baggie/satchel	bag/sack	sealable plastic baggie	satchel
vsky	purse/wallet/coinpurse	purse	wallet	coin purse
vskl	box/carton/storage inlay	box	carton	custom-shaped carton/storage inlay
vskr	can/drum/tank	metal can	drum	tank/cyllinder
vskf	bottle/jar/lidded pot	bottle	jar	lidded pot
vskţ	bucket/tub/catch basin	bucket	tub	catch basin
vskç	bin/crate/shipping container	bin	crate	shipping container
vskv	vial/flask/beaker	vial	flask	beaker
vskh	tube/wrapper/blister pack	tube	sealed wrapper	blister pack
všt	test tube/pipette/eyedropper	test tube	pipette	eyedropper
thw	component/part/ingredient	component/part/piece	ingredient	instruction
cř	grind/granule/powder	grinding to gravel-like consistency	grinding to a granular consistency	grinding to a powder
kç	cut/stab/crack	cutting something with a blade/force	stabbing something	making a crack/rent in something
çr	separation/severance/detachment	separating something from something else	detaching, physically disjoining/disconnecting	severing something
zkr	slice/plane/shave/shred	slicing with a blade	making a shaved slice	shredding into thread-like pieces
ppš	scratch/scrape/peel	scratching (leaving marks)	scraping (removing a layer)	peeling
zc	chop/dice/mince	chopping	dicing (slicing into cubes)	mincing (slicing to the point of becoming paste-like)
ẓč	carve/gut/eviscerate	carving	carving out (interior)	eviscerating (removing most of the interior)
ẓf	pierce/puncture/breach/hole/tunnel	pierce through	remove material by burrowing	leave behind tunnel/hole
jj	dig/hole	digging	removing material via digging	leaving behind a concavity via digging
rẓč	excavation/dredging/mining	excavation/exhumation (to reshape or find something inside)	dredging (to improve passage or find something inside)	mining (to find something inside)
ẓdw	leave behind tunnel/hollow	burrow/hollowing out	tunneling	remove material by tunneling
gţ	tightness/fittedness/compatibility	tightness/difficulty of disjoining	physically fitting with another	potentially functioning better along with another
fš	fitting/accommodation/niche	entity physically fitting with another as to be carried	accommodating something	finding/establishing a niche for something
jp	straightening/alignment	straighten (by design)	straighten out (fix bent object)	align (rectilinear shape)
cgv	juncture of kinematic pair	being connected via a pivot point	being able to pivot due to juncture	tension caused by pivoting (within juncture)
tkf	1D/2D mechanical joint/pivot point for kinematic pair	prismatic joint (back and forth)	hinge-like joint (rotation)	cylindrical joint (rotation)
ltkf	3D mechanical joint/pivot point for kinematic pair	ball-and-socket joint	universal joint	snake-like flexible entity
mzk	energy output differential or redirection via gear mechanism	change in energy output ratio via gear mechanism	change in direction via gear mechanism	change in energy output ratio and direction via gear mechanism
řn	hang/dangle/overhang	suspending/hanging something (up)	dangling something	overhanging/jutting (out)
ļx	flotation/hovering/drifting/aloft	flotation	drifting/aloft	hovering
lř	flatten/smooth/level	flattening something	making something smooth	making something (more) level/even/parallel
gf	hold together/bind/hold still	holding something together on the long term	binding something	restraining, holding something still
tv	hold up/support/bear up/keep aloft	supporting against collapse	bearing up, keeping from falling	holding aloft, keeping off the ground
ḑj	erect/let rise up/raise up	erecting something perpendicular to the ground	letting something rise up to an erect position	raising something to a higher level
mj	fell/bring down/lower	making something fall via gravity, felling	letting something fall, dropping	lowering something down to the ground
pd	grab/pick up/manipulate	grabbing something with one's manipulative appendages	picking something up or out of something else	handling something with one's manipulatory appendages
sč	break apart/break into pieces/crumble	breaking something apart/open	breaking something into pieces	crumbling something into non-discrete pieces
rks	split in half/divide into parts/split off a piece	split in half	divide into parts	split off a piece
zn	manual manipulation	manually holding together	handling temporarily (to carry/protect/show/look at)	manipulating by pushing/pulling/rubbing (to change/use/stimulate)
čn	move apart/draw apart/open	moving two entities apart, creating a gap	pushing an entity in order to create a gap	pulling an entity in order to create a gap
mc	junction/connection/fastening	joining multiple entities to form a set	physically connecting multiple entities together	fastening/bonding multiple entities physically
rmc	linkage/unification/fusion/merging/coalescing/melding	linkage	unification	fusion/merging/coalescing/melding
jţ	penetration/driving into/injection	penetrating through a 2D surface	(forcefully) driving into a 2D surface	injecting
ňç	extraction	extracting/drawing out/forth	removing something from a surrounding medium/substrate	obtaining/drawing out something from a surrounding medium/substrate
ffr	bending/distortion/twisting/warping	bending	distortion	twisting/warping
rtv	template-based formation/drawing/extrusion	forming/molding by means of a template/die	drawing/shaping by pulling through die	extrusion/shaping by pushing though die
dkh	bulging/prolapse/eruption/explosion	bulging outward	prolapsing	eruption/explosion
dbw	collapsing/sinking/implosion	collapsing inward	sinking inward/downard	imploding/implosion
ḑř	stretch/elongate/spread	1D stretching/elongating	2D stretching/spreading	3D stretching/expanding
řḑř	stretch/elongate/spread under tension		2D stretching/spreading under tension	3D stretching/expanding under tension
cy	clustering/clumping/flock/swarm/mob	clustering/clumping together	gathering/flocking together	swarming together (into a crowd/mob)
d	group	assembling/gathering into a group	congregating/meeting together	convening for a conference/congress
cḑ	adhesion/stickiness/aggregation	adhesion	sticking (focus on textural stickiness)	aggregating/agglomerating (focus on new function)
tļ	commencement/activation/initiation/instigation	commencement/starting	initiating/activation	instigation
pļ	turn/veer/change pitch	turning	veering	changing pitch
rpļ	spinning/revolving/orbit/rotation	spinning	revolving/orbit	rotation
lxr	roll/wheeling/winding up or around	roll	wheeled translative motion	winding/rolling/coiling up
čph	strike/hit/blow/knock/topple	striking/hitting to change placement/movement/arrangement	striking/hitting to harm/thwart attack in offense/self-defense	striking/hitting to knock down/topple
žn	impulse/pushing/propulsion	pushing	shoving/bumping/butting/prodding	thrusting/propulsion
žr	throwing/launching/shooting	throwing	shooting	launching
çv	traction/drawing/pulling/dragging	pulling/drawing something (making it move by traction)	dragging/tugging something (with its resistance)	hauling/trawling something (using pulling to transport it)
rçv	manual means of carrying & moving a load	hand-held stretcher	dragged platform	sled for moving
fj	impede/block/interfere	impeding/hindering the path/flow of an entity	placing an obstacle/impediment, clogging	interfering/obstructing some entity/activity/state
rfj	constriction/sealing/plugging/prevention	constriction	sealing/plugging	prevention
ţs	covering/superimposition/encasement/sheath	cover	encase/wrap	sheathe
rţs	top/roof/veneer/coating/mask	top/roof	veneer/coating	mask
ňm	surface application/overlay/paint	applying a liquid/viscous substance/material to a surface	applying a gel-like substance/material to a surface	painting a surface
ňvw	varnish/polymer-based sealant/shellac	varnish	polymer-based sealant	shellac
ňvy	paint	housepaint/industrial paint	artist’s paint	watercolor paint
ňvr	facial -up/body paint/theatrical -up	facial -up	body paint/body -up	theatrical -up
ňvl	eyeshadow/eye-linder/false eyelash	eyeshadow	eye-liner	false eyelash
ňvř	mascara/lipstick/lip gloss	mascara	lipstick	lip gloss
ňfw	cream/lotion/ointment	cream	lotion	ointment
ňfy	salve/balm/tanning butter	salve/balm	lacquer	topical butter
ňfl	disinfectant/pesticide/insect repellent	disinfectant	insecticide/pesticide	insect repellent
ňfr	moisturizer/sunscreen/bronzer	moisturizer/emollient	sunscreen	bronzer/tanning topical application
çdr	leverage	leverage	fulcrum	force used in leverage
ţň	fill/inundate/stuff	fill	stuff into	inundate
šň	inflation/pressurization/ventilation	inflation	pressurization	ventilation
šḑ	removal/elimination/emptying/clearing/vacuum	removal/elimination	emptying/clearing	vacuum
xv	compression/compacting/concentration/potential energy storage	compression/squeezing	condensing/concentrating	storing potential energy
tçv	dissipation/dispersion/scattering/thinning/culling	dissipation/dispersion	scattering	thinning/culling
smy	sorting/straining/sifting/aggregation	sorting	straining/sifting	aggregation
sxl	filtration/discrimination/segregation	filtration	discrimination	segregation
sxr	combing/brushing/raking/carding	combing	brushing	raking/carding
vzd	rubbing/massaging/scratching	rubbing	massagin	scratching (to groom/relieve itch)
lţr	drainage	drainage by gravity	drainage by osmosis/soaking/absorption	drainage by pressure/suction/pumping
fţr	rinsing/drying/evaporation	rinsing	drying	evaporation
zţ	absorption/imbuement/infiltration/soak/diffusion/permeation/osmosis	absorb	imbue	infiltrate
rzţ	soak/diffusion/permeation/osmosis	soaking/sousing	diffusion/suffusion	osmosis
zw	cleanliness/purity/sanitation/hygiene	clean	pure	hygienic
ţb	tidiness/orderliness/grooming	tidy	pristine	well-groomed
šny	wiping/mopping/cleaning via absorption	wiping with cloth	mopping	removing liquid via absoptive material
šmw	rag/towel/mop	rag	towel	mop
šmy	sponge/bandage/absorbant substance	sponge	absorbent pad/bandage	absorbent substance
mbw	absorption/suction	sucking orally	suction	pumping
sj	combine/mix/synthesize	combining multiple entities (bring together to function as one)	mixing multiple entities (to have them associate/interact)	synthesizing (combine elements into a single entity)
rsj	blending/fusion/amalgamation/synergy	blending/fusion/amalgamation	synergy	synergy with emergent properties
rč	damage/undermine/lessen	damaging physically	corruption/subversion/undermining	reduction/lessening
bn	channel/steer/aim	channeling (direct a course through a conduit)	steering (manually directing a course)	aiming (at/for something)
ḑc	safety/security/lock	making something safe	securing/safekeeping something (protect from external threats)	locking something (prevent external access)
çmy	buffer/intervening protective medium	buffer	fail-safe	liaison
vtļ	handle/manipulative assistive component	handle (for support)	handle (for control)	remote control device
tvy	polarity/neutrality	positive polarity	negative polarity	neutral polarity
vpw	reflection/refraction/diffraction	reflection	refraction	diffraction
vpy	reflection/refraction/diffraction of macro-level phenomena	reflection of macro-level phenomena	refraction of macro-level phenomena	diffraction of macro-level phenomena
cň	pin/tack/staple	pin	tack	staple
cpy	nail/spike/pile	nail	spike	pile (for support)
cpw	screw/bolt/rivet	screw	bolt	rivet
dbl	stopper/plug/cap/seal/suture	stopper	plug/cap	seal/suture
gdy	cement/mortar/plaster	cement	mortar	plaster
gdw	putty/caulk/grout	putty	caulk	grout
gdl	resin/polymer/solder	resin	polymer	solder
gdr	adhesive/paste/glue	adhesive	paste	glue
kţt	clip/clamp/magnet	clip	clamp	magnet
kţw	string/twine/cord/wire/strap	string/twine/cord	wire	strap
kţy	button/zipper/velcro fastener	button	zipper	velcro fastener
fsm	brace/girder/crossbeam	brace	girder	crossbeam
fsn	hook/frame/rigging/scaffolding	hook	frame	rigging/scaffolding
jdy	stent/tubing/valve	stent	tubing	valve
mzt	cord/rope/thatching	strand of cord	strand of rope	strand of wicker/thatching
çmw	lug nut/washer/drywall anchor	lug nut	washer	drywall anchor
ddř	needle	needle (as perforator)	needle (as thread-drawer/puller)	needle (as probe or delivery system)/syringe
rbb	liquid media used as tool	soaking agent/medium	hydration agent/medium	lubricant/lubricating agent/medium
ždv	guiding along/through a channel	funnel	trough	chute
xbl	liquid as resource consumed in a process 1	fuel	machine oil	cooking oil
xbr	liquid as resource consumed in a process 2	cleansing agent	hydraulic fluid	solvent
čv	tool/instrument/piece of equipment	tool/instrument (extension of bodily appendage)	tool/instrument (means of “defying” the forces of Nature)	tool/instrument (maintenance/sustainment of a constructed state)
gpw	hammer/mallet/sledgehammer	hammer	mallet	sledgehammer
gpř	ball-peen hammer/half-hatchet hammer/specialized hammer	ball-peen hammer	half-hatchet hammer	specialized hammer (e.g., body mechanic’s hammer, drywall hammer, tack hammer, etc.)
gpy	hatchet/axe/specialized axe	hatchet	axe	specialized axe (e.g., fireman’s axe, executioner’s axe, double bit axe, etc.)
tgw	awl/bradawl/birdcage awl	(round-point) awl	bradawl	birdcage awl
tgy	sewing awl/stitching awl/other specialty awl	sewing awl	stitching awl	other specialty awl (e.g.,saddler’s, sailr’s, scratching, closing, etc.)
zxw	chisel/dovetail chisel/other specialized hand-driven chisel	chisel	dovetail chisel	specialized hand-driven chisel (e.g., skew, framing, bolster, socket, cranked-handled)
zxl	concrete chisel/cold chisel/other specialized hammer- or power-driven chisel	concrete chisel	cold chisel	other specialized hammer- or power-driven chisel (i.e., not hand-driven)
ţst	pliers	adjustable/slip-joint pliers	non-adjustable/needle-nose pliers	locking pliers
kšvw	fixed-size open-ended wrench/box-end wrench/combination wrench	fixed-size open-ended wrench	box-end wrench	combination wrench
kšvy	Allen wrench/hex wrench/lug wrench/other non-adjustable wrench	Allen wrench/hex wrench	lug wrench	unusual non-adjustable wrench
kšvl	adjustable wrench/monkey wrench/pipe wrench/ratcheting wrench	adjustable wrench	monkey wrench/pipe wrench	ratcheting wrench
kšvr	socket wrench/other adjustable wrench/specialized wrench	socket wrench	other adjustable wrench	specialized wrench (e.g., basin/sink wrench, strap wrench, star-head key)
žtř	screwdriver	flathead screwdriver	Phillips screwdriver	specialty-head screwdriver (e.g., torx, hex, pozidrive, tri-wing, etc.)
ššx	rasp/file/plane/sanding block	rasp/file	plane (jack, block, surform)	sanding block
ksfw	crosscut saw/backsaw/hacksaw/coping saw/bow saw	crosscut saw	backsaw	hacksaw/coping saw/bow saw
ksfy	jigsaw/circular saw/chainsaw	jigsaw	circular saw	chainsaw
gžk	crowbar/cat’s paw/flat bar	crowbar/ripping bar	cat’s paw	flat bar
žbv	hand drill/carpenter’s brace/power drill/motorized drill	hand drill	carpenter’s brace	power drill/motorized drill
žbl	twist drill bit/brad-point drill bit/auger drill bit	twist drill bit	brad-point drill bit	auger drill bit
žbr	self-feed drill bit/spade drill bit/paddle drill bit/Forstner drill bit	self-feed drill bit	spade drill bit / paddle drill bit	Forstner drill bit
žbw	hole saw/countersink drill bit/plug cutter	hole saw	countersink drill bit	plug cutter
žby	step drill bit/tile drill bit/other specialty drill bit	step drill bit	tile drill bit	unusual specialty drill bit (e.g., masonry drill bit, installer drill bit)
fsv	C-clamp/G-clamp/hand-screw clamp/bench vise	C-clamp/G-clamp	hand-screw clamp	bench vise
fsvw	spring clamp/bench clamp/other specialty clamp	spring clamp	bench clamp	other specialty clamp (e.g., mitre clamp, trigger clamp, drill press clamp, bar clamp, vise-grip, etc.)
dfw	trowel/shovel/spade/pick	trowel	shovel/spade	pick
dfy	pitchfork/garden fork/potato fork/compost fork/hoe/rake	pitchfork/garden fork/potato fork/compost fork	hoe	rake
dfl	auger/planting dibble/hand seeder/post-hole pincer	auger	planting dibble/hand seeder	post-hole pincer
dfr	aerator/tiller/plow	aerator	tiller	plow
fçt	hand-held brush/cleaning brush/whisk broom/broom	hand-held brush (e.g., paint brush)	cleaning brush/whisk broom	broom
çnw	scissors/pruning shears/snips/topiary shears/gardening shears/hedge shears	scissors	pruning shears/snips/topiary shears	gardening shears/hedge shears
çny	bolt cutters/lopper/pole pruner/tree pruner	bolt cutters	lopper	pole pruner/tree pruner
ňhw	fireplace poker/stoker/bellows/anvil	fireplace poker/stoker	bellows	anvil
lzdr	measuring ruler/measuring tape/tailor’s measuing tape	measuring ruler	measuring tape	tailor’s measuring tape
nzdr	measuring square/measuring compass/protractor	measuring square	measuring compass	protractor
zzdr	calipers/micrometer/angle gauge	calipers	micrometer	angle gauge
řzdr	level/bubble inclinator/angle locator	level	bubble inclinator	angle locator
dgr	scale/thermometer/pressure gauge	scale	thermometer	pressure gauge
fšř	clock/watch/timepiece/speedometer/odometer	clock/watch/timepiece	speedometer	odometer
lçf	wheel/roller/rolling shaft/ball bearing	wheel	roller/rolling shaft	ball bearing
nzh	ramp/gangway/portable bridge/bracing/crossbeam	ramp	gangway/portable bridge	bracing/crossbeam
kšb	key/lockpick/other lock-opening instrument	key	lockpick	lock-opening device/instrument (e.g., fingerprint scanner)
vpç	mirror/lens/prism	mirror	lens	prism
ļth	net/mesh/web* (čţw, žmy)	net	mesh	web
kšň	spring (tool)	(spirally-coiled) compression spring	(spirally-coiled) torsion spring	constant force spring
šph	worm gear/worm screw/Archimedes screw	worm gear	worm screw	Archimedes screw
lčf	roller chain/leaf chain/sprocket/chainwheel	section of a roller chain	section of a leaf chain	sprocket/chainwheel
bkh	cranking mechanism	winch	crankshaft	slider-crank linkage
rčv	utensil/implement/fuel	utensil	mechanical utensil	fuel
ţţ	try out	trying something out to see if it works/functions	trying something out to see how it works/functions	trying something out to see if one can use it successfully
sst	device/apparatus/machine/engine/motor	device/apparatus	engine/motor	machine
ssv	devise/contrivance/invention	devise	contrivance	invention
lpļ	technology	technological invention	scientific discovery/scientific research	cyber-technology
kţg	electronic computer/computer accessory	personal electronic computing device	keyboard/keypad/other finger-manipulated alphanumeric interface to a computing device	mouse/pen/other non-alphanumeric interface to a computing device
kţgw	computerized device	computerized, algorithmically controlled device	central processor of an algorithmic computing device	input-output interface for an algorithmic computing device
kţgy	software/firmware/OS	computer program/application/software	firmware	computer operating system
lţv	transistor/diode/LED	transistor	diode	light emitting diode (LED)
kţgl	automaton (abstract self-propelled computing device)	automatic computing device	Turing machine/λ calculus	finate-state machine/finite-state automaton
kţgr	algorithmic computation/programming/run a computer program	writing computer code	compiling computer code	running a computer program
mfk	radio	listening to a radio broadcast	radio broadcast	radio
mfň	TV	viewing a commercial TV broadcast	commercial TV broadcast	television
lmḑ	internet streaming	viewing an internet stream	internet stream broadcast	streaming platform
lmḑl	streaming/vlogging/podcasting	viewing/listening to a stream/vlog/podcast	stream/vlog/podcast broadcast/publication	streaming/podcast platform
lmḑr	social media	viewing a social media platform	social media broadcast	social media platform
ksň	newspaper	reading a newspaper	newspaper publication	newspaper
ksmw	stove †	stove		
ksmy	oven †	oven		
ksc	refrigerator †	refrigerator		
ksč	freezer †	freezer		
lvb	washing machine †	washing machine		
lvd	clothes dryer †	clothes dryer	drying rack?	
mžk	air conditioner †	air conditioner		
mžx	air purifier †	air purifier		
jjw	blender †	blender		
ţcw	calculator †	calculator	printing calculator?	graphing calculator?
pçm	coffee maker †	coffee maker	coffee grinder?	milk foamer?
kçp	coffee maker †	rice cooker		
kçpl	pressure cooker †	pressure cooker		
kçpr	crockpot †	crockpot		
kçpw	microwave cooker †	microwave cooker		
lčr	toaster †	toaster		
fgy	water pump †	water pump		
ţmy	doorbell camera †	doorbell camera		
ẓkw	telephone †	telephone	landline?	
ẓkl	smartphone †	smartphone	smartwatch?	virtual/augmented reality headset?
ẓkr	ede	digital tablet/pad	personal digital assistant?	
čnw	clock †	clock	wristwatch?	digital clock?
šdr	DVD player †	DVD player	videocasette recorder (VCR)?	
šdl	CD player †	CD player		
lçn	charging unit for electronic device †	charging unit for electronic device		
ţnw	curling iron †	curling iron		
ţny	hair dryer †	hair dryer		
gpļ	earphones/headphones †	earphones/headphones	wireless earbud?	
ccw	sewing machine †	sewing machine		
ščw	bathroom scale †	bathroom scale		
pçn	juicer †	juicer		
lph	vacuum cleaner †	vacuum cleaner		
fgl	water heater †	water heater		
fgr	heating unit/radiator †	heating unit/radiator		
tfw	video game controller †	video game controller	video game console?	
tfr	garage door opener †	garage door opener		
ččw	lawn mower †	lawn mower		
rčt	inkjet/laser printer †	inkjet/laser printer		
rčtw	photocopier †	photocopier		
rčty	scanner †	scanner		
rčtr	FAX machine †	FAX machine		
rčtf	3D printer †	3D printer		
lcř	mp3 player †	mp3 player	portable casette player?	
kšč	remote control †	remote control		
ţčw	generator †	generator		
šdw	stereo receiver †	stereo receiver		
šdy	stereo speaker †	stereo speaker		
fgw	water purifier †	water purifier		
dby	flashlight †	flashlight		
cbw	memory stick/flash memory unit †	memory stick/flash memory unit	hard drive?	
šxr	handling/manipulating foodstuff	handling/manipulating food while preparing it	handling/manipulating food while cooking it	handling/manipulating food while serving/ingesting it
čkr	knife	knife	serrated knife	chef’s knife (pairing, bread, etc.)
čxr	vegetable peeler/potato masher/whisk	vegetable peeler	potato masher	whisk
jxr	colander/strainer/grater/salad spinner	colander/strainer	grater	salad spinner
zxr	fork/spork/ladle	fork	spork	ladle
mxr	spoon	spoon	slotted spoon	measuring spoon
nsxr	spatula/chopstick/tongs	spatula	chopstick	tongs
řxr	can opener/bottle opener/citrus juicer	can opener	bottle opener	citrus juicer
lsxr	garlic press/slicing press/knife sharpener	garlic press	mushroom slicing press/strawberry slicing press	knife sharpening rod/stone
mzp	mortar/pestle/grinding stone	mortar (bowl)	pestle	grinding stone
šgv	holding/containing foodstuff	holding/containing food while preparing it	holding/containing food while cooking it	holding/containing food while serving/being served it
sbw	skillet/frying pan/sauté pan/grilling pan	skillet/frying pan	sauté pan	grilling pan
sby	saucepan/pot/stockpot/casserole dish	saucepan	pot/stockpot	casserole dish
sbr	baking sheet/muffin pan/broiler pan	baking sheet	muffin pan	broiler pan
sbř	pie tin/baking dish/baking mold/other metallic or ceramic baking dish/container/platform	pie tin	baking dish or mold	other metallic or ceramic baking dish/container/platform
sbv	barbecue grill/griddle/rotisserie	barbecue grill	griddle	rotisserie
šgw	cup/bowl/measuring cup	⛾ cup	bowl	measuring cup
šgy	plate/dish/drinking vessel	plate/dish	ceramic drinking vessel (e.g., cup, mug)	glass or crystal drinking vessel
šgl	serving pitcher/decanter/flagon	serving pitcher	decanter	flagon
šgr	cutting board/serving board/trivet	cutting board	serving board	trivet
lcw	building fixture/architectural fixture	building fixture	use of a building fixture	being deprived of a functioning building fixture
mbl	tap/faucet/valve	faucet/valve	use of a faucet/valve	being deprived of a functioning faucet/valve
vbl	pipe (for water/gas/sewage)	water/gas/sewage pipe	use of a water/gas/sewage pipe	being deprived of a functioning water/gas/sewage pipe
bbl	sink fixture	sink fixture	use of a sink	being deprived of a functioning sink
bbr	washbasin	washbasin	use of a washbasin	being deprived of a functioning washbasin
bbw	bathtub	bathtub	use of a bathtub	being deprived of a functioning bathtub
bby	shower stall	shower stall	use of a shower stall	being deprived of a functioning shower stall
bbř	bidet	bidet	use of a bidet	being deprived of a functioning bidet
lčř	toilet/loo	🚽 toilet	use of a toilet	being deprived of a functioning toilet
řčř	urinal	service of urinal	use of urinal	being deprived of a functioning urinal
gţr	cistern	cistern	use of a cistern	being deprived of a functioning cistern
jţr	artificial fountain	fountain	use of fountain	being deprived of a functioning fountain
vbr	electrical conduit	conduit	use of a conduit	being deprived of a functioning conduit
vbř	electrical wire	wire	use of a wire	being deprived of a functioning wire
vbž	electrical/wall outlet	service of an electrical outlet	use of an electrical outlet	being deprived of a functioning electrical outlet
rvb	power system protection unit (e.g., fusebox / circuit breaker box)	power system protection unit	use of power system protection unit	being deprived of a functioning power system protection unit
ňsl	electrical socket	electrical socket	use of an electrical socket	being deprived of a functioning electrical socket
lčl	lamp/powered local light	lamp	use of a lamp	being deprived of a functioning lamp
nkv	air-conditioning unit	A/C unit	use of an A/C	being deprived of a functioning A/C
ţgv	ceiling fan	ceiling fan	use of a ceiling fan	being deprived of a ceiling fan
nžx	heating unit	heater	use of a heater	being deprived of a functioning heater
ržx	HVAC unit	HVAC unit	use of an HVAC unit	being deprived of a functioning HVAC unit
žxl	fireplace	fireplace	use of a fireplace	being deprived of a functioning fireplace
bţr	outdoor swimming pool	outdoor swimming pool	use of a outdoor swimming pool	being deprived of a functioning outdoor swimming pool
gzň	sewer	sewer	use of a sewer	being deprived of a functioning sewer
gzv	cesspool	cesspool	use of a cesspool	being deprived of a functioning cesspool
gzx	septic tank	septic tank	use of a septic tank	being deprived of a functioning septic tank
pçt	bucket/pail	bucket/portable basin	use of a bucket/portable basin	being deprived of a functioning bucket/portable basin
vpř	wall mount/hanger	wall mount	use of a wall mount	being deprived of a functioning wall mount
žxr	chimney	chimney	use of a chimney	being deprived of a functioning chimney
šfl	built-in storage shelf	shelf	use of a shelf	being deprived of a functioning shelf
šfr	built-in storage drawer	drawer	use of a drawer	being deprived of a functioning drawer
mfw	railing/handrail/banister/balustrade	handrail	use of a handrail	being deprived of a functioning handrail
lmtr	hat rack	hat rack	use of a hat rack	being deprived of a functioning hat rack
lstl	coat rack	coat rack	use of a coat rack	being deprived of a functioning coat rack
pţt	furniture/furnishing/appliance	piece of functional furniture, to furnish	piece of decorative furniture, to decorate with	functional appliance
skf	table/shelf/platform	table	shelf	platform/stage/board for a specialized function
kšt	chair/stool/throne	🪑 chair	stool	ottoman/footstool
kštl	bench/couch/futon	bench	couch/sofa/divan	futon
nkl	bed/sofa bed/chaise longue	🛏️ bed	sofa bed	chaise longue
jkţ	workspace	workbench	countertop	drawing board
mty	cabinet	cabinet	display case	hutch/specialty cabinet
vtř	drawer/filing slot/rack	drawer	filing slot	rack
žnw	carpet/rug/mat	carpet	rug	mat
žny	pillow/cushion/bolster	pillow	cushion	bolster
rdw	building construction	constructing a building	constructing a commercial building	constructing a storage/workshop/studio/misc. building
sř	room/chamber/compartment	room/chamber	compartment	cubicle/partitioned section of a larger room
dbr	tower/spire	tower w/dwelling	tower w/ancillary space	spire on a building
kçm	balcony/landing/mezzanine/loft	balcony (outdoor)	landing (at the end of a stretch of stairs)	mezzanine/loft (partial floor/story above a full one)
ttļ	wall/partition/barrier	wall as boundary of inclosure	barrier as defense against visibility/intrusion	wall/partition as building component/architectural structure
ţlw	screen	partitioning with a screen	filtering with a screen	projecting onto a screen
kth	firmament/ground/floor	ground/firmament	land surface	floor
ţky	window/viewing aperture	aperture/window for seeing other side	window for letting in light	partition/window for limited physical access
žtļ	staircase/ladder/pedestal	staircase	ladder	pedestal/plinth/dais
nžh	bridge/winch/boom	bridge	winch/windlass	boom
rm	dwelling/domicile/house	dwelling/abode, where an entity dwells/lives	domicile (artificial dwelling for protection)	house (constructed residence with conveniences)
rhw	occupancy/tenancy/residency	occupancy	tenancy	residency
phw	urban residency/suburban residency/rural residency	urban residency	suburban residency	rural residency
čhw	relocation/resettlement/migration/refuge	relocation/resettlement	migration	refuge
šř	spacetime/space/passage of time	location/instance in spacetime	location in space	point/period in time
lc	pathway/roadway/channel	marked pathway/trail	marked roadway/route/street	marked conduit-like channel
kçn	map/diagram/blueprint	🗺️ map	diagram	blueprint
jg	dimensional attribute	degree of a dimensional attribute	decrease in a dimensional attribute	increase in a dimensional attribute
ẓb	planarity/local flatness	degree of local flatness	decrease in local flatness	increase in local flatness
čf	width/slenderness	degree of width	decrease in width	increase in width
ẓd	girth/circumference	degree of girth	decrease in girth	increase in girth
jn	length	degree of length	decrease in length	increase in length
ch	height	degree of height	decrease in height	increase in height
vj	amplitude	degree of amplitude	decrease in amplitude	increase in amplitude
zẓ	binary polarity/switching	degree of binary switching	decrease in binary switching	increase in binary switching
kč	outward reach	degree of reach	decrease in reach	increase in reach
ẓx	outward spread	degree of 2D spread	decrease in 2D spread	increase in 2D spread
vč	outward extent	degree of 3D extension	decrease in 3D extension	increase in 3D extension
bẓ	depth	degree of depth	decrease in depth	increase in depth
šl	thinness/thickness	degree of thinness	decrease in thinness	increase in thinness
jļ	spatial gap	degree of spatial gap	decrease in spatial gap	increase in spatial gap
gẓ	temporal interval	degree of elapsed time	decrease in elapsed time	increase in elapsed time
fc	3D volume	degree of 3D volume	decrease in 3D volume	increase in 3D volume
ţc	rectilinearity/straight-angledness/pointiness	degree of rectilinearity/pointiness	decrease in rectilinearity/pointiness	increase in rectilinearity/pointiness
gj	roundedness	degree of roundedness	decrease in roundedness	increase in roundedness
cf	levelness/overall flatness	degree of overall flatness	decrease in overall flatness	increase in overall flatness
cţ	2D shapelessness	degree of 2D shapelessness	decrease in 2D shapelessness	increase in 2D shapelessness
ẓţ	3D shapelessness	degree of 3D shapelessness	decrease in 3D shapelessness	increase in 3D shapelessness
ẓḑ	linear curvature	degree of linear curvature	decrease in linear curvature	increase in linear curvature
fkl	physical spatio-temporal extension	linear extension/reach	2D extension/spread	3D extension
tň	level/floor/tier	being on a level	being on the floor/story of a building	being on an abstract level/tier
tňw	row/file/queue	row	rank/file/line	queue
řtň	columnar position	position in horizontal column	position in front-to-back vertical column	position in queue
ňž	arrangement/order/symmetry	arranging/being arranged	ranking hierarchically	arranging symmetrically
ňžw	regularity/classification/assortment	being/making regular	being in/making a classification	being in/making an assortment
tr	linear motion	travel via linear motion	arrive via linear motion	depart via linear motion
pr	vertical motion	vertical motion	ascent/rise	descent
kr	oblique vertical quasi-linear motion	ascending descending at a slant	oblique ascent	oblique descent
dr	horizontal planar translative motion	movement between topical referent and second location	approach/getting nearer	recede/getting farther away
fr	parallel translative motion	movement along same path/trajectory as the topical referent	parallel movement in same direction alongside topical referent	parallel movement alongside but in opposite direction to topical referent
br	perpendicular-planar translative motion	lateral movement perpendicular to path/orientation	left-to-right movement relative to referent	right-to-left movement relative to referent
gr	oblique lateral translative motion	oblique lateral movement on same horizontal place as topical referent	oblique lateral movement approaching topical referent	oblique lateral movement receding from topical referent
gl	horizontal-planar range of motion	random directed movement in horizontal plane	random directed movement in horizontal plane approaching topical referent	random directed movement in horizontal plane receding from topical referent
dl	vertical-planar range of motion (random motion within)	random directed movement in vertical plane	random directed movement in vertical plane approaching topical referent	random directed movement in vertical plane receding from topical referent
kl	perpendicular-planar range of motion	random directed movement in vertical plane perpendicular to perspective of topical referent	random directed movement in vertical plane perpendicular to perspective of and approaching topical referent	random directed movement in vertical plane perpendicular to perspective of and receding from topical referent
pl	motion along parabolic/arc-like trajectory	parabolic movement	parabolic movement approaching topical referent	parabolic movement receding from topical referent
bl	motion in a curve	curved movement	curved movement approaching topical referent	curved movement receding from topical referent
fl	motion in a planar circular path	circular motion	counter-clockwise circular motion relative to topical referent	clockwise circular motion relative to topical referent
tl	generic/oblique 3-dimensional range of motion, i.e., 3D pervasive movement throughout or within a volume of space	generic/oblique 3-dimensional range of motion, i.e., 3D pervasive movement throughout or within a volume of space	arrive via oblique motions	depart via oblique motions
ţ	position/location/orientation/direction	spatial position of an entity	toward direction relative to the observer	from direction relative to the observer
ḑ	here (0/0/0)	position here	toward here	from here
ţy	up/above (0/0/+Z)	position up/above	upward	from above
ţw	down/below (0/0/-Z)	position down/below position	downward	from below
p	in front (0/+Y/0)	position in front	forward	from ahead
k	behind (0/-Y/0)	position behind	backward	from behind
f	right (+X/0/0)	position to the right	rightward	from right
v	left (-X/0/0)	position to the left	leftward	from left
py	front+above (0/+Y/+Z)	position in front & above	forward & upward	from ahead & above
pw	front+below (0/+Y/-Z)	position in front & below	forward & downward	from ahead & below
ky	behind+above (0/-Y/+Z)	position behind & above	backward & upward	from behind & above
kw	behind+below (0/-Y/-Z)	position behind & below	backward & downward	from behind & below
fp	right+front (+X/+Y/0)	position right & in front	rightward & forward	from right & ahead
fk	right+behind (+X/-Y/0)	position right & behind	rightward & backward	from right & behind
fy	right+above (+X/0/+Z)	position right & above	rightward & upward	from right & above
fw	right+below (+X/0/-Z)	position right & below	rightward & downward	from right & below
vb	left+front (-X/+Y/0)	position left & in front	leftward & forward	from left & ahead
vg	left+behind (-X/-Y/0)	position left & behind	leftward & backward	from left & behind
vy	left+above (-X/0/+Z)	position right & above	rightward & upward	from right & above
vw	left+below (-X/0/-Z)	position right & below	rightward & downward	from right & below
fpy	right+front+above (+X/+Y/+Z)	position right, in front, & above	rightward, forward, & upward	from right, ahead, & above
fpw	right+front+below (+X/+Y/-Z)	position right, in front, & below	rightward, forward, & downward	from right, ahead, & below
fky	right+behind+above (+X/-Y/+Z)	position right, behind, & above	rightward, backward, & upward	from right, behind, & above
fkw	right+behind+below (+X/-Y/-Z)	position right, behind, & below	rightward, backward, & downward	from right, behind, & below
vby	left+front+above (-X/+Y/+Z)	position left, in front, & above	leftward, forward & upward	from left, ahead, & above
vbw	left+front+below (-X/+Y/-Z)	position left, in front & below	leftward, forward, & downward	frpm left, ahead, & below
vgy	left+behind+above (-X/-Y/+Z)	position left, behind, & above	leftward, backward, & upward	from left, behind, & above
vgw	left+behind+below (-X/-Y/-Z)	position left, behind, & below	leftward, backward, & downward	from left, behind, & below
pk	position between in 2D	position amidst 2D	toward a position in 2D midst	from a position in 2D midst
dk	linear position between	position amidst one dimension	toward a position in one dimension	from a position in one dimension
tk	position between in 3D	position amidst 3D	toward a position in 3D midst	from a position in 3D midst
ḑd	separable position amidst 2D	position separable from 2D midst	toward a position separable from 2D midst	from a position separable from 2D midst
ḑb	separable position amidst 3D	position separable from 3D midst	toward a position separable from 3D midst	from a positition separable from 3D midst
ḑv	integrated position amidst 2D	position integrated in 2D midst	toward a position integrated in 2D midst	from a position integrated in 2D midst
ḑg	integrated position amidst 3D	position integrated in 3D midst	toward a position integrated in 3D midst	from a position integrated in 3D midst
nh	degree of proximity/distance	degree of linear spatiotemporal proximity	degree of linear spatial proximity	degree of temporal proximity/distance
ţf	positionally-defined component	part/section	built-in section	separable part
kf	back/rear	back	built-in back	separable back
dy	top/peak	top	built-in top	separable top
dw	bottom/foundation	bottom	built-in bottom	separable bottom
ḑy	upper half	upper half	built-in upper half	separable upper half
ḑw	lower half	lower half	built-in lower half	separable lower half
xw	innard/interior	interior	built-in interior	serparable interior
cl	lengthwise middle (parallel to tall/long axis)	lengthwise middle	built-in lengthwise middle	separable lengthwise middle
cr	widthwise middle (perpendicular to tall/long axis)	widthwise middle	built-in widthwise middle	separable widthwise middle
ẓl	median planar middle (splitting largest cross section left+right)	median planar middle (splitting largest cross section left+right)	intrinsic median planar middle (splitting largest cross section left+right)	separable median planar middle (splitting largest cross section left+right)
ẓr	frontal planar middle (splitting largest cross section front+back)	frontal planar middle (splitting largest cross section front+back)	intrinsic frontal planar middle (splitting largest cross section front+back)	separable frontal planar middle (splitting largest cross section front+back)
ẓw	transverse planar middle (splitting largest cross section top+bottom)	transverse planar middle (splitting largest cross section top+bottom)	intrinsic transverse planar middle (splitting largest cross section top+bottom)	separable transverse planar middle (splitting largest cross section top+bottom)
cw	center point	center point	built-in center point	separable center point
fḑ	side/flank	side/flank	built-in side/flank	separable side/flank
pf	front	front	built-in front	separable front
xl	inner surface	interior surface	built-in interior surface	separable interior surface
xr	exterior	exterior	built-in exterior	separable exterior
xḑ	outer corner	outer corner	built-in outer corner	separable outward corner
xt	outer edge	outer edge	built-in outer edge	separable outer edge
xk	outer seam	seam	built-in seam	separable seam
xf	handle/knob attachment	attachment point	built-in attachment point	separable attachment point
čḑ	inner corner	inner corner	built-in inner corner	separable inner corner
xḑr	outer straight edge	outer straight edge	built-in outer straight edge	separable outer straight edge
čḑr	inner straight edge	inner straight edge	built-in inner straight edge	separable inner straight edge
çp	action/movement in situ	action/motion in-situ	movement in-situ part of a larger whole	cyclic/oscillating in-situ movement
rçp	bodily pose/in situ movement/dance	bodily pose	in situ movement of body/limbs	dance
çc	track/trace/wake	trail of passage left by entity	1/2/3-dimensional wake/front left by passage of an entity	trail/wake left behind as demarcation/boundary
ḑç	other bodily movement	jumping/leaping/springing forth	stretching muscles/limbs	shaking body
ňby	fixed placement or positioning/parking/station-keeping	fixing in place	activation via particular placement	parking/station-keeping
ḑẓ	stay put/remain/retain/leaving as-is	staying put/remaining in place for short-term	staying put/remaining in place for long-term	leaving in place
ln	time of day	daytime	nighttime	o’clock time
rv	temporary duration	moment/instant	“while”	portion of a day
rw	short-term conventionalized time period	second	minute	hour
ř	conventionalized time period	day (24-hour period)	week	month (lunar period)
rḑ	conventionalized time periods	calendrical/designated day	calendrical/designated week	calendrical/designated month
rn	longer time periods	designated/calendrical year	designated/calendrical decade	designated/expected lifetime
řţ	long-term time period	calendrical century	calendrical millennium	calendrical ten-thousand year period
řň	epoch-length time periods	geologic age	geologic epoch	geologic era
rp	cycle/pattern/iteration	something with a cycle/pattern of regularity	something with a particular cycle/pattern of regularity	something manifesting iteration/recurrence
kt	past/present/future	past event/occurrence/entity	present event/occurrence/entity	future event/occurrence/entity
km	punctuality/earliness/lateness	degree of punctuality	something early	something late
rš	stage/step/phase of a process	step/stage/phase in a process	degree/grade on a progressive/scalar gradient	section/sub-unit/discernible potion of a structured entity
tph	schedule/timetable/itinerary/calendar	schedule/timetable	itinerary	calendar
lpš	refresh/renewal/update	refresh	renewal	update
sl	thought/idea/contemplation/concept/reason/analyze	thinking/cogitation	consideration/mulling	reasoning
ksl	idea/analysis/abstraction/concept	idea	analysis	abstraction/concept
řsl	mode of thinking/mode of analysis	critical/logical thinking	imaginative/instinctive/creative thinking	lateral thinking
msl	deduction/inference/insight	deductive thinking	inference	deductive insight
ltç	suggestion/advice/proffer/recommendation/proposition	suggestion	advice	recommendation
ňtç	proposition/counseling/advocacy	proposition	counseling	advocacy
ḑx	voice/vocal utterance	making a sound vocally, vocalizing (bark, meow,...)	making a typical vocalization (speaking, meow, bark, whinny, chirp, roar)	making a less common sound made by an entity
fçw	deliberately affected vocal sound	vocal whistling	whisper	vocal mimicking
mmw	vocalization of distress or pain/cry/weep/scream	vocal sound of distress/pain (e.g., moaning, howling, etc.)	crying/weeping	screaming
m	linguistic communication	linguistic utterance for communication	linguistic utterance for rhetorical/inspirational purposes	phoneme/morphophonemic component of speech
ň	write/inscribe/document	writing down	composing in writing	written character/glyph/symbol
ňty	document/written page/linguistic grapheme	document	written page	linguistic grapheme
pç	read/recite/erudition	reading, gathering information through writing	reading aloud/reciting	acquiring knowledge/expertise via reading
ţč	sign/mark/symbol/visual means of indication/representation	sign	mark/trail	gesture
rţč	official sign or signal/emblem/insignia/logo/symbol	official sign or signal	emblem/insignia/logo/symbol	linguistically representational mark/symbol
fç	description/specification/delineation	describing something	specification	delineation/describing in clinical/organized detail
fçm	account/narrative/story/tale	account	narrative/story	setting forth of thoughts verbally or in writing
fçn	fictional story/tale/plot/story arc	fictional story/tale	plot/story arc	story theme/story moral
tt	salutation/greeting/introduction	greeting	hailing/getting the attention of	social introduction
ttr	leavetaking/goodbye/farewell	taking one's leave casually	saying goodbye	bidding a formal farewell
ẓky	modulation of electromagnetic wave for communication purposes	amplitude modulation	frequency modulation	polarity modulation
msx	play-on-words/pun/double-entendre	play-on-words	pun	double-entendre
dn	name/designation/title	name	designation/reference	label
rdn	title/role	title (phrase acting as name)	title (formal designation)	role (formally assigned functional niche or societal status)
nd	question/answer/inquiry	question & answer	questioning/querying	answering/responding
ndl	inquiry/investigation/research/discovery	inquiry	investigation/research	discovery
rrj	assertion/certainty/assurance/allegation/affirmation	assertion/certainty	assurance/allegation	affirmation
tfl	offer/invitation/acceptance	offer	invitation	acceptance to invitation
vžř	metaphor/metanym/allegory	metaphor	metanym	allegory
fx	degree of confidence/humility	degree of confidence	degree of humility	degree of authoritativeness
nx	degree of furtiveness/covertness	furtive/covert	obscure/obfuscated/difficult to discern/interpret	sneaky/stealthy/surreptitious
mţ	degree of publicity/privacy/availability	degree of publicity/notoriety vs secrecy	degree of privacy/concealment	degree of diffusion/availability
vvt	tact(fulness)/ingratiate/obsequiousness/sycophancy	tactfulness	ingratiation	obsequiousness/sycophancy
llm	self/identity/personality	oneself	sense of identity	personality
cč	modesty/humbleness/meekness	being modest	being humble	being meek
žžt	ordinariness/unoriginality	being ordinary/commonplace	being matter-of-fact/down-to-earth/prosaic	being unoriginal/predictable
ḑxw	resting/taking a break/vacation/holiday/sabbatical	rest/taking a break	taking a vacation/holiday	sabbatical
msf	abandonment/giving up on/resignation	giving up on/losing hope on	abandonment	resignation
rmsf	renunciation/desertion/abdication	renunciation	desertion	abdication
ňňs	solicitation/urging/insisting/entreaty/prayer	solicitation/plea/supplication	urging/begging/imploring/insisting/entreaty	prayer
rňs	claim/lawsuit/appeal	claim/seek indemnification	lawsuit	appeal
pļļ	humor/wit/jest	humor	wit	jest/farce
rpļļ	jest/prank/joke	joke	jest	prank
my	gratitude/thankfulness/praise	offering gratitude for a favor/honor/courtesy performed	offering gratitude for being saved from an adverse situation	offering gratitude merely as a superficial courtesy
rmy	praise/being beholden	praise	gratefulness	being beholden
lļ	acknowledgment/revelation/admission	acknowledgement	disclosure/revealing	admission/conceding
lļw	assent/acquiescence/confession	assent/acquiescence	divulgation/exposure	confession
nf	partnership/colleague	partnering	in league with another, one’s fellow-X/co-X	colleague
mfl	union/betrothal/marriage	union	engagement/betrothal	marriage
mž	sexual/romantic relationship	sexual/romantic relationship between parties	sexual relations, sex	pursuing a sexual/romantic relationship, dating/courting
bžg	prostitution/pimping	prostitution	requesting sex from prostitute	pimping
jv	cooperation/team/collusion	cooperating	forming a team, teaming up with	colluding
jvy	collaboration/collusion/conspiracy	collaboration	collusion	conspiracy
ppļ	celebration/party/fête	celebration	party	fête
kb	association/dealing with/relation to/engagement with	dealing with	pertaining to	becoming involved with
nţr	usefulness/service/assistiveness	usefulness	potentially serving a function	potentially being of assistance
nn	help/assistance/support	aiding/helping	assisting/lending a hand	supporting/advocating
nnw	ministry/patronage/sustenance/endorsement/championing	ministry	patronage	sustenance/endorsement/championing
mk	imitation/mimicry/believe	imitating	mimicking/feigning	pretending/-believing
mkr	simulation/impersonation/dramatic acting	simulation	impersonation	dramatic acting
šg	capture/catch/apprehension/seizure/take-over	capture/apprehension/seizure	catch	co-opt/take-over
ršg	detention/confiscation/abduction	detention	confiscation	abduction
řsg	takeover/usurpation/coup	taking over governance	usurping	staging a coup
tkw	attendance/presence	presence	attendance	surprise presence
zm	flee/escape/evasion/elude/shirk	fleeing	evading	desertion/abandoning
ňt	privacy/seclusion/isolation	being private	being secluded/solitary	being isolated
jnw	attribution/credit/public recognition	attribution	public recognition	credit
rjn	award/prize	award/prize	giving an award/prize	receiving an award/prize
pv	ignore/disregard/state of denial	ignoring	disregarding	denying
žh	avoid/shun/eschew	avoidance	shunning	eschewing
ržh	rejection/ostracization/banishment/boycott/embargo	rejection	ostracization/banishment	boycott/embargo
fč	exclude/banishment/ostracization	excluding an entity from something	expulsion/ejecting an entity	banishing an entity
rfč	sequestering/deportation/expatriation	sequestering	deportation	expatriation
jkw	tendency/preference/inclination/aptness	tendency	preference/inclination	aptness
jky	trend/predisposition/bias	trend	bias	predisposition
jkf	personal taste/preference/proclivity/inclination	personal taste/preference	proclivity	inclination
n	transfer of possession/give/receive	transfer of possession	giving	receiving
nxw	delivering/sending/bringing	transfering/delivering/conveying	sending	bringing
dv	exchange	exchanging/swapping	taking something offered in an exchange	giving away something in an exchange
rdv	commercial exchange/price/cost/purchase/buy/sell	commerce/price/cost	purchasing/buying	selling
dň	commercial enterprise/business/industry	conducting business as a commercial enterprise	making a commercial product available for purchase	industrial enterprise
šč	money/financial transaction/banking	medium of exchange	money/currency	quasi-contractual document
ršč	earn money/raise money/accounting	monetary accumulation/earning money	monetary accumulation via investments in financial instruments	financial accounting
ţkw	contract/employment/job	contractual agreement	enforcing/being under a contract	employment/hiring contract
štļ	one's pay/earn payment/wage/salary	one's pay	wage	salary
špļ	material wealth/being rich/material poverty/being poor	accuring an amount of material wealth	being rich	being poor
tpļ	fee/levy/tax/fine	fee	tax/levy	fine
çpļ	investment	investment	investment of money and material goods	formal financial investment
kn	deserve/worthiness/reward	deserving of something	worthy, to merit	granting a party what they deserve
rkn	entitlement/enrollment/conferring/ordainment/anointment	entitlement	enrollment	conferring/ordainment/anointment
bç	registration/application/enlistment/reservation	registration/application	enlistment	reservation/booking
mby	promise/oath/vow/pledge	promise	vow/pledge	oath
mfm	assurance/vouching for/guarantee/underwrite	assurance/vouching for	guarantee	underwrite
mfn	compensation/reimbursement/reparation/insurance/indemnification	reimbursement	compensation/reparation	insurance/indemnification
mfy	loyalty/allegiance/bond/fellowship	loyalty/allegiance	moral/emotional/legal bond	fellowship
vẓ	subjective interpretation/“reading”	interpreting signs	reading a subjective situation	reading arcane signs
rb	meaning/translation/interpretation	meaning/signification/denotation	translation	interpretation (acting as skilled medium for an audience)
rbr	definition/explanation/exposition/elucidation	definition	explanation	exposition/elucidation
řw	clarity/perspicuity/pellucidity/explicitness/precision/meticulousness	clarity/perspicuity/pellucidity	explicitness	precision/meticulousness
jň	opposition/fighting/defiance	being opposed to something/someone	working against something/someone	fighting, being violent towards something/someone
rjň	conflict/antipathy/defiance/passive resistance	conflict/antipathy	defiance	passive resistance
jth	violence/fighting/war	violence	fighting	war/enmity
jbw	rental	renting	renting a service/entity	offering a service/entity for rent
jby	leasing	leasing	leasing a service/entity	offering a service/entity for lease
ḑf	government	governing/governance	being political	group of authorities recognized as a government
ḑt	representative government	democratic government	republican government	federalist government
llk	monarchal government/totalitarian government/oligarchical government	monarchal government	totalitarian government	oligarchical government
ẓt	law/statute/legal compliance	law/statute	legal compliance	rule of law
ẓtr	legal enforcement/legal authority	legal enforcement	legal authority	legal jurisdiction/applicability
ẓdy	criminal warrant/seizure of evidence/detention of suspect/arrest of suspect	criminal warrant	seizure of evidence/detention of suspect	arrest of suspect
ẓdr	incarceration/arraignment/indictment	incarceration	arraignment	indictment
ẓtl	criminal adjudication/crime/prosecution/verdict	criminal adjudication/crime	prosecution	weighing of evidence/verdict
rẓt	punishment/justice/sentence/penance	punishment	justice/sentence	penance
gžž	corruption	moral/ethical corruption	legal/business/governmental corruption	material corruption
xč	murder/homicide/manslaughter	murder/homicide	negligent homicide	manslaughter
rxč	homicide in self-defense/assassination/execution	homicide in self-defense	assassination	legal execution
xtř	battery/aggravated assault/maiming/torture	battery/aggravated assault	maiming	torture
xpř	sexual harassment/sexual assault/rape	sexual harassment	sexual assault	rape
dpl	theft/burglary/robbery	theft	burglary	robbery
rdpl	embezzlement/loot/plunder	embezzlement	looting	plundering
dpr	kidnapping/false imprisonment/conscription	kidnapping	false imprisonment	conscription
dpw	blackmail/extortion/larceny	blackmail	extortion	larceny
dpy	*quid pro quo* arrangement/bribery	bribery	offering of bribery	accepting of bribery
dpř	trade in stolen goods	trade in stolen goods	offering of stolen goods	receiving of stolen goods
rdpř	smuggling	smuggling	offering of smuggled goods	receiving of smuggled goods
dpç	fraud/breach of contract/forgery/counterfeiting	fraud	breach of contract	forgery/counterfeiting
dpļ	plagiarism/intellectual property theft/copyright infringement	plagiarism	intellectual property theft	copyright infringement
řj	privacy violation/stalking/assault	privacy violation	stalking	physical assault
bč	kin/extended family relation	family relation	genetic/marital family relation	adoptive family relation
mp	nuclear family member	parent	child	grandparent
mm	member of parent-offspring relation	biological parent/progenitor	biological child	biological grandparent
vv	step-kin relations	step-parent	step-child	step-sibling
sr	sibling relations	sibling	maternal half-sibling	paternal half-sibling
lh	collateral familiar relation	parent’s sibling	sibling’s child	parent’s sibling’s child
pss	experience/perceive/live	experiencing and perceiving one’s present moment in life	thinking/considering one’s present moment in life	manipulating one's experience and perception of a given moment in one’s life
gv	desire/want	want/desire	wish/hope	aspiration
rgv	request/demand	request	demand	warrant/subpoena
vk	attraction	physical attraction	philosophical attraction	emotional attraction
ry	freedom/self-determination/independence	free, not subject to another’s restriction/oversight	self-determined, determining oneself	independent, unaffiliated with another party
šj	being busy/occupy oneself/activity/duty/job/obligation	being busy/occupy oneself	activity	duty/job/obligation
ňs	reputation/public image/prestige	reputation	public image	sense of prestige
rz	authority/obedience	enforceable authority and obedience thereto	mastery/parental authority and obedience thereto	enforceable governmental authority and obedience thereto
rzw	occupational authority/slavery/military authority	occupational authority	slavery	military authority
ţkh	armed security/police/armed forces	armed security	police	armed forces (army/navy/marines/coast guard, etc.)
lp	pride for another/respect/admiration	being proud for a party	having respect for a party	having admiration for a party
nz	goodwill/friendliness/being nice	being nice to another	goodwill/kindness	amicability/friendliness
rnz	amicability/friendship/peace	amicability/friendliness	friendship	peace
lţm	welcome/hospitality/guest	welcome	hospitality/guest	paid accommodation/paying guest
ļl	visit	visiting someone socially	visiting a place, sightseeing	visiting formally
b	belief/doctrine/dogma	believing	faith/belief in doctrine	dogma/unquestionable belief
bs	religious belief/worship	holding a religious belief	member of an organized religion	worshipping of a religious deity
ļļtļ	afterlife/heaven/purgatory/hell	heaven/paradise	purgatory	hell/underworld
mx	apostasy/heresy/iconoclasm	apostasy, losing one’s faith/belief	heresy	iconoclasm
tp	mindfulness/alertness/wariness/caution	mindful	alert	cautious
šf	exaggeration/embellishment/overstatement/hyperbole/over-reaction	exaggeration/embellishment	overstatement/hyperbole	over-reaction
rţ	annoyance//bother/harassment	annoying/vexing/irritating	bothering/pestering/nagging	harassing
fpļ	rationalization/whitewashing/cover-up	rationalization	whitewashing	cover-up
rkš	buffoonery/absurdity/surrealism/eccentricity	buffoonery	absurdity	surrealism/eccentricity
kš	clownery/artistic absurdity/artistic surrealism	performing as a clown	absurdist/”dada-esque” art	surrealist art
rj	embarrassment/shame/humiliation	embarrassment	shaming/pressuring someone	humiliation/abasement
vp	laxity/leniency/negligence	lax	lenient	negligent
ňz	criticize/disparage/denigrate	criticizing/disparaging/denigrating	rebuking/scolding/berating/reproaching	defaming/slandering/libeling
tç	intention/decision/determination	intention	decision	determination
rtç	purpose/judgement/resolution	having purpose	judging	resolving
tb	audacity/“nerve”/confrontation/defiance	audacity	face adversity	civil disobedience
čč	naivete/foolishness/ignorance	being naïve/foolish (failure due to bad analysis)	being obtuse/clueless (failure to draw appropriate conclusions)	being ignorant/unaware
řz	disinterest/probity/honesty/sublimity/nobility/virtue	disinterest	probity/honesty	sublimity/nobility/virtue
sţ	magnanimity/accepting/tolerance/resignation	forgiving	accepting adverse circumstances	resigned to adverse circumstances
bx	generosity/altruism/self-sacrifice	being/acting generous	being/acting altruistic	self-abasement/self-abnegation
ls	amiability/vivaciousness/boisterousness	friendly/amiable	vivacious	larger-than-life/boisterous
mf	appreciation/honoring/veneration	appreciating/commending a party	honoring upon someone	venerating/revering a party
čr	hostility/aggression/harm	verbal abuse; attacking someone verbally	being passive-aggressive towards someone	being physically hostile/aggressive towards someone
rrs	urgency/hurry/haste/exigency/emergency	urgency/hurry/haste	exigency	emergency
msk	necessity/requirement/demand/order	necessity/requirement	demand	order/command
rmsk	imperative/mandate/ultimatum	(stating an) imperative	(mandating an) injunction	(issuing an) ultimatum
ļň	psyche/mind	one’s psyche (conscious+unconscious mind)	one’s conscious mind	one’s unconscious mind
rl	sentience/subjectivity	sentience	subjectivity	subjective experience
ļd	moral value/virtue/principle	moral value	personal virtue	moral principle
vžw	spirituality/transcendence/universal oneness	spirituality	personal transcendence	universal oneness
ḑk	mental image/imagination/creativity	mental representation	imagination, imagining	creative
žḑ	supernatural or spiritual entity	supernaturality	ghost/spirit/zombie	entity associated with a supernatural realm
kšk	fantastic or imaginary being or creature/monster	fantastic or imaginary being/creature	monster	alien/extraterrestrial being
sml	magic/miracle/supernatural/occult	magic	miracle	supernatural/occult
smr	psychic ability/paranormal power	psychic/paranormal ability (e.g., telekinesis, telepathy, levitation, ESP, pyrokinesis, precognition)	paranormal ability beyond normal bodily/mental range (e.g., super strength, X-ray vision, inability to be frozen or burn)	casting a magical spell
lsml	mediumship/psychometry/astral projection	mediumship/channeling (ability to communicate with spirits)	psychometry/psychoscopy (ability to obtain information about an entity through touch)	astral projection/mental projection (ability to voluntarily project the consciousness of an entity outside of its body)
lsmr	telekinesis/pyrokinesis/automatic writing	telekinesis/psychokinesis	pyrokinesis (ability to start/control heat/flame)	automatic writing
nsml	precognition/postcognition/remote sensing	precognition/premonition	postcognition/retrocognition	remote sensing/telesthesia
nsmr	telepathy/energy medicine/psychic surgery	telepathy	energy medicine (ability to heal with one’s mind)	psychic surgery (ability to remove a disease/disorder within a body via an energetic incision that heals immediately afterwards)
rsml	levitation/transvection/walking on water/dowsing	levitation/transvection	walking on water	dowsing
rsmr	invisibility/apportation/ability to pass through solid objects	invisibility	apportation	ability to pass through solid objects
ňsml	divination/fortune-telling/aeromancy	divination (“reading” signs/portents in objects, aeromancy, haruspexy)	fortune-telling	aeromancy
ňļ	existence/reality/solipsism	ontologically extant/real	epistemologically real	solipsistic existence (i.e. of one's own psyche)
lç	psycho-social identity	one’s psychological identity	realizing that one’s psychological identity is changing/surfacing	transitioning to a particular psychological identity
nš	proper behavior/manners/civility	well-behaved	well-mannered	having decorum/civility
nšw	dignity/politeness/courtesy/noble-breeding	dignity	politeness/courtesy	noble-breeding
mbr	success/competition/winning/achievement	striving toward	competing	working toward
pg	fooling/psycho-linguistic manipulation/hypnosis	fooling another party (into something)	toying with someone, manipulating them to  them feel bad	hypnotizing someone
ẓk	self-righteousness/sanctimoniousness/hypocrisy	self-righteousness/sanctimoniousness	unctuousness	hypocrisy
čx	irrationality/hysteria/paranoia	being/acting irrational	being hysterical, impervious to serenity	being paranoid
ţv	intelligence/astuteness/perspicacity	intelligent	astute	far-sighted
čp	stupidity/shallowness	stupid/dumb/simple-minded	non-intellectual/non-conceptual in one's thinking	shallow/anti-intellectual
rs	sincerity/honesty/guilelessness	being sincere/personally genuine	being honest (without deceit)	being guileless (without ulterior motive)
jm	degree of open-mindedness/sympathy/tolerance* (lžv)	degree of open-mindedness	being able to see the world from a relative perspective	degree of sympathy/tolerance/impartiality
tř	respect/esteem/honor	respected	respectable	honorable
žt	modesty/humility	modesty/humility	demureness/reservation	unassumingness/unobtrusiveness
çf	civility/peaceableness	being/acting civil	peacekeeping	peaceable/peace-inspiring/non-violent
vsp	condonation/placating/appeasement/propitiation/conciliation	condoning/forbearance	attempting to placate/appease	propitiating/conciliating (trying to gain another’s good will/grace)
řš	shyness/bashfulness/timidity/cowardice	diffident/shy/bashful	timid/timorous	cowardly/faint-hearted
cj	smugness/conceit/foppishness	conceited, full of oneself	smug, act smugly	prim/foppish/priggish
fļ	pomposity/boasting/one-upmanship	pompous/pretentious	bragging/boasting about something	one-upping someone
rfļ	vaingloriousness/megalomania/self-aggrandizement	vaingloriousness	megalomania	self-aggrandizement
zč	self-concern/selfishness/self-centeredness	self-centered	selfish	whim-worshipping
ţg	self-interest/individuality/integrity	aware of one’s self-interest	individualistic	have personal integrity
ẓm	heedlessness/impetuosity/imprudence/indiscretion/temerity/foolhardiness/rashness	heedlessness/impetuosity	imprudence/indiscretion	temerity/foolhardiness/rashness
šx	arrogance/haughtiness/insolence	arrogant	haughty	insolent
pšx	"condescension/patronizing behavior/""babying"""	condescension	patronization	"""babying"""
ňẓ	emotionalism/whim-worshipping/mysticism	emotion/melodrama driven in one’s daily decisions	whim-driven in daily decisions	relying on mysticism/supernatural for one’s life decisions
řy	degree of capacity for emotion	degree of emotional/intellectual engagement or interest	degree of emotional engagement/involvement or devotion	degree of capacity for or depth of emotional engagement/involvement or interest
řny	degree of emotional/intellectual fulfillment/stability/openness	degree of emotional/intellectual fulfillment	degree of emotional/intellectual stability	degree of emotional openness with one’s emotions
xţ	degree of concern/empathy/care/indifference/neglect	degree of concern	degree of oversight	degree of vigilance
řh	degree of trustworthiness/reliability/dependency	trust (worthiness)	reliance upon (helped by another)	dependency upon (determined by another)
fs	waiting/expectation/readiness	anticipating/expecting/awaiting something	readiness/preparedness for an expected event	readiness/preparedness in case of an unexpected event
cb	motive/intention	having a motive/basis for one's intention	having a purpose/intention/goal	having an incentive/stimulus
rcb	principle/basis/aspiration/will	principle/basis	aspiration	will
dh	degree of directness/frankness/obviousness	direct/blunt/frank (easy to understand)	obvious/blatant (impossible not to notice)	straightforward/simple
by	common-sense/prudence/wisdom	having common sense	being prudent/circumspect/discerning	being wise/sagacious based on analysis/introspection
rby	practicality/pragmatism	exercising practicality	exercising pragmatism	being driven by value-based analysis
šby	insight/astuteness	being insightful	being astute	“seeing through” something/someone (for true nature/purpose behind a façade/guise/ruse to be transparent)
mš	courage/bravery/valor	brave (undaunted by danger)	courageous/intrepid	valourous/gallant/bold
kj	”toughness”/resiliency	“toughness”/perseverance	personal resilience	“antifragile”, i.e learning from a hardship
žž	nosiness	being nosy	prying in	interfering
jf	indecisiveness/fickleness/unreliability	being indecisive	being fickle	being unreliable
šr	mood/temperament/countenance/behavior/demeanor	mood	behavior	temperament/countenance/demeanor
žm	outlook-on-life/sense-of-life/personal value/character	outlook-on-life/sense-of-life	personal value	character
šţ	recognition/consideration of another's perspective/compromise’	seeing/understanding another party’s perspective or point of view	"creating a ""win-win"" situation based on consideration of another's perspective"	recognizing the value of, or necessity for, compromise
xtļ	settling for/compromise/concession/resignation	settling for middle ground/good enough solution/compromise	conceding viewpoint/stance, allowing opponent’s position to prevail	giving up/resigning
jt	familiarity/custom/tradition	something familiar	something customary	something traditional
ẓẓ	effrontery/appall/aghast	effrontery	appall	aghast
lzp	ironic fortuitousness/dramatic irony	situation one believes/assumes that fortuitously doesn't exist/occur	seemingly bad situation that ironically ends up being worth the undergone turmoil	dramatic irony of others having important knowledge another is ignorant of
ššč	coincidence	coincidence	temporal coincidence	spatial coincidence
lf	degree of luck/chance/probability	degree of luck/fortune	degree of fate/chance	degree of probability
mll	ironic relief/ironic surprise	ironic surprise + relief + exasperation	negative astonishment	negative wonder
llh	unexpected/exasperated bewilderment	exasperated bewilderment	angry surprise	emotional shock and not knowing what to do/say
nnţ	single-mindedness/presumptuousness/narrow-mindedness	single-mindedness	presumptuousness	narrow-mindedness
mmž	irony/sarcasm	situational irony of a situation different from what is assumed/appropriate	verbal irony of a connotation different from the literal interpretation	sarcasm of covert ridicule that at face value appears appropriate and without exaggeration
řs	acceptance/consent/agreement	degree of acceptance/tolerance	degree of assent/consent	degree of agreement/accordance
řsw	permission/affirmation/confirmation/approval/endorsement	permission	affirmation/confirmation	approval/endorsement
ḑm	bluff/trick/disguise	bluffing/misleading/feinting	tricking	disguising
rḑm	deception/cheat/swindling	deception	cheating	chicanery/swindling
řf	fooling/legerdemain/magic trick	fooling/duping	legerdemain	magic trick (for entertainment)
pj	justification/vindication/exhonderation	justification	vindication (being proved right after the fact)	exoneration/acquittal
ḑn	lying/dishonesty/perjury	lying/stating a falsehood	being dishonest/disingenuous	perjury
čl	betrayal/treachery/infidelity	breaking/betrayal of one's promise/trust	doing something devious/underhanded	going behind one's back, deceiving one's trust
rčl	treachery/perfidy/infidelity/treason	treachery/perfidy	infidelity	treason
rž	revenge/vengeance/vindictiveness	revenge/vengeance	retaliation	vindictiveness (desire for revenge)
ççt	contemplation of life	contemplating one’s mortality and that there is nothing one can do about it	contemplating whether one’s life has any ultimate or lasting meaning/purpose	contemplating whether there is an afterlife
sļ	faux pas	faux pas	awareness of faux pas	self-restraint to avoid faux pas
žř	tease/ridicule/snickering/sniggering/scoffing	tease	ridicule	snickering/sniggering/scoffing
řžř	derision/mockery/parody/satire	derision/mockery	parody/caricature	satire/lampooning
ţš	introspective contemplation/ethical well-being/growth	introspection	ethical maturity	discovering vanity of long-awaited vengeance, having matured ethically
jḑ	predicament/crisis/dilemma	being in/facing a predicament	being in/facing a crisis	being in/facing a dilemma
ļy	witnessing	witnessing something	witnessing something one didn’t wish to	witnessing something inappropriate/taboo
ļph	contemplation of the world's complexity/absurdity	contemplation of the brevity of one's understanding of the world in one's life	contemplation of the similarity of others' lives with one's own life	contemplation of the ubiquity of the small everyday absurdities of life
çř	hindsight	hindsight about something	discovering in hindsight that one missed an opportunity by fear	discovering in hindsight that a well-intentioned act backfired
řl	mistake discovered through hindsight	changing one’s mind after consequences of a decision/opinion	discovering one has misread/misjudged a party after having acted	finally understanding a previously complex situation when it’s too late
sky	humble lifestance	humble lifestance as mental/emotional experience	humble lifestance as basis for one's persona	humble lifestance as aesthetic principle or basis for artistic self-expression
nkr	one's surroundings/home/the world	home	enviromental circumstances	the world
mgr	zone/habitat/environmental niche	being in/inhabiting a zone	being in/inhabiting a habitat	being in an environmental niche
ltm	social interaction/societal norm/social responsibility/member of society	social interaction/societal norm	social responsibility	member of society
çtļ	tradition/custom/ritual/ceremony	tradition	custom (cultural)	ritual/ceremony
ţkl	setting/place/site/venue	setting	place/site	venue
vtw	restricted access/authorized entry/fare/ticket	restricted access	authorized entry	fare/ticket
ly	work of art	creating a work of art	creating something aesthetic/artisanal	appreciating/contemplating a work of art
lcy	illustration/visual depiction/visual design/visual model	illustration/visual depiction	visual design	visual model
lţy	visual design/artistic representation	producing a 2D visual image/representation	creating a visual design manually	crafting a 3D visual representation/model
zḑ	foresight/prediction/prognostication	foresight	prediction	prognostication
lçp	boredom/tedium/insipidity	boredom	tedium	insipidity
dç	retirement/senescence/dotage/senility	retirement/stepping down	senescence/old age	dotage/senility
lçl	complementary relationship/interaction	complementary interpersonal relationship	alpha party of an interpersonal relationship	beta party of an interpersonal relationship
ntn	predation⬌prey	state/act of a predation/prey relationship	state/act of predation	act/state of being stalked/preyed upon
vky	leader/director⬌follower	leader/director⬌follower relationship	leader/director	follower
ddw	sage/guru⬌disciple	sage⬌disciple relationship	sage/guru	disciple
ddy	teaching⬌student	teacher⬌student relationship	teacher, teaching	student
jbv	lending⬌borrowing	lending⬌borrowing relationship	lending	borrowing
jbř	offering credit⬌being in/paying off debt	offering credit⬌being in/paying off debt relationship	offering credit	being in/paying off debt
sxw	criminal⬌victim	criminal⬌victim relationship	criminal	victim of a crime
tnw	jailing⬌prisoner	jailing⬌prisoner relationship	jailing	prisoner
tny	enslaving⬌slave	enslaving⬌slave relationship	enslavement	slave
bšt	religious leader⬌disciple	religious leader⬌disciple relationship	religious leader	religious disciple
vsw	performing⬌attending arts performance	arts performer⬌attender relationship	arts performer	attending an arts performance
vsy	visual arts exhibiting⬌attender	visual arts exhibition⬌attender relationship	visual arts exhibitor	visual arts exhibition attender
vsm	author⬌reader of a written work	author⬌reader relationship	author (relation w/reader)	reader (relation w/author)
vsn	music composer⬌listener	music composer⬌listener relationship	music composer (relation w/listener)	music listener (relation w/composer)
nsf	celebrity⬌fan	celebrity⬌fan relationship	celebrity	fan
řdm	physician⬌patient	physician⬌patient relationship	physician/medical doctor	medical patient
scw	interviewer⬌interviewee	interviewer⬌interviewee relationship	interviewer	interviewee
sčw	interrogator⬌interrogatee	interrogator⬌interrogatee relationship	interrogator	interrogatee
ẓj	intimidation⬌being intimidated	intimidation⬌being intimidated relationship	intimidation	being intimidated
ẓxm	making a threat⬌being threatened	making a threat⬌being threatened relationship	making a threat	being threatened
ẓxw	harassment⬌being harassed (non-sexual)	harassment⬌being harassed relationship (non-sexual)	harassment (non-sexual)	being harassed (non-sexual)
ẓxl	menace⬌facing a menace	menace⬌facing a menace relationship	menace	facing a menace
ẓxr	bullying⬌being bullied	bullying⬌being bullied relationship	bullying	being bullied
ňtř	nagging⬌being nagged	nagging⬌being nagged relationship	nagging	being nagged
kšy	clairvoyance⬌seeking the services of clairvoyance	clairvoyance⬌seeking the services of clairvoyance relationship	clairvoyance	seeking the services of clairvoyance
rxn	mage/wizard⬌seeking the services of mage/wizard	mage/wizard⬌seeking the services of mage/wizard relationship	mage/wizard	seeking the services of mage/wizard
zgw	matchr⬌being a party matched	matchr⬌being a party matched relationship	matchr	being a party matched
lxm	supervisor/boss⬌underling	supervisor/boss⬌underling relationship	supervisor/boss	underling
lxn	employer⬌employee	employer⬌employee relationship	employer	employee
ḑdy	commisioning patron⬌commisioned artist	commisioning patron⬌commisioned artist relationship	commisioning patron	commisioned artist
lt	autocrat⬌subject	ruler’s autocracy and a subject’s submission	ruling as an autocrat	submitting to an autocrat as a subject
bšk	orator⬌audience member	orator⬌audience member relationship	orator/speech-r	audience member
fkr	idol⬌sycophant	idol⬌sycophant relationship	idol	sycophant
ntm	master⬌servant	master⬌servant relationship	master	servant
mpl	advice⬌seeking advice	advice⬌seeking advice relationship	advice/counsil	seeking advice
šth	lawyer⬌seeking the services of lawyer	lawyer⬌seeking the services of lawyer relationship	lawyer	seeking the services of lawyer
bšp	authority⬌petitioner	authority⬌petitioner relationship	authority	petitioner
čxl	pet owner⬌pet	pet owner⬌pet relationship	pet owner	pet
pps	criticism⬌receiving criticism	criticism⬌receiving criticism relationship	criticism	receiving criticism
stm	psychological manipulation⬌being psychological manipulated	psychological manipulation⬌being psychological manipulated relationship	psychological manipulation	being psychological manipulated
ļkr	consideration of forgiveness⬌soliciting forgiveness	consideration of forgiveness⬌soliciting forgiveness relationship	consideration of forgiveness	soliciting forgiveness
ļgw	granting of excuse/pardon⬌requesting to be excused/pardoned	granting of excuse/pardon⬌requesting to be excused/pardoned relationship	granting of excuse/pardon	requesting to be excused/pardoned
ļgy	consideration of amnesty⬌soliciting amnesty	consideration of amnesty⬌soliciting amnesty relationship	consideration of amnesty	soliciting amnesty
nsţ	invader⬌invadee	invader⬌invadee relationship	invader	invadee
šk	external sensation/external sensory perception	sensation	sensory organ	sensory faculty
ňj	awareness	being aware of	keeping in mind	being down-to-earth/having one's bearings
mgř	interoception	interoceptive sensation	interoceptive organ	interoceptive faculty
lvř	proprioception/kinaesthesia	proprioceptive sensation	proprioceptive organ	proprioceptive faculty
ndř	vestibular sensation	vestibular sensation	vestibular organ	vestibular faculty
c	hearing/sound	hearing a sound	inner ear	one’s aural faculty
bj	bang/boom/explosive sound	sound of banging (explosive sound)	sound of booming (low-pitched explosive sound)	sound of booming (high-pitched explosive sound)
gp	clap/snap/crack	sound of clapping/slapping	sound of snapping	sound of cracking
dp	knock/thump/smack	sound of knocking	sound of thumping (light, between semi-solid objects)	sound of smacking (forceful, between semi-solid objects)
çg	crunch/slam/crash	sound of crunching/scrunching/grinding	sound of slamming	sound of crashing
zň	sound of a clink/clank/clack	sound of a clink	sound of a clank	sound of a clack
žp	sound of a thud/clunk/pop	sound of a thud	sound of a pop	sound of a clunk/kerplunk
ļt	sound of ticking/clicking/tapping	sound of ticking	sound of clicking	sound of tapping
çţ	sound of a hiss/wind howling/whistle	sound of hissing	sound of wind blowing/howling	sound of whistling
çw	sound of a poof/woosh/sizzle	sound of a poof	sound of a woosh	sound of a sizzle
řẓ	sound of a low hum/whir/rumble	sound of a low hum	sound of a whir	sound of a rumble
žd	sound of a zap/buzz/beep/ping	sound of a zap/buzz	sound of a beep/bleep	sound of a ping/ding
řļ	sound of creaking/squishing/tearing	sound of creaking	sound of squishing/squelching	sound of tearing
žb	sound of ringing/chiming/clanging	sound of ringing	sound of chiming	sound of clanging
ļb	sound of fizzing/bubbling/splashing	sound of fizzing	sound of bubbling/boiling/gurgling	sound of splashing
šļ	sound of rushing/swirling/swishing	sound of rushing/swirling/churning	sound of swishing/swooshing	sound of ocean wave crashing
čd	sound of chirping/squeaking/tooting	sound of chirping	sound of squeaking/squealing	sound of tooting/hooting
mň	sound of screech/growl/roar	sound of whining/screeching/shrieking	sound of defensive animal (growling, hissing)	loud vocalization of animal (roar, bark, neigh)
pḑ	footfall/bodily movement/oral sound	sound of stepping/pattering	sound of a body moving	non-linguistic oral sound (clicks, swallowing)
cpļ	sound made by or with part of one's body	sound made by one's body mimicking a non-bodily sound	sound made by one's body potentially creating a humorous/embarrassing effect	non-linguistic oral sound for humorous/shocking effect
tkr	audibility/emission of sound/loudness	audibility	emission of sound	being loud
dvy	sound pattern/rhythm	audible pattern of sound	emission of patterned sound	rhythmic sound
dvw	echo/reverberation	echo	emission of echo	reverberation of sound
rčx	annoying/shrill/irritating sound	annoying/shrill/irritating sound	emission of annoying/shrill/irritating sound	degree of desire/capacity to hear an annoying/shrill/irritating sound
čxw	raucous sound/noise	raucous sound	emission of raucous sound	degree of desire/capacity to hear a raucous sound
šfy	muffled/unclear sound/noise	muffled/unclear sound	emission of muffled/unclear sound	degree of desire/capacity to hear a muffled/unclear sound
mžv	sonorous/resonant sound	sonorous/resonant sound	emission of sonorous/resonant sound	degree of desire/capacity to hear a sonorous/resonant sound
lçw	plaintive/wistful sound	plaintive/wistful sound	emission of plaintive/wistful sound	degree of desire/capacity to hear a plaintive/wistful sound
msy	pleasant/mellifluous sound	pleasant/mellifluous sound	emission of pleasant/mellifluous sound	degree of desire/capacity to hear a pleasant/mellifluous sound
lcl	mellow/dulcet sound	mellow/dulcet sound	emission of mellow/dulcet sound	degree of desire/capacity to hear a mellow/dulcet sound
rçw	lilting vocal sound	lilting vocal sound	emission of lilting vocal sound	degree of desire/capacity to hear a lilting vocal sound
lk	music/play music/compose music	music playing	playing/making music	composing a piece of music
lly	sing/song	singing	singing a song	composing a vocal melody/lyric
lhw	musical instrument/vocalization	playing a musical instrument	sounding a musical instrument (non-melodic)	using one's voice to  a musical sound (humming, beatboxing, chanting)
ẓp	percussive idiophone	concussion/percussion idiophone	friction/rattling idiophone	lamellophone/plucked idiophone
ẓpw	musical block/stick/clave	musical block	musical stick	clave
ẓpy	castanet/clapper/spoon	castanet	musical clapper (khartal, qraqeb)	musical spoon
ẓpl	triangle/vibraphone/xylophone plaque	musical triangle	metal plaque (of vibraphone)	wood/gourd plaque (of xylophone/balafon)
ẓpr	cymbal/gong	cymbal	finger/hand cymbal (zill, taal)	gong
ẓpř	bell/chime/singing bowl	bell	chime	standing/resting bell, singing bowl
ẓpç	rattle/quijada/flexatone	musical rattle/shaker	vibraslap/quijada	flexatone
ẓpf	tambourine/maraca/rainstick	tambourine w/o membrane	maraca	rainstick
ẓpţ	scraped ideophone	güiro/güira/guayo/guacharaca/reco-reco	washboard/frottoir	ratchet/noiser
ẓpļ	slit/steel/tank drum	slit drum	steelpan/steel drum	steel tongue drum/tank drum
ẓph	musical saw/thunder sheet/daxophone	musical saw	thunder sheet/wobble board	daxophone
ẓphw	pot/steelpan/hang	clay/ceramic pot (ghatam, fou)	aerophone clay/ceramic pot (udu, botija)	handpan (Hang)
ẓmw	lamellophone/jaw harp/morsing/mbira	jaw harp	morsing/gogona	mbira/kalimba
ẓmy	nail violin/waterphone/glass harmonica	nail violin	waterphone	glass harmonica/glass harp/verrophone
řbw	struck/shaken/plucked membranophone	struck membranophone	shaken membranophones	plucked membranophone
řby	drum	cylindrical two-headed drum	cylindrical single-headed/open-ended drum	kettle drum/timpani
řbl	snare/tom/bass drum	🥁 snare drum	tom-tom	bass drum/kick drum
řbr	bongo/conga/taiko drum	bongo	conga	taiko
řbř	tabla drum	tabla drum	dayan	bayan
řbv	pakhawaj/dholak/naal	pakhawaj	dholak	naal
řbz	mridangam/mridanga/dhol	mridangam	mridanga	dhol
řbž	djembe/dabakan/goblet-type drum	🪘 djembe	dabakan	goblet-type drum (e.g., davul, tapan, atabal, tabl, darbuka, tonbak)
řbzw	tambourine/bodhrán/tar	tambourine/riq/mazhar/dayereh	bodhrán	tar/daf/frame drum
řbžw	rattle drum/khamak/bugchu	rattle drum	khamak/gopichand	bugchu/anondo lahori/gubguba
gzdv	friction/rubbed/air-driven membranophone	friction membranophone	rubbed membranophone	air-driven membranophone
gzdw	cuica/rommelpot/friction-driven membranophone	cuica	rommelpot	unusual friction-driven membranophone
gzdy	kazoo/mirliton/swazzle	kazoo	mirliton	swazzle
ňçn	chordophone musical instrument	zither-like musical instrument	lute-like musical instrument	harp-like musical instrument
ňçt	guitar/guitarrón/huapanguera/Latin guitar-like instrument	guitar	guitarrón/huapanguera	Latin guitar-like instrument
ňçtw	lute/ukulele/dulcimer-guitar	lute	ukulele	dulcimer-guitar
ňçty	Portuguese guitar/cavaquinho/viola braguesa	Portuguese guitar	cavaquinho	viola braguesa
ňçtl	cittern/waldzither/tamburica/baǧlama/saz	cittern/cithren/waldzither	tamburica/tamburitza	baǧlama/saz
ňçtr	oud/sintir/guembri/kabuli rebab/rubab	oud	sintir/guembri	kabuli rebab/rubab
ňçtř	mandolin/mandola/Algerian mandole	mandolin	mandola	Algerian mandole
ňçtf	domra/bandura/kobza/bandurka	domra	bandura	kobza/bandurka
ňçtç	balalaika/torban/shamisen/sangen	balalaika	torban	shamisen/sangen
ňçtļ	pipa/ruan/yueqin/moon lute	pipa	ruan	yueqin/moon lute
ňçth	charango/đàn tỳ bà/dranyen	charango/charanga	đàn tỳ bà	dranyen
ňçtm	çifteli/geierleier/tar	çifteli	geierleier	tar (Persian/Middle-Eastern long-necked lute)
ňçtļw	bouzouki/bandurria	Greek bouzouki	Irish bouzouki	bandurria
ňçtçw	topshur/tovshuur/doshpuluur	topshur	tovshuur	doshpuluur
ňçthw	banjo/sazbüş/sanxian	🪕 banjo	sazbüş	sanxian/sanshin
ňçc	zither/harp-bow/harp-zither	zither/zither-like instrument	musical bow/harp-bow/berimbau	harp-zither
ňçcw	psaltery/koto/gayageum	psaltery	koto	gayageum
ňçč	piano/harpsichord/clavichord	🎹 piano	harpsichord	clavichord
ňçčw	dulcimer/santur/cimbalon	dulcimer	santur	cimbalon/cimbalon-like instruments
ňçcm	harp/lyre/kora	harp	lyre	kora
ňçcn	kithara/krar/qanun	cithara/kithara	krar/kirar	qanun
ňçp	viola/violin/cello/double-bass/pochette/sardino/kit violin/treble violin	🎻 viola/violin	cello/double-bass	pochette/sardino/kit violin/treble violin
ňçpw	viola d'amore/viol/baryton	viola d'amore	viol/viola da gamba	baryton
ňçpy	Hardanger fiddle/lảtfiol/nyckelharpa	Hardanger fiddle	lảtfiol	nyckelharpa
ňçpl	bowed zither/crwth/bowed lyre	bowed zither	crwth	bowed lyre
ňçpr	lyra/gadulka/gudok/	lyra	gadulka	gudok/gudochek/hudok
ňçpř	rebab/lijerica/rabeca	rebab	lijerica	rabeca
ňçpf	kemenche/ghijak/gheychak	kemenche	ghijak	gheychak
ňçpţ	sataer/khushtar/yayli tambur	sataer	khushtar	yayli tambur
ňçpç	imzad/kobyz/sorahi	imzad	kobyz	sorahi
ňçpļ	morin khuur/igil/byzaanchy	morin khuur	igil	byzaanchy
ňçps	tro/saw/masenqo	tro	Thai saw	masenqo
ňçpš	đàn nhị/đàn hồ/đàn gáo	đàn nhị	đàn hồ	đàn gáo
ňçph	kokyu/haegeum/suroz	kokyu	haegeum	suroz
ňçphw	agiarut/tautirut/laruan	agiarut	tautirut	laruan
ňçpļw	zhuiqin/leiqin/paqin	zhuihu/zhuiqin	leihu/leiqin	paqin
ňçpçw	huqin-type instrument	mid-pitched huqin-type instrument	low-pitched huqin-type instrument	high-pitched huqin-type instrument
ňçm	sarod/sitar/tanpura	sarod	sitar	tanpura
ňçmw	saraswati veena/rudra veena/vichitra veena/sagar veena	saraswati veena	rudra veena	vichitra veena/sagar veena
ňçmy	ektara/dotara/tumbi	ektara	dotara	tumbi
ňçml	swarmandal/swarabat/jhallari	swarmandal	swarabat	gethuvadyam/jhallari
ňçmr	sarangi/sarinda/chikara	sarangi	sarinda	chikara
ňçmř	esraj/tarshenai/dilruba/taus/mayuri vina	esraj/tarshenai	dilruba	taus/mayuri vina
ňçň	hurdy-gurdy/dulcigurdy/other rosined wheel instrument	hurdy-gurdy	dulcigurdy	other rosined wheel instrument
çkm	aerophone musical instrument	wind instrument	free reed instrument	unusual aerophone musical instrument
çkw	end-blown tube	end-blown tube	end-blown tube with fingerholes	end-blown tube without fingerholes
çky	side-blown tube	side-blown tube	side-blown tube with fingerholes	side-blown tube without fingerholes
çkl	ductless flute/pan pipe/Western concert flute	ductless flute	pan pipe	Western concert flute
çkr	kaval/kawala/ney	kaval	kawala	ney
çkř	blul/svirka/tsafara/svorche/kobyrach/quray/choor	blul	svirka/tsafara/svorche	kobyrach/quray/choor
çkf	duct flute/suling/barbarak/lantey/dagoyong/whistle	duct flute	suling/barbarak/lantey/dagoyong	whistle
çkţ	fipple flute/recorder/fujara	fipple flute	recorder	fujara
çkç	willow flute/sallow flute/tin whistle/penny whistle/side whistle/piston flute/swanee	willow flute/sallow flute	tin whistle/penny whistle	side whistle/piston flute/swanee
çkh	vessel flute/ocarina/huaca/gemshorn	vessel flute	ocarina/huaca	gemshorn
çkhw	musical organ	pipe organ	calliope	non-pipe organ
mçkw	single-reed instrument/double-reed instrument/reedless brass instrument	single-reed instrument	double-reed instrument	reedless brass instrument
mçky	charinet/chalumeau/zummara/double clarinet	charinet	chalumeau	zummara/double clarinet
mçkl	saxophone/xaphoon/venova	🎷 saxophone	xaphoon	venova
mçkr	octavin/modern táratagó/sneng	octavin	modern táratagó	sneng
mçkř	hornpipe/pku/erkencho	hornpipe	pku/pzuk	erkencho
mçkf	stock-and-horn/pibgorn/alboka	stock-and-horn	pibgorn	alboka
mçkţ	zhaleika/bryolka/birbyné/ganurags	zhaleika/bryolka	birbyné	ganurags
mçkç	diplica/launeddas/çifte	diplica	launeddas	çifte
mçkh	arghul/mijwiz/sipsi	arghul/yarghul	mijwiz	sipsi
mçkhw	dozaleh/zanbooreh/pungi/geen/murli/pepa	dozaleh/zanbooreh	pungi/geen/murli	pepa
lçk	oboe/cor anglais/oboe d'amore	oboe	cor anglais	oboe d'amore
lçkw	bassoon/contrabassoon/sarrusophone	bassoon	contrabassoon	sarrusophone
lçky	shawm/surma/bombard	shawm	surma	bombard
lçkl	crumhorn/cromorne/traditional táragató	crumhorn	cromorne	traditional táragató
lçkr	zurna/mizmar/duduk/tsiranapogh	zurna	mizmar	duduk/tsiranapogh
lçkř	hichiriki/fue/piri/taepyeongso/hojok/nallari/saenap	hichiriki/fue	piri	taepyeongso/hojok/nallari/saenap
lçkf	guan/bili/houguan/gyaling/suona/laba/haidi	guan/bili/houguan	gyaling	suona/laba/haidi
lçkţ	shehnai/nadaswaram/kuzhal	shehnai	nadaswaram	kuzhal
lçkç	sundari/tangmuri/mukhavina	sundari	tangmuri	mukhavina
lçkh	sralai/pi nai/Southeast Asian quadruple reed instrument	sralai	pi nai	Southeast Asian quadruple reed instrument
lçkhw	dulzaina/piffero/sopile	dulzaina/dolçaina	piffero	sopile
çkn	bagpipe	bagpipe	breath-blown bagpipe	bellows-driven bagpipe
nçk	conch-shell/seashell horn/didgeridoo/shofar	conch-shell/seashell horn	didgeridoo	shofar
nçkw	alphorn/trembita/vuvuzela/kuduzela	alphorn	trembita	vuvuzela/kuduzela
nçky	lur/bucium/Tibetan horn	lur	bucium	Tibetan horn
nçkl	tiba/erke/trutruca	tiba	erke	trutruca
nçkr	jez karnay/muiuz karnay/surnai	jez kernei/karnay	muiuz kernei/karnay	surnai
nçkř	ekkalam/kamal/kombu	ekkalam	kamal	kombu/kompu
nçkf	bhankora/buki/putaatara	bhankora	buki	putaatara
nçkţ	nabal/kakaki/other straight and lone valveless horn	nabal	kakaki	other straight and lone valveless horn
nçkç	cornetto/zink/serpent/vladimirskiy rozhok	cornett/zink	serpent (instrument)	vladimirskiy rozhok
nçkh	natural horn/natural trumpet/bugle	natural horn	natural trumpet	bugle
tçk	valved horn/baritone horn/euphonium	valved horn	baritone horn	euphonium
tçkw	valved trumpet/cornet/flugenhorn	🎺 valved trumpet	cornet	flugelhorn
tçky	saxhorn/helicon/mellophone	saxhorn	helicon	mellophone
tçkl	tuba/sousaphone/contrabass bugle	tuba	sousaphone	contrabass bugle
tçkr	trombone/sackbut/slide trumpet/bazooka	trombone	sackbut/slide trumpet	bazooka
tçkř	Firebird trumpet/saxotromba/saxtuba	Firebird trumpet	saxotromba	saxtuba
tçkf	jazzophone/kuhlohorn/ophicleide/sudrophone	jazzophone	kuhlohorn	ophicleide/sudrophone
ççkw	harmonica/melodica/shruti box	harmonica	melodica	shruti box
ççky	accordion/concertina/melodeon	🪗 accordion	concertina	melodeon
ççkl	sheng/yu/he/khaen/sho	sheng/yu/he	khaen	sho
ççkr	hulusi/gourd flute/hulusheng/bawu	hulusi/gourd flute	hulusheng	bawu
lhm	electro-mechanical or electronic musical instrument	electro-mechanical taped music controller	early electric musical instrument	electronic synthesizer
lhr	pre-programmed musical instrument	music box	player piano	pre-programmed musical instrument/device
žg	smell/odor	smell/odor	one's nose	one's olfactory faculty
nky	pungent/funky/putrid/stinky	pungent odor	funky odor	putrid odor
rgy	vegetal/piquant/musty	vegetal odor	piquant odor	musty odor
lms	sweet/fragrant/resinous	sweet odor	fragrant odor	resinous odor
rzg	chemical/burnt/acrid	chemical odor	burnt odor	acrid odor
sf	sense of taste/the taste of something	flavor of something and tasting thereof	taste bud	one’s sense of taste
ms	sweet flavor	sweet flavor	fruity/citrus flavor	floral-like sweet flavor
zg	bitter flavor	bitter	bittersweet	bitter and sour
ļk	salty/spicy/umami	salty flavor	spicy/piquant flavor	umami/savory flavor
xx	foul/rancid flavor	foul/rancid flavor	spoiled/rotten flavor	vinegary flavor
sfř	sour flavor	sour	sour and rancid	sweet and sour
ňň	chemical-like flavor	chemical-like flavor	metallic flavor	astringent/acidic flavor
ẓ	see/sight/vision	sight	eye/organ of vision	one's visual faculty
šp	color	color	color with more hue (r→g→b)	color with less hue (r←g←b)
gy	reddish	red	crimson	salmon (color)
ňr	orangey	orange (color)	reddish orange	ochre
ml	yellowish	yellow	gold (color)	lime (color)
čw	greenish	green	chartreuse	sea green, teal green
ḑr	cyanish	cyan	greenish cyan	bluish cyan
lw	bluish	blue	azure/royal blue	indigo
žl	violetish	violet	purple	hot pink
vm	magentaish	magenta	fuchsia (color)	rose (color)
bv	whitish	white	light-colored/pale-tinted	outshined by bright light/glare
xm	blackish	black	dark-shaded	obscured by low light/shadow
cv	grayish	gray	light gray	dark gray
ft	touch/feel/texture	tactile sensation/texture and the act of touching	one's tactile organs	sense of touch
gs	chunky/gritty texture	chunky texture	gravel-like texture	coarse sand-like texture
df	bumpy texture	bumpy, discernable bumps on quasi-linear/planar surface	stucco-like, small bumps only discernible through inspection	pitted/serrated
vţ	flaky/scaly texture	flaky	scaly	of a confetti-like texture
ẓh	rough/bristly texture	rough-textured like sandpaper	bristly textured	prickly textured
kd	hard/rigid texture	hard/rigid	hard/rigid and naturally smooth	hard/rigid and naturally rough
vx	semi-hard/semi-rigid texture	semi-rigid	smooth semi-rigid	coarse semi-rigid
gc	solid but malleable texture	solid but malleable texture	plastic-like texture	cartilaginous texture
bš	soft texture	soft like a cushion	downy texture	curvaceous/smooth/squeezable texture
vc	grooved/striated texture	grooved texture	striated texture	cross-hatched texture
bţ	wet/moist texture	wet/liquidy	moist/damp	soggy/waterlogged
fz	viscous/gooey texture	viscous/gooey texture	jelly-like texture	sticky texture
xẓ	dusty/powdery texture	dusty/soot-like/ash-like texture	powdery texture	smooth granular texture
sg	slick/slippery texture	silky/slick to the touch	slippery	slimy
zf	gummy/rubbery texture	gummy	rubbery	clay-like
šd	slushy/mushy texture	slushy texture	mushy texture	frothy/foamy texture
ḑļ	oily/waxy/greasy texture	oily texture	waxy texture	greasy lard-like texture
fg	hairy/furry texture	hairy texture	soft furry/feathery texture	woolly texture
tg	papery/foil-like texture	papery texture	metallic foil texture	cellophane texture
jx	grated texture	2D grated texture	3D grated texture	malleable grated texture
žţ	variated texture	lumpy texture	multi-textured	irregularly textured
vd	sharpness	sharp vertex	sharp edge	irregular sharp contour
sd	bouncy/elastic texture	bouncy texture	elastic/stretchy texture	sponge-like recoiling texture
zx	tingly/vibrating texture	tingly texture	vibrating texture	pulsating texture
kḑ	caustic/burning sensation	burning sensation	caustic/corrosive sensation	irritating sensation
vt	stringy, fibrous texture	stringy	fibrous	texture like rope
šb	oral texture	chewy texture in mouth	tough texture in mouth	"""melt-in-your-mouth"" savory texture"
žxw	warm/hot to the touch	warm to the touch	hot to the touch	burning hot to the touch
kvw	cool/cold tactile sensation	cool to the touch	cold to the touch	freezing cold to the touch
ļv	wispy/fluffy texture	wispy/wafting/misty texture	fluffy/puffy/cottony texture	cobwebby/cotton-candy texture
sb	smooth/rounded texture	smooth	rounded/knobbed	dull/blunt
ḑh	sensation of warmth	feeling warm	feeling hot	feeling feverish
xn	sensation of coolness	feeling cool	feeling cold	feeling chilled
gḑ	physical sense of well-being	feel good, sense of well-being	feel relaxed	feel post-orgasmic/coital bliss
lţn	“high”/altered state of consciousness	"natural ""high"""	"chemically-induced ""high"""	trance-like state
psw	respiration	breathing	panting	gasping
msř	respiratory difficulty	wheezing	having râles	choking/asphyxia
gzř	autonomic respiratory reactions	feeling need to yawn	feeling need to cough	feeling need to sneeze
khw	semi-conscious respiratory reaction	sighing	huffing (e.g., of indignation)	puffing/blowing out breath (e.g., of relief)
jř	gastro-intestinal paroxysm 1	feel need to burp	experience a hiccup	experience gagging
řxm	gastro-intestinal paroxysm 2	feeling the need to vomit	feeling the need to fart	feeling a stomach/intestinal cramp
psř	have an itch; to itch	having an itch	feeling a tingling sensation	feeling a burning sensation
cxw	tactile injuries to skin	feeling a scrape	feeling a bruising/contusion	feeling a pinch
fn	hunger/thirst	feeling hungry	feeling thirsty	feeling undernourished
ļm	feel tiredness/fatigue	feel tiredness/fatigue	feel drowsiness/sleepiness	feel unfocused/groggy
čř	bodily waste elimination	feel need to piss/pee	feel need to shit/poop	feel need to spit
tfř	feel interoceptive bodily movement	feeling bloated/gassy	feeling rumbling of stomach/intestines	feeling shifting of stomach contents
ļw	abnormal interoceptive sensation	feel light-headed/dizzy	feel faint	feel shock/be in shock
ftř	abnormal affective tactile sensation on skin	feeling a tickle	feeling a prickly sensation	"feeling a ""ants/spiders crawling"" sensation"
mbř	abnormal vestibular-proprioceptive sensation	feeling vestibular lack of balance	feeling awkwardness/unfamiliarity with one's bodily motor coordination	"feeling ""shaky"", difficulty in controlling one's vestibular/muscular coordination"
ctw	penetrative sensation through skin	feeling a sting/prick	feeling a stab/piercing	feeling a bite
řx	physical pain	external tactile pain	interoceptive pain	muscular strain
vzw	socially-based pleasurable tactile sensation	sensation from having part of body rubbed/massaged	sensation from having part of body scratched	"caress/feel of ""soft touch""/""social touch"""
jdw	affective tactile reactions	"feeling ""a thrill down one's spine"""	"feeling one's ""hairs standing on the back of one's neck"""	"""having the creeps/willies"""
mžw	affection-based tactile sensation	sensation from being kissed by another's lips	sensation of being hugged/embraced in another's arms	sensation of being cuddled
lgv	cardiogenic sensation	feeling one's heart beating	feeling one's heart racing	feeling one's heart fluttering
kř	feel ill/sick	feel ill/sick/unhealthy	feel torpor/lethargy	feel weakness
ksn	positive overall physical state	feeling energized/alert	feeling physically in shape	feeling physically strong
mmh	physical/sensory pleasure	feeling physical/sensory pleasure	feeling comfortable	feeling physical satisfaction/satiety/relief
gh	bruise/swelling/inflammation	have/feel a bruise	feel sore, inflammation, swelling	have a sensitive/tender feeling on the body
ẓgř	internal burning/tingling/prickly	feeling an internal burning sensation	feeling an internal tingling sensation	feeling an internal prickly/stinging sensation
ẓg	ache/sharp pain/radiating pain	feel/have an ache	feel sharp/stabbing pain	feel radiating “shooting” pain
pfn	twitching/fluttering/trembling	twitch/twinge	fluttering sensation	tremor/trembling
jdv	numbness/“pins & needles” feeling	"feeling that a limp has ""fallen asleep"""	"""pins & needles"" feeling in one's limb"	"feeling internal numbness/""dead"" feeling"
ḑgř	queasiness/nausea/vomiting	having no appetite	feeling queasy	feeling nauseous/as if one is going to vomit
ḑč	black-out/spell/seizure	"blanking out/""blacking out"""	"zoning out/""spacing out"""	experiencing a seizure
ňh	feel flushed/perspiration/fatigue	feeling sweaty	physical fatigue	feeling flushed
tw	dream	dream	lucid dream	nightmare
lḑř	illusion/synaesthesia/hallucination	sensory illusion	synaesthetic experience	hallucination/apparition
ļř	instinct	(acting on) instinct	involuntary reflex	autonomic reflex
mn	mood/temperament/nature	mood	one’s natural/usual demeanor	one’s sense of self and place in the world
ftw	deception/beguilement/delusion	deception	beguilement	delusion
šfw	déjà vu/jamais vu	déjà vu	jamais vu	disbelief in one's circumstance
ždw	dissociative state	daydreaming	being inattentive/dazed/mesmerized	sleepwalking
ždy	induced dissociative state	meditative state	hypnotic state	out-of-body experience
bžb	absent-mindedness/distraction/scatter-brainedness	absent-mindedness	distractedness/preoccupation	scatter-brainedness
bř	irrationality/mental illness	state of irrationality	having a non-violent psychological disorder	state of violent/dangerous madness/insanity
vzn	spontaneous suspicion over personal space	feeling of being watched	feeling that one is not alone	feeling that something ominous is about to happen
ňc	reluctance/squeamishness/second thoughts	feel reluctance	feel squeamishness	having qualms/second thoughts
vļ	psychological pleasure	feeling psychological/emotional pleasure	feeling psychological relief	feeling psychological sense of satisfaction/satiety
jw	laughter	laugh	snicker	chuckle
sň	oral-nasal reflex	saying 'pffft'/'pshhh'	dropping one's jaw	snorting (e.g., in disgust)
bdy	misc. autonomic bodily process	blinking eyelids	digesting stomach contents	sweating
žbř	oscillative affective bodily state	shivering	fidgeting	shaking leg or foot
gž	flinch/jolt/duck	flinct/jolt	duck/crouch (as reflex)	jump/leap out of the way (as reflex)
ẓn	affective sexual response	sexual arousal response	approaching orgasm	ejaculation
tkř	neuro-muscular reaction	nervous tic	spasm	cramp
ngr	semi-conscious oral-nasal sound/action	grunt	clear throat	sniffle/snort
stn	nervous habit	biting fingernails	picking nose	cracking knuckles
xpw	habitual action	scratching oneself unconsciously	rubbing/pinching oneself	sucking thumb
dmw	emotion-based physical reaction	shrugging	rolling eyes	dropping one's jaw in surprise/shock
tpř	habitual oral actions	pursing lips	making smacking or other oral clicking sound	trilling lips
škf	facial expression	facial expression	natural/relaxed/unconscious facial expression	conscious/semi-conscious/affected facial expression
škţ	negative facial expression	frowning	scowling	having crestfallen/dejected look
škv	atypical facial expression	"""scrunching up"" one's face in irritation/puzzlement/concentration"	look of distraction/not paying attention	raising eyebrows due to encountering/considering something unexpected
ḑbř	one's posture	"straight/""ramrod""/""good/upright/attentive posture"	relaxed/slouched posture	"stooped/""poor"" posture"
mw	smile/grin/smirk	smile (lips closed)	grin (teeth visible)	smirk
rtn	fiddle/play absent-mindedly	playing with hair	playing with piece of clothing or jewelery	fiddling with object
çm	affective state	non-volitional/affective state	non-volitional/affective emotional state	non-volitional/affective physical/bodily state
ňv	joy/happiness	merriment/delight/jollity	happiness	jubilation
rpl	upbeat/upliftedness/youthfulness	upbeat/in a good mood	"spirited/""alive""/uplifted"	mental/spiritual youthfulness and joie-de-virre
tky	gleefulness/free-spiritedness/playfulness	gleefulness/fun/amusement	free-spiritedness/frivolity/being care-free	playfulness/gregarious
rtk	sympathy/compassion/empathy	sympathy/commiseration	compassion	empathy
ntk	hope/encouragement/optimism	hopefulness	encouraged feeling	optimism
tmy	honor/privilege/beholdenness/humility	honor/privelege	beholdenness	humility
rky	emotional openness/amiability/amicability	emotional openness/availability/warmth/invitingness	amiability/welcoming/accomodating/cordial	amicability, friendliness, congeniality
ktř	resoluteness/audacity/tenacity	resoluteness/commitment	audacity	tenacity/perserverance
msw	tolerance/acceptance/trust	tolerance	acceptance	trust
smw	calmness/rationality/serenity/emotional well-being	calmness/rationality	serenity	emotional well-being/peace of mind
ẓmm	enjoyment/excitement/thrill	enjoyment	excitement	thrill
tpl	self-satisfaction/self-pride/self-confidence	self-satisfaction/gratification	self-pride	self-confidence/self-esteem
vtl	being pleased/satisfaction	being pleased/emotional gratification	satisfaction	deep satisfaction in one's good fortune
lkp	relief/self-determination/freedom	relief/reprieve from burden/anxiety	personal independence/autonomy/self-determination	freedom
lpw	serenity through solitude	peace of mind due to achieving solitude	peaceful euphoria of being alone with Nature's beauty	serenity through solitude as a character trait
rtr	kindness/benevolence/generosity	kindness/warm-heartedness/decency	benevolence/helpfulness/beneficence	kindliness/magnanimity/generosity
gzz	elation/euphoria/ecstasy	elation	euphoria/bliss	ecstasy
nř	enthusiasm	feel enthusiasm	feel enthusiastic anticipation	feel lucky/auspicious/propitious
ntr	joy	joy	joy centered on what one has accomplished	joy from one's social/familial/romantic connections
šlw	placidity/patience/sang-froid	calmness/composure/placidity	patience	sang-froid/keeping one's cool
mçw	mental clarity/efficacy/prowess	mental clarity	extreme mental efficacy	mental prowess
ltw	fondness/fellowship/friendship	fondness/affection	fellowship/companionship/comaraderie	friendship
kvy	appreciation	aesthetic appreciation	personal appreciation/admiration	impress/pride in others
rkw	love	romantic love	filial love	abstract love
rpy	belongingness/familiarity/coziness	belongingness	familiarity	coziness
lţl	satisfaction in a romantic relationship	surprise/joy of lover confessing love to oneself	emotional warmth/relief at reaching true understanding and trust in a relationship	emotional solidity/depth of mutual bond in a successful romantic relationship
lpy	gladness/cheerfulness	gladness	cheerfulness	desire to spread cheer among others
pkr	embarrassment at receiving flattery/indebtedness	embarassment at receiving flattery	willingly/fairly indebted to someone	unwillingly/resentfully indebted to someone
lty	tenderness/caringness	tenderness/protectiveness	nurturance/caringness	love based on raising/nurturing/caring for someone
rpr	devotion/loyalty/allegiance	devotion	personal loyalty	allegiance/fealty
mtl	poignancy	poignancy on irresistible cuteness	poignancy on act/event of compassion/tenderness/love	capacity to be easily moved
ţkr	being worthy/appreciated/loved	being worthy/deserving	being appreciated/recognized/honored	being loved/adored/worshipped
lš	exaltation/ecstasy	feel exaltation, “on top of the world”	feel ecstatic joy and wonder from being alive	feel one’s life-state as perfect, “it doesn’t get any better”
cd	spiritual love/emotion	feeling of love for existence	"feeling of inherent ""connection"" to universe"	feeling of being moved/humbled by something extraordinary
ltr	satisfaction in fantasies	romanticity on idealized, fabulous notions of life	head-in-the-clouds fantasy feeling	being lost in one's fantasies/daydreams
žy	supportiveness	feeling supportive (w/o self-sacrifice)	desire to help accomplish something	desire to find meaning by making a difference
mmļ	sudden clarity/triumph/victory	sudden clarity/understanding upon discovery of solution	personal triumph	victory
vç	pity/mercy/charitableness	pity	mercy	charitableness/altruism/self-sacrifice
ļc	curiosity/interest	feeling curiosity	feeling interest	feeling intrigue
žč	wistfulness	wistfulness/longing/yearning	sentimentality/nostalgia	saudade
kff	indifference/disdain/apathy	nonchalance/indifference/incuriosity/interestlessness	disdain/dismissiveness	apathy
kšš	judgmental/contempt/vindictiveness	judgmental	contempt	vindictiveness
ksd	bittersweetness/solace/fortitude	bittersweetness	solace/comfort in face of sadness/grief	forbearance/fortitude
bzt	determination/eagerness/zeal	determination/earnestness	eagerness/fervor	zeal/zealotry/fanaticism
gzp	recklessness/mischievousness/exhilaration	recklessness/impetuosity	mischievousness/devilishness/spontaneous non-conformity	exhilaration/fear+thrill at taking risk
gžt	masochism	masochistic pleasure from pain	masochistic pleasure from humiliation	masochism as a personal trait
psb	whimsicality/capriciousness/wantonness	whimsicality/carefreeness	capriciousness	wantonness/waywardness
vvr	passion/infatuation/adoration	passion	infatuation/obssessiveness	worship/adoration
jkç	contemplation	contemplation	pensiveness	brooding
kll	surprize/amazement/awe/wonder	surprise	amazement/astonishment	awe/wonder
jk	bravery/fearlessness	willingness to take a risk	bravery, fearlessness	intrepidity, courageousness
psg	smugness/conceit/narcissism	smugness	conceit	narcissism
kšm	complacency/detachment/avoidance	complacency	emotional/psychological detachment	unwillingness to get involved, psychological avoidance
vzk	craving/lust/greed	craving	sexual lust	greed/avarice
ksg	alertness/suspicion/watchfulness	alertness	wariness/suspicion	watchfulness/vigilance
žžj	fascination/enthrallment/entrancement	fascination	enthrallment	entrancement/rapture
gzt	impulsiveness/inspiration/compulsion	impulsiveness	inspiration	compulsion
ļļč	startlement/dazzlement/aghastness	startlement	dazzlement/astoundedness/spellboundness	aghastness/dumbfoundedness
bzv	satisfaction on travelling	openness to adventure	itch to travel	bittersweet loneliness of not being able to share the joy of adventure with others
čb	dare/audacity/dauntlessness	daringness, like taking a risk	audacity/having the nerve to do something	"dauntlessness, ""devil-may-care"""
nzf	relief/triumph from getting away from undesired events	relief/triumph from surviving/overcoming a danger	guilty relief/triumph from getting away from a mischief	guilty relief/triumph from getting away from a crime
ksk	annoyance/anger/rage	annoyance/irritation	anger/ire	rage/fury
jgr	disappointment/disillusionment/jadedness/cynicism	disappointment	disillusionment	jadedness/cynicism
mřř	grief/sorrow/despair	sadness/grief	sorrow/lamentation	despair/misery
pšš	being misunderstood/indignation/resentment	being misunderstood	indignation/offensiveness/insultingness	resentment/bitterness
kçç	frustration/upsetness/disconcertedness	frustration/exasperation	upsetness	disconcertedness/defeatedness
mḑr	unknown feeling of wrongness	puzzlement as to why one is uncomfortable in a situation	feeling that something is wrong with a situation	restlessness/dissatisfaction that something is wrong w/ one’s life
rng	self-directed negative emotion	self-directed annoyance/irritation	self-directed disappointment/letdown	anger at oneself over failure to meet one’s own expectation
ksb	emotional numbness/unavailability/stoicalness	emotional numbness/weariness/fatigue	emotional unavailability/closeness/coldness	stoicalness/repressiveness
jdr	emotional stress/pressure	emotional stress/pressure	being at emotional breaking-point	being on the verge of lost of control of one's composure
šštļ	disgust	repugnance/repellant feeling in reaction to sensory input	disgust at a situation or a person	shock/disbelief in the face of unexpected repugnance/horror
gzj	uncertainty	uncertainty	discomfiture at being out of one's element/depth	self-doubt/lacking of self-confidence
bgr	"mental ""fogginess""/mental laziness/anhedonia"	"mental ""fogginess"""	mental lassitude/laziness	anhedonia, inability to experience pleasure
jbr	restlessness/nervousness/hysteria	restlessness/disquietude/tension	nervousness/agitation	hysteria/loss of emotional control
zgl	regret/remorse/penitence	regret/remorse/ruefulness over one's behaviour	regret/remorse/pining over past inactions	penitence/need to  amends for past sins
ẓgr	apprehension/anxiety/fear	apprehension	anxiety/nervousness	fear/trepidation/fright/panic
bzg	melancholy/gloominess/depression	melancholy/malaise	gloominess/discontent	depression/unhappiness
řřn	envy/jealousy/covetousness	envy	jealousy	covetousness
rmz	sullenness/churlishness/rebelliousness	sullenness/moodiness/morosity	churlishness/antisociality/irascibility	rebelliousness
fkţ	flusterment/embarrassment/foolishness	flusterment of not knowing how to react/what to do	embarrassment due to social faux pas/misstep	foolishness
gvv	puzzlement/perplexity/confusion/bewilderment	puzzlement/perplexity	confusion	bewilderment
kţp	spitefulness/begrudgingness/vengefulness	spitefulness/vindictiveness	begrudgingness/rancor/unforgivingness	vengefulness
tmw	being cheated/victimized/traumatized	being cheated	being victimized/used/violated	being traumatized
pň	maliciousness/sadism	maliciousness/malevolence/ill-willedness	cruelty/sadism	sadistic pleasure at another's pain or torment
bzb	bashfulness/shyness/stagefright	bashfulness/timidity	shyness	stagefright
llč	dismay/alarm/surprise/shock	dismay	alarm/surprise	shock/reeling
gvr	awkwardness/embarrassment/humiliation	awkwardness	embarrassment	humiliation
jgl	world-weariness	world-weariness	Weltschmerz/world-pain	feeling of futility from transience and seeming meaninglessness of life and universe
kny	stinginess/selfishness/uncharitableness	stinginess	selfishness	uncharitableness/compassionlessness/miserliness
vvz	worry/dread/angst	worry/preoccupation/fretfulness/concernment	dread	angst
zdl	unemotionality/cavalierness	emotional emptiness/hollowness/shallowness	unemotionality/lack of emotion/feel of nothing	cavalierness/lack of empathy
rgz	emotional flusterment/overload/overwhelm	flusterment from conflicting sensory/emotional input	emotional overload	emotional overwhelm/swoon
vxw	shame/guilt/self-loath	shame/guilt	apprehension/guilt from one's wrongdoings	self-loathing over one's wrongdoings
rnž	doubt/skepticism/disbelief	doubt/dubiousness	skepticism	disbelief/incredulity
mmf	doubt/suspicion/caution	doubt of being fooled	suspicion on the look of something	caution of one's situation
žžg	dejection/rejection/heartbreak	dejection/downheartedness/crestfallenness	rejection	heartbreak/heartache
ksp	pessimism/defeatism/paranoia	pessimism	defeatism	paranoia
vgr	mania/nihilism	mania/fullness of nervous energy	need to lash out or to  a scene	nihilism/feeling of destroying/defacing the sublime
pmw	stubbornness/steadfastness/intransigence	stubbornness/obstinacy	unyieldingness/steadfastness	intransigence/implacability
xpl	distraction/unawareness/ignorance	distraction	unawareness/ignorance of a situation	unawareness/ignorance of life/world
sgr	indecisiveness/fickleness/vacillation/irresolution	indecisiveness	fickleness/vacillation	irresolution
fsl	worhlessness/uselessness	mental fatigue/weariness at repetitive state of life	worthlessness/uselessness	suicidal
pxr	reluctance/unwillingness/opposition	reluctance/disinclination	unwillingness/aversion	opposition
vkr	resignation/helplessness/renunciation	resignation	helplessness/inefficacy/inability	renunciation
vzg	obliviousness in life	obliviousness on oneself	alienation from self and others	disconnection from the world
rkr	aloofness/emotional superiority	aloofness	emotional superiority/maturity	disgust/spite at inferiority/stupidity of others
žžv	impatience/irritability	impatience	irritability	need of taking matters into one's own hand
ffx	dislike/loathing/hate	dislike/distaste/disapproval	loathing/abhorrence	hatred/enmity
xtl	fatigue/futility	aesthetic fatigue/saturation	compassion fatigue	futility
lny	lonesomeness/loneliness/invisibility	lonesomeness	loneliness	invisibility at others
jvr	pettiness/fussiness/finickiness	pettiness	fussiness/finickiness	need for meddling/interfering
vtr	sadness/melancholy in happiness	sadness/melancholy in happiness from transience/ephemerality of happiness	sadness/melancholy in happiness from others' sadness	sadness/melancholy from undeserved happiness
pfc	pleasure/joy in another's hardship/suffering	light-hearted/innocent amusement at another's behaviour	mean-spirited amusement at another's behaviour	schadenfreude/epicaricacy
ddl	conveying in ground vehicle	traveling/conveying in open-air wheeled vehicle (cart, wagon, wheelchair, gurney, bike, skateboard)	traveling/conveying in enclosed wheeled vehicle (car, bus/coach, train car)	traveling/conveying in a non-wheeled vehicle (sled/toboggan, palanquin/litter)
ççtr	sled/sleigh/snowmobile	sled	sleigh	snowmobile
lcf	bicycle/tricycle/unicycle	🚲 bicycle	tricycle	unicycle
lcfw	wheeled wagon/wheelchair/wheeled gurney	wheeled wagon/carriage	wheelchair	wheeled gurney
lcfy	baby carriage/wheelbarrow/cart	baby carriage/pram	wheelbarrow	cart/pushcart/wagon
lçv	dolly/hand-truck	4-wheeled platform dolly	4-wheeled mover's dolly	wjeeled hand-truck
řçv	garage creeper	garage creeper	pallet jack / pallet truck	forklift
nţb	scooter/moped	scooter	motorized scooter	moped
nţd	motor scooter/motorcycle	motor scooter	two-wheeled motorcycle	three-wheeled motorcycle
nţg	go-cart/dune buggy/all-terrain vehicle	go-cart	dune buggy	all-terrain vehicle
nţgr	dicycle/self-balancing scooter/hoverboard	dicycle/diwheel/Segway	self-balancing scooter	hoverboard
nţl	passenger automobile	coupe	sedan	station wagon/automobile-chassis-based SUV
nţn	limousine/hearse/police car	limousine	hearse	police car
nţň	passenger van/pick-up truck	passenger van	automobile-chassis-based pick-up truck	full-sized pick-up truck/truck-chassis-based SUV
nţw	delivery van/minibus/bus	delivery van/box van	multi-passenger van/minibus	bus
nţy	camper van/motor coach/tractor truck	camper van/caravan	motorhome/motor coach	tractor truck/semi-trailer truck
nţř	taxi cab/ambulance/fire engine	taxi cab	ambulance	fire engine
nţf	tractor/dump truck/cement mixer	tractor	dump truck	cement mixer
nţv	jeep/snowplow/specialized farming/agricultural vehicle	jeep	snowplow	specialized farming/agricultural vehicle
nţx	military tank/crane/specialized construction vehicle	military tank	crane	specialized construction vehicle (e.g. bulldozer, excavator)
nkţ	streetcar/tram/metro car/funicular/aerial tram	🚋 streetcar/tram/metro car	funicular	aerial tram
nkh	train	train passenger car	train container car/box car	🚉 train locomotive/train engine
ddr	vessel/watercraft/aircraft/spacecraft	traveling/conveying in a watercraft	traveling/conveying in an aircraft	traveling/conveying in a spacecraft
ňsm	raft/paddle boat	raft	inflatable raft	paddle boat
ňsn	coracle/dinghy/kayak/umiak	coracle/dinghy	kayak	umiak
ňsň	canoe/rowboat/dory/gondola/skiff/jon boat/coble/flatbottomed small boat	canoe	rowboat/dory/gondola/skiff	jon boat/coble/flatbottomed small boat
ňsw	single-masted sailboat/sailboat+rowboat/small sailboat	single-masted sailboat	sailboat+rowboat	small sailboat
ňsy	multi-masted sailboat/sailing ship/catamaran	multi-masted sailboat	sailing ship	catamaran
ňsr	motorboat/airboat/pontoon	motorboat	airboat	pontoon
ňsř	barge/paddlewheel steamer/steamship	barge	paddlewheel steamer	steamship
ňsf	yacht/megayacht/hydrofoil	yacht	megayacht	hydrofoil
ňsv	freighter ship/passenger liner/military gunship	freighter ship	passenger liner	military gunship
ňsx	aircraft carrier/submarine/other specialized watercraft	aircraft carrier	submarine	other specialized watercraft
lvl	propeller-driven airplane	propeller-driven airplane	propeller-driven passenger airplane	propeller-driven cargo/freight airplane
lvz	jet aircraft	private jet aircraft	passenger jet airplane	cargo/freight jet airplane
lvž	military jetfighter/military jet airplane/aerial drone	military jetfighter	military jet airplane	aerial drone
lvň	hot air balloon/blimp/helicopter	hot air balloon	blimp	🚁
lvn	spaceship/space shuttle/orbital satellite	🚀	space shuttle/space plane	orbital satellite
žmy	net/mesh/tarp* (čţw, ļth)	net	mesh/netting	tarp
fb	article of clothing	clothing worn for body covering	clothing worn as fashion	clothing worn as ornament/accessory
rfb	clothing as uniform/costume/status indicator	clothing worn as uniform	clothing worn as costume	clothing worn as indicator of rank/award/status
ff	try on	trying on something to see if it fits	trying on something to see how it s one look	trying on something to see if one can work/move while wearing it
mtr	hat	wearing a hat as protection	wearing a hat as fashion	wearing a hat as an indicator
ltl	jacket/coat	wearing a jacket/coat as protection	wearing a jacket/coat as fashion	wearing a jacket/coat as an indicator
rtl	robe	wearing robes	wearing robes as fashion	wearing robes as an indicator
ctl	shirt/blouse	wearing a shirt/blouse for protection	wearing a shirt/blouse as fashion	wearing a shirt/blouse as an indicator
ttl	dress	wearing a dress as protection	wearing a dress as fashion	wearing a dress as an indicator
ptl	skirt/kilt	wearing a skirt/kilt as protection	wearing a skirt/kilt as fashion	wearing a skirt/kilt as an indicator
xtr	pants/trousers	wearing pants/trousers as protection	wearing pants/trousers as fashion	wearing pants/trousers as an indicator
ctr	tunic	wearing a tunic as protection	wearing a tunic as fashion	wearing a tunic as an indicator
ztl	sari	wearing a sari as protection	wearing a sari as fashion	weraing a sari as an indicator
ňtr	vest	wearing a vest as protection	wearing a vest as fashion	wearing a vest as an indicator
ňtl	overcoat/long coat	wearing an overcoat/long coat as protection	wearing an overcoat/long coat as fashion	wearing an overcoat/long coat as an indicator
ļtr	parka/heavy winter coat	wearing a parka/heavy winter coat as protection	wearing a parka/heavy winter coat as fashion	wearing a parka/heavy winter coat as an indicator
nļt	groin undergarment/underwear/pantie	wearing a groin undergarment as protection	wearing a groin undergarment as fashion	wearing a groin undergarment as an indicator
nļp	torso undergarment/undershirt/lingerie	wearing a torso undergarment as protection	wearing a torso undergarment as fashion	wearing a torso undergarment as an indicator
nļm	brassiere	wearing a bra as protection	wearing a bra as fashion	wearing a bra as an indicator
vdw	apron	wearing an apron as protection	wearing an apron as fashion	wearing an apron as an indicator
vdy	collar	wearing a collar as protection	wearing a collar as fashion	wearing a collar as an indicator
vdv	bandana/handkerchief	wearing a bandana/handkerchief	wearing a bandana/handkerchief as fashion	wearing a bandana/handkerchief as an indicator
vdn	sleeve	wearing a sleeve as protection	wearing a sleeve as fashion	wearing a sleeve as an indicator
vdl	scarf	wearing a scarf	wearing a scarf as fashion	wearing a scarf as an indicator
vdr	belt	wearing a belt	wearing a belt as fashion	wearing a belt as an indicator
vdř	tie/cravat	wearing a tie/cravat	wearing a tie/cravat as fashion	wearing a tie/cravat as an indicator
vẓw	over-the-shoulder sash	wearing an over-the-shoulder sash	wearing an over-the-shoulder sash as fashion	wearing an over-the-shoulder sash as an indicator
vjw	waist sash/cummerbund	wearing a waist sash/cummerbund	wearing a waist sash/cummerbund as fashion	wearing a waist sash/cummerbund as an indicator
štr	necklace/neck-chain	wearing a necklace/neck-chain	wearing a necklace/neck-chain as fashion	wearing a necklace/neck-chain as an indicator
štl	brooch/pendant	wearing a brooch/pendant	wearing a brooch/pendant as fashion	wearing a brooch/pendant as an indicator
štw	earring	wearing an earring	wearing an earring as fashion	wearing an earring as an indicator
šty	medallion	wearing a medallion	wearing a medallion as fashion	wearing a medallion as an indicator
štf	cuff link	wearing a cuff link	wearing a cuff link as fashion	wearing a cuff link as an indicator
štv	tie pin/clip	wearing a tie pin/clip	wearing a tie pin/clip as fashion	wearing a tie pin/clip as an indicator
štř	button/stud	wearing a button/stud	wearing a button/stud as fashion	wearing a button/stud as an indicator
štç	piercing ornament	having a piercing	having a piercing as fashion	having a piercing as an indicator
ptř	helmet	wearing a helmet	wearing a helmet as fashion	wearing a helmet as an indicator
ldy	goggles	wearing a pair of goggles	wearing a pair of goggles as fashion	wearing a pair of goggles as an indicator
jtr	sock	wearing a sock as protection	wearing a sock as fashion	wearing a sock as an indicator
ztr	glove	wearing a glove as protection	wearing a glove as fashion	wearing a glove as an indicator
ptr	legging/tights	wearing a legging/tights as protection	wearing a legging/tights as fashion	wearing a legging/tights as an indicator
ktr	stocking/hose	wearing stocking/hose as protection	wearing stocking/hose as fashion	wearing stocking/hose as an indicator
žtr	shoe/mocassin	wearing a shoe/mocassin as protection	wearing a shoe/mocassin as fashion	wearing a shoe/mocassin as an indicator
gtl	(single member of) footwear	footwear as protection	wearing footwear as fashion	wearing footwear as an indicator
ntl	sandal	wearing a sandal as protection	wearing a sandal as fashion	wearing a sandal as an indicator
žtl	boot	wearing a boot as protection	wearing a boot as fashion	wearing a boot as an indicator
çtl	slipper	wearing a slipper as protection	wearing a slipper as fashion	wearing a slipper as an indicator
ẓmr	jewel	wearing a jewel	wearing a jewel as fashion	wearing a jewel as an indicator
ẓmř	piece of jewelery	wearing a piece of jewelery	wearing a piece of jewelery as fashion	wearing a piece of jewelery as an indicator
mvdr	veil	wearing a veil	wearing a veil as fashion	wearing a veil as an indicator
mvdř	hood	wearing a hood	wearing a hood as fashion	wearing a hood as an indicator
bdl	hijab/shayla	wearing a hijab/shayla	wearing a hijab/shayla as fashion	wearing a hijab/shayla as an indicator
bdr	chador	wearing a chador	wearing a chador as fashion	wearing a chador as an indicator
bdř	burka	wearing a burka	wearing a burka as fashion	wearing a burka as an indicator
bdv	al-amira/khimar/dupatta	wearing an al-amira/khimar/dupatta	wearing an al-amira/khimar/dupatta as fashion	wearing an al-amira/khimar/dupatta as an indicator
çpf	cape*	wearing a cape	wearing a cape as fashion	wearing a cape as an indicator
ldv	monocle	wearing a monocle	wearing a monocle as fashion	wearing a monocle as an indicator
ldw	eyeglasses	wearing a pair of glasses	wearing a pair of glasses as fashion	wearing a pair of glasses as an indicator
çgl	mask	wearing a mask	wearing a mask as fashion	wearing a mask as an indicator
çgr	gaiter mask	wearing a gaiter mask	wearing a gaiter mask as fashion	wearing a gaiter mask as an indicator
çgv	balaclava	wearing a balaclava	wearing a balaclava as fashion	wearing a balaclava as an indicator
çgř	headband	wearing a headband	wearing a headband as fashion	wearing a headband as an indicator
çgw	hairtie/scrunchie	wearing a hairtie/scrunchie	wearing a hairtie/scrunchie as fashion	wearing a hairtie/scrunchie as an indicator
çgy	hair clip/barrette	wearing a hair clip/barrette	wearing a hair clip/barrette as fashion	wearing a hair clip/barrette as an indicator
žmw	blanket/quilt/comforter	blanket	quilt	comforter/multi-layered blanket
dkř	weapon	object used to harm/injure/kill	weapon to harm/injure/kill	intangible/abstract weapon (e.g. propaganda, bullying, passive-aggressiveness)
dkl	non-ballistic weapon	hand-held/hand-thrown bladed weapon	pointed-tipped weapon for piercing	blunt force-driven weapon
dkr	ballistic weapon	launching a ballistic projectile	detonating an explosive/incendiary	propelling/launching a ballistic/explosive/incendiary weapon
dkw	microbial/sonic/cyber-weapon	microbial agent used as weapon	sonic weapon	cyberweapon
xvl	hand-associated melee weapon 1	hand-held or hand-attached clawed or spiked weapon (e.g., tiger claws, bagh naka)	brass knuckles/knucule dusters	caestus/battle glove
xvr	hand-associated melee weapon 2	deer horn knives-like weapon	wind-and-fire wheel	tekkō
xvw	hand-associated melee weapon 3	push dagger-like weapon (e.g., katar, African finger knife)	emeici	writst-knife-like weapon (e.g., larim, nyepel)
xvy	hand-associated melee weapon 4	Japanese war fan (e.g., tessen, gunsen, gunbai)	Korean war fan/mubuchae	other hand-held or hand-attached bladed or point-sharpened weapon
kly	chakram/shuriken/boomerang	chakram/chalikar/war-quoit	shuriken/ninja star/throwing star	boomerang/valari
klw	sling/bolas/lasso	sling	bolas/bolas-like weapon (e.g., ayllo, lliwi, qilumitautit)	lasso/lariat
čy	club/bludgeon	(use of) club/bludgeon/bat/truncheon/cudgel/shillelagh/knobkerrie	(use of) stave/quarterstaff/bō/jousting pole	(use of) morning star/spiked mace
ẓy	flail/mace	flail (weapon)	mace (bludgeon)	pernach/flanged mace
gpl	war hammer/maul	war hammer/totokia/maul	bec de corbin	lucerne hammer
gpr	battle axe	battle axe	poleaxe/sparth/bardiche	horseman's pick
čkh	straight dagger/sword	dagger/shortsword	one-handed sword/rapier	two-handed sword/longsword
čkř	curved dagger/sword	curved dagger	curved one-handed sword/sabre	curved two-handed sword
čkţ	axe-like sword	machete	falx/rhomphaia-like or other hand-held sickle/scythe-like weapon	unusual single-bladed axe-like sword
čkf	switchblade/gravity knife	switchblade/butterfly-knife/fan knife/folding knife	gravity knife/telescoping knife	brandistock
tgl	spear/pike	spear/javelin-like throwing weapon	pike/lance-like thrusting/stabbing weapon	bill/halberd-like weapon
tgr	war scythe/fauchard	war scythe/fauchard	guisarme/glaive-like weapon	voulge-like weapon
tgř	partisan/plançon	partisan-/ranseur-/spetum-like weapon	plançon/goedendag-like weapon	sword-like weapon extension (e.g., patta, bayonet)
šxw	bow	flatbow/longbow/recurve bow	crossbow	arrow
kšv	weaponized projectile	dart	arrow (used with bow, lanyard, armentum, atlatl, etc.)	propelled bladed projectile
gžb	battering ram/ballista/petrary	battering ram	ballista	petrary (e.g., catapult, trebuchet, mangonel)
gžd	compressed-air projectile weapon	blowgun	flamethrower	pump-based/compression-based projectile weapon
jtw	large gunpowder weapon	hand cannon	bombard/mortar	cannon
jty	early firearm	arquebus/caliver/hackbut/harquebus	culverin/musket	blunderbuss/shotgun
jtl	modern firearm 1	handgun/pistol/revolver	rifle	carbine
jtř	modern firearm 2	submachine gun	machine gun	grenade launcher
jtç	modern firearm 3	multi-barrel firearm	grenade launcher	anti-tank rifle
jvl	firearm-launched projectile	ball (projectile)	shot	bullet
jvř	rocket launcher	bazooka/RPG/gyrojet	tank gun	rocket pod
jvw	large gunpowder or rocket-launched projectile	cannon ball	grenade or other non-self-powered explosive projectile	self-powered explosive or warhead-containing projectile/missile
jxl	bomb	explosive/incendiary device/bomb	grenade	depth charge
lţx	chemical weapon	noxious gas or aerosol (e.g., tear gas, pepper spray)	chemical weapon (e.g., mustard gas)	nerve gas/nerve agent
ẓvw	elecroshock weapon	taser	stun gun	stun baton/cattle prod
ẓvy	directed energy weapon	electromagnetic energy weapon (e.g., laser-based)	atomic particle beam	“disruptor”-style weapon
ptw	anti-personnel or anti-vehicle defensive weapon	punji stick	caltrop	Czech hedgehog
pty	booty-trap/mine	non-explosive booty-trap	explosive booty-trap	explosive mine
žtw	poisonous/venomous/radioactive substance	poisoning	poisoning with venom	exposure to a radioactive substance
skh	aiming/target/goal/objective	targeting/aiming at	targeting communication/message at an audience	pursuing/driving towards a goal/objective
šv	play/recreation/relaxation	playing/recreation	leisure activity	hobby/pastime
nzv	formal game / sporting activity	sport/game	competition in a non-team sport	team sport
nzň	inflated ball	inflated ball (e.g., volleyball, football/soccer, tetherball, basketball, European handball, polo)	prolate spheroid shaped ball (e.g., rugby, American football, Australian football)	beachball
rnzň	small ball	hard small ball hit with club or mallet (e.g., golf, field hockey, croquet)	small rubberized ball hit with hand or racket (e.g., tennis, squash, racquetball, jai alai ball, American handball, lacrosse ball)	ping-pong ball
rnzy	hard ball	ball used for hitting with a bat (e.g., baseball, cricket ball)	softball	hard, heavy sphere (e.g., shot, bowling ball)
rnzl	hockey puck/discus/frisbie	hockey puck, shuffleboard puck	discus	frisbie, flying/aerial disc
tbr	throwing ring/recreational horseshoe/shuttlecock	throwing ring, hoop	recreational horseshoe	shuttlecock (e.g., badminton)
tļkw	curling stone/bean bag/skull	curling stone	bean bag	skull (jugger)
tļky	ultralight ball/playing projectile	wiffleball, nerf ball, other ultralight ball	throwing dart	other playing projectile
kfk	playing card/chip	standard playing card	specialized playing card (e.g., tarot card)	playing/gambling chip or token
kvl	game counter/die	game counter/marker	standard 6-sided playing die	non-standard die
rnzr	small playing piece	disc-like playing piece (e.g., for checkers or other board game)	playing marble or other small spheroid playing piece	specially shaped playing piece or game token
kvr	playing piece	playing tile	game-playing piece consisting of miniature model, picture, or representation of a real-world object (e.g., chess piece)	domino or other stackable playing piece/counter/marker
kvř	bowling pin/cricket ball/cricket stump	bowling pin	cricket ball	cricket stump
tçp	playing field	playing field, pitch, court, rink	field of play boundary, border, line	base, safe spot/zone of playing field
zgy	goal/target	goal/basket/end zone	goalpost	target
čţr	bat/paddle/racquet	bat (sports)	paddle	racquet
čţw	stick/mallet/golf club/net (ļth, žmy)	stick, mallet	golf club	net
ļkw	board/ski/ski pole	board (e.g., surf-, snow-, paddle-)	ski	ski pole
ççw	sail/parasail/kite	sail	parasail	kite
ççl	luge sled/skeleton sled/bob sled/bobsleigh/tobaggan	luge sled/skeleton sled	bob sled/bobsleigh	tobaggan
tkv	cue stick/broom (curling)/jump rope	cue, cue stick (e.g., billards, shuffleboard)	broom (curling)	jump rope
rztr	protective glove/face mask	protective glove (e.g., baseball)	boxing glove	protective face mask
štm	vault/bar	pegged standard for high jump or pole vault	track-and-field crossbar (e.g., high jump, pole vault)	vaulting pole (pole vault)
ňbr	barbell/weight/caber	barbell	weight (used with barbell)	caber
bzň	boxing ring/trampoline/caged ring	boxing ring	trampoline	caged ring, enclosed ring
ţfw	skate	roller skate	skateboard	ice skate
ţsp	bar (gymnastics)	high bar (gymnastics)	uneven bars (gymnastics)	parallel bar(s) (gymnastics)
ţspw	balance beam/pommel horse/vault (gymnastics)	balance beam	pommel horse	vault (gymnastics)
ţspy	still ring/floor mat/wrestling mat/trapeze	still ring/steady ring	floor mat, wrestling mat	trapeze
cty	juggling pin or ball/baton/other hand-held recreative implement	juggling pin or ball	baton	other hand-held recreative implement
ẓml	trampoline/rebounder/bounce house	trampoline	rebounder	bouncy house
ţsk	chess/checkers/draughts/backgammon	chess	checkers/draughts	backgammon
ţskw	tic-tac-toe/nine-men's morris/bul	tic-tac-toe/naughts and crosses	nine-men's morris/mills/merels/cowboy checkers	bul
ţsky	pashisi-like game/snakes-and-ladders/tafl-like game	pashisi/chaupar-like game	snakes-and-ladders/chutes-and-ladders	tafl/tablut-like game
ţskl	shogi/xiangqi/Halma	shogi	xiangqi/janggi	Halma/Stern-Halma/Chinese-checkers
ţskr	go/gomoku/mah jong	go (game)	gomoku/renju/five in a row	mah jong
ţskf	mancala-type game/permainan/surakarta/dam-daman/modern commercial tabletop/board game	mancala-type game (e.g., bao, Kalah, oware / warri / ayo / ouril, coro, pallanguzhi, bohnenspiel, cups)	permainan / surakarta / dam-daman	modern commercial tabletop/board game
ksvw	carrom/pichenotte/pitchnut/crokinole	carrom/pichenotte	pitchnut	crokinole
ksvl	novuss/chapayev/button football	novuss	chapayev	button football
ksvr	billiards/snooker	billiards/pool	snooker/English billiards/russian pyramid	other carrom/billiard like game
kfkw	bridge/whist/euchre	bridge (card game)	whist	euchre
kfky	"spades/500/""trick-taking"" card game"	spades	500 (card game)	"unusual ""trick-taking"" card game"
kfkl	matching-type card game	rummy	go fish	other matching-type card game
kfkr	war/catch-and-collect type card game	war-type card game	slapjack	other catch-and-collect type card game
kfkř	poker/blackjack/baccarat	poker	blackjack	baccarat
kfkţ	bastra/cassino/gambling game	bastra	cassino	card-based gambling game
kfkç	crazy eights/daihinmin/Cheat	crazy eights	daihinmin/Tycoon	Cheat/I Doubt It/Bluff
kfkm	"""shredding""-type card game"	switch/last card/two four jacks	one-card	"other ""shredding""-type card game"
kfkn	unusual card game	solitaire/patience-type card game	drinking game with cards (alcohol imbibement)	other card game
vsr	yahtzee/liar's dice/bunco	yahtzee	liar's dice	bunco
vsř	unusual dice game	sic bo, grand hazard, chuck-a-luck	cee-lo/see-low/four-five-six	other dice game
gvb	jigsaw/construction/mechanical puzzle	jigsaw puzzle	construction puzzle (e.g., stick puzzle)	mechanical puzzle (e.g., rubik’s cube, puzzle box, folding puzzle, lock puzzle)
gvbw	logic puzzle game	crossword puzzle	sudoku	other logic puzzle game
gvby	memory-based puzzle game	maze/labyrinth	spot-the-difference puzzle	other memory-based puzzle game
gvbř	word search game	anagrams	Scrabble/Scrabble-like game	other word search game
psţr	Rock paper scissors/chopsticks/odds and evens	Rock paper scissors	chopsticks (game)	odds and evens
psţw	other hand game	red hands/hot hands/slapsies/slap jack	sing-along hand-clapping game (e.g., pat-a-cake/patty-cake Double Double This This)	unusual hand game
mft	guessing games 1	charades	Hangman or similar paper-and-pencil-based guessing game	Twenty Questions, Two Truths & a Lie, or similar investigative question game
mftw	guessing games 2	I Spy or similar guessing game	Psychiatrist or similar role-playing guessing game	Dictionary/Fictionary
mftl	other party/parlor game	“would you rather” or similar choice-based game	Truth or Dare or similar game	other party/parlor game
mftr	drinking game	alcoholic drinking contest (e.g. speed, endurance)	arts/entertainment-based (e.g., while watching TV) drinking game	other drinking game
psţ	tagging-based game	playing tag	blind man’s buff/blind man’s bluff/Marco Polo	unusual tagging-based game
tçf	hide-and-seek/statues/Mother May I?	hide-and-seek	statues/red-light green-light	Mother May I?/Captain May I?
tçfw	follow the leader/Simon says/Red Rover	follow the leader	Simon says	Red Rover/forcing the city gates/octopus tag
tçfl	hopscotch/keep away/jungle gym climbing	hopscotch	keep away/monkey in the middle	jungle gym climbing/monkey bars
tçfr	other children’s playground game	jumprope/skipping rope	Chinese jump rope/jumpsies/French skipping	unusual children’s playground game
ždl	catch/horseshoes/darts	catch (back-and-forth tossing of ball, frisbee, etc.)	horseshoes, ring toss, washer pitching	darts, lawn darts
ždr	bean bag tossing/ladder toss/lawn bowling	bean bag tossing/cornhole	ladder toss	lawn bowling/bocce/boules/pétanque/bowls
ždř	other informal throwing or target-based game	croquet	shuffleboard/quoits, sjoelen	unusual informal throwing/target-based game
ltk	volleyball-/tennis-/squash-like sport	volleyball-like sport (e.g., volleyball, sipa, sepak akraw, footbag net, bossaball, jianzi, fistball, wallyball)	ball-over-net game with paddle (e.g., tennis, table- tennis, pickleball)	ball-against-wall sport (e.g., squash, racquetball, American handball, jai alai)
ltkw	football/soccer/rugby	football/soccer	rugby	American/Australian/Canadian/Gaelic football
ltky	basketball/team handball/water polo	basketball-like game (e.g., basketball, netball, cestoball, korfball, ringball)	team handball	water polo
ltkl	ball-and-bat hitting game	baseball-like game (e.g., baseball, softball, rounders, stickball, schlagball, palant, lapta, pesäpallo, oina, elle, tee-ball, wiffleball, brännboll)	cricket-like game (e.g., cricket, vigoro)	other ball-and-bat hitting game
ltkr	field hockey/roller hockey/ice hockey	field hockey-like game (e.g., field hockey, floorball)	roller hockey	ice hockey-like game (e.g., ice hockey, bandy, broomball, ringette)
ltkř	hurling/lacrosse/polo	hurling-like game (e.g., hurling/camogie, shinty, bando)	lacrosse	polo
ltkç	dodgeball-/kickball-like game/other ball-throwing, ball-hitting, ball-kicking or ball-catching game	dodgeball-like game (e.g., dodgeball, warball, gaga)	kickball-like game (e.g., kickball, matball)	other ball-throwing, ball-hitting, ball-kicking or ball-catching game
ţfy	rollerskating/skateboarding/roller derby	rollerskating	skateboarding	roller derby
ļky	surfing/parasailing/kiteboarding	surfing	parasailing	kiteboarding
ļkh	water skiing/wakeboarding/paddleboarding	water skiing	wakeboarding	paddleboarding
ļkç	snowboarding/snowkiting/other board-based sport	snowboarding	stand-up paddle surfing	other board-based sport
ļkl	alpine/downhill/cross-country/telemark skiing/ski jumping	alpine skiing/downhill skiing	cross-country skiing/telemark skiing	ski jumping
ļkř	speed skiing/freestyle skiing/other ski-based sport	speed skiing	freestyle skiing	other ski-based sport
ççř	bobsleighing/bobsledding/luge/skeleton bobsled	bobsleighing/bobsledding	luge	skeleton bobsled
ççr	competitive racing of vehicles/vessels	competitive racing utilizing a non-motorized vehicle/vessel (e.g., cycling, sledding, rowing, sailing)	competitive racing utilizing a motorized vehicle/vessel	competitive racing of inanimate objects (e.g., radio-controlled toy trucks)
ççm	competitive sport of animal	competitive racing of animal [not being ridden or harness-controlled by human] (e.g., dog racing)	competitive skill contest involving an animal (e.g., bull-riding)	other sport involving an animal not being ridden or harness-controlled
ççn	equestrian sport	competitive horse-racing	rodeo event (e.g., roping, bronc rideing, steer wrestling)	eventing or similar activity (e.g., dressage, show jumping, cross country equestiran jumping)
lxc	equitation-based sport	cutting, campdrafting, penning	jousting	other equitation-based sport
čţy	golf-like sport	golf	disc golf	other golf-like sport
ţfl	ice-skating sport	speedskating	figure skating	other ice-skating sport
gžr	sports involving projectile and target	archery	target shooting	other sports involving a projectile and target
lxv	boules-type sport	🎳 bowling	curling	unusual boules-type sport
nsm	unassisted competitive running	unassisted competitive sprinting (e.g., sprinting, race-walking, race-hopping)	unassisted competitive endurance running (e.g., cross-country, long-distance running)	unassisted competitive obstacle running (e.g., hurdles, steeplechase)
nsmw	other running-based sporting activity	parkour	obstacle course running	other running-based sporting activity
nsn	aquatic sports activity	competitive swimming	diving	other aquatic sports activity
psţř	non-contact tag-based version of contact sport/kabaddi/jugger	non-contact tag-based version of contact sport (e.g., tag-rugby, tag-football [American])	kabaddi	jugger
štn	track-and-field event	track-and-field jumping/vaulting event (high jump, long jump, triple jump, pole vault)	track-and-field throwing event (discus, shot put, hammer throw, javelin)	track-and-field running event
ňbw	highland games brute strength feat	highland games caber toss	highland games throwing event (weight throw, hammer throw, stone put	highland gamess weight over the bar
ňbř	competitive brute strength feat	weight-lifting	maide-laisg	other competitive brute strength feat
ţspl	gymnastics activities 1	gymnastics high bar	gymnastics uneven parallel bars	gymnastics parallel bars
ţspr	gymnastics activities 2	gymnastics balance beam	gymnastics pommel horse	gymnastics vault
ţspř	gymnastics activities 3	gymnastics still rings	gymnastics floor exercise	rhythmic gymnastic routine (ball, ribbon, rope, hoop, club, ball)
ţspf	trapeze/trampolining	flying trapeze	static trapeze	trampolining
gžgw	freestyle/Greco-roman/sambo wrestling	freestyle wrestling	Greco-roman wrestling	sambo wrestling
gžgy	jujutsu/aikido/sumo	jujutsu (judo, jiu-jitsu)	aikido	sumo wrestling
gžgl	other wrestling/grappling sport	folk wrestling (e.g., collar-and-elbow, Cornish, gouren, kurash, Korean, shuai jiao, schwingen)	theatrical wrestling/professional wrestling	other wrestling/grappling sport
gžgr	combative striking sport	boxing	kick-boxing style fighting (e.g., sanda / muay thai, pradal serey, lethwei)	other combative striking sport
gžgř	martial art	defensive martial art	hybrid martial art	weapons-based martial art
ççtl	parachuting/parasailing/kitesurfing	parachuting/skydiving	stunt parachuting/skydiving	kitesurfing, kite landboarding
ççtw	kite-based sports	kite flying	snowkiting	other kite-based sports
ççty	gliding	hanggliding	paragliding	gliding
vzţr	wood chopping contest/logrolling/woodsman	wood chopping contest	logrolling	woodsman
štmw	knife/axe/target spear throwing	knife throwing	axe throwing	target spear throwing
ctç	juggling/baton twirling/stacking contest	juggling	baton twirling	stacking contest (e.g., cards, blocks, cups)
ňkhw	tetherball/sleight-of-hand skills contest/other sporting activity	tetherball	sleight-of-hand skills contest	other sporting activity
tkl	physical state of matter	solid	liquid	gas
rtkl	less typical physical state of matter	viscous semi-liquid quasi-solid (e.g. mud, gelatin, slime)	plasma	Bose-Einstein condensate
cn	substance	fundamental manifestation of a substance + substance itself	utilizing/working with a substance	source of substance/compound
řb	quality/attribute/property of matter	degree of a particular quality/attribute	decrease in a particular quality/attribute	increase in a particular quality/attribute
bg	fullness/emptiness	degree of fullness	decrease in fullness	increase in fullness
db	solidity/hollowness	degree of solidity	decrease in solidity	increase in solidity
dg	weight/mass	degree of weight	decrease in weight	increase in weight
xb	tenseness/tension (= strain)	tension	increase in tension	decrease in tension
xd	tightness/slack (= tautness)	tightness	increase in tightness	decrease in tightness
ļg	permeability/porousness	degree of permeability	decrease in permeability	increase in permeability
ňb	resilience/capacity of recovery	degree of resilience	decrease in resilience	increase in resilience
ňd	durability/fragility	degree of durability	decrease in durability	increase in durability
ng	pressure	degree of pressure	decrease in pressure	increase in pressure
lb	stability/instability	degree of stability	decrease in stability	increase in stability
ld	volatility/inertness	degree of volatility	decrease in volatility	increase in volatility
lg	duration/temporariness	degree of duration	decrease in duration	increase in duration
bb	even/level (parallel to reference plane)	degree of evenness	decrease in evenness	increase in evenness
dd	perpendicular/upright (relative to gravity)	degree of perpendicularity	decrease in perpendicularity	increase in perpendicularity
gg	straightness/linearity (intrinsic)	degree of straightness	decrease in straightness	increase in straightness
mb	absorptivity	degree of absorptivity	decrease in absorptivity	increase in absorptivity
md	reflectivity	degree of reflectivity	decrease in reflectivity	increase in reflectivity
mg	transparency/opacity	degree of transparency	decrease in transparency	increase in transparency
bd	concavity/depression	degree of concavity	decrease in concavity	increase in concavity
gd	convexity/rotundity	degree of convexity	decrease in convexity	increase in convexity
gb	compression/squeezedness	degree of compression	decrease in compression	increase in compression
ţh	plume/cloud of gas/smoke/steam/gaseous phenomenon	plume/cloud of gas from combustion	plume/cloud of steam/water vapor	plume/cloud of gas other than steam or smoke
tpr	consistency/malleability/flexibility/plasticity/rheological phenomenon	degree of malleability/flexibility/plasticity	degree of squeezability/compressibility	degree of elasticity
tpw	springiness/buoyancy/recoil	degree of springiness	degree of buoyancy	degree of recoil
ļmw	fragility/brittleness/crumbliness	degree of fragility	degree of brittleness	degree of crumbliness
bgw	limpness/flaccidity/jiggliness/flabbiness	degree of limpness/flaccidity	degree of jiggliness	degree of flabbiness
ļpw	pliancy/ductility/suppleness/deformability/spreadability	degree of pliancy/ductility/suppleness	degree of deformability	degree of spreadability
ckw	flimsiness/cohesiveness/structural integrity/stability	degree of flimsiness	degree of cohesiveness	degree of structural integrity/stability
llw	light/illumination/brightness	being bright/luminous	being bright/luminous due to internal illumination	being bright/luminous due to high surface reflectivity
řm	dimness/paleness/shadow	dim/dimming (difficult to see)	pale/blanched/pallid/wan	being in the shade/shadow
řmw	dullness/fadedness/murkiness/gloominess	being/making something dull/lackluster in appearance	being something faded	being something murky/gloomy
žx	fire/burning/melting/calefaction	burning	heating up	melting
kv	coldness/cooling/freezing	being/becoming cold/frigid	being/becoming cool/cold via external source	being frozen
gç	trash/garbage/refuse/junk/rubble/debris	trash/garbage/refuse	junk/scraps/remnants	rubble/debris/remains
dgl	planar orientational inversion	sideways	upsidedown	backwards
bgl	topological inversion	mirror-image	being/placing inside-out	mirror-image plus upside-down
ksw	bifurcation/multifurcation/branching	bifurcation	multifurcation	branching
ļr	balance/equilibrium/symmetry	balanced/in balance	equilibrium	entities being in proper proportion to one another
tļr	symmetry/parity/homeostasis	symmetry	parity	homeostasis
çň	curl/coil/loop	curling	coiling	looping
rçň	twist/tangle/knot	twist	knot	tangle
jgw	measure of linear dimension (length/width/height/circumference)	linear dimension	measuring a linear dimension	linear dimension measurement system
jgy	measure of planar area	planar area	measuring a planar area	planar area measurement system
jgv	measure of 3D volume	3D volume	measuring a 3D volume	3D volume measurement system
çph	measure of planar angle	planar angle	measuring a planar angle	planar angle measurement system
çth	measure of solid angle	solid angle	measuring a solid angle	solid angle measurement system
str	duration/taking up/spending time	(lasting) a certain amount of time	taking up/requiring a certain amount of time	spending a certain amount/span of time
kstr	temporal measurement*	measuring a span of time time/duration	recording/archiving a temporal measurement*	timekeeping measurement system
lstr	measure of frequency	frequency	measuring a frequency	frequency measurement system
rstr	measure of recurring non-cyclic/non-periodic events	recurring event	measuring a recurring event	recurring event measurement system
lkk	measure of angular velocity/frequency (çph/str)	angular velocity/frequency	measuring an angular velocity	angular velocity measurement system
lkkw	measure of snap/jounce (jgw/str⁴)	snap/jounce	measuring a snap	snap measurement system
lkky	measure of jerk/jolt/surge/lurch (jgw/str³)	jerk/jolt/surge/lurch	measuring a jerk	jerk measurement system
lkkl	measure of yank (lps×jgw/str³)	yank (force/time)	measuring a yank	yank measurement system
lkkr	measure of kinematic viscosity/diffusivity coefficient (jgy/str)	kinematic viscosity/diffusivity coefficient	measuring a kinematic viscocity	kinematic viscosity measurement system
lkkř	measure of volumetric flow (jgv/str)	volumetric flow	measuring a volumetic flow	volumetric flow measurement system
rkk	measure of spread rate by volume (jgv/jgy)	spread rate by volume	measuring a spread rate by volume	spread rate by volume measurement system
rkkw	measure of energy density (lpsw/jgv)	energy density	measuring an energy density	energy density measurement system
rkky	measure of surface tension (lpsm/jgw)	surface tension	measuring a surface tension	surface tension measurement system
rkkl	measure of stiffness (lpsm/jgw)	stiffness	measuring a stiffness	stiffness measurement system
rkkr	measure of rate of absorbed dose of ionizing radiation (lpsw/(lps/str))	rate of absorbed dose of ionizing radiation	measuring a rate of absorbed dose of ionizing radiation	rate of absorbed dose of ionizing radiation measurement system
nkkw	measure of specific energy (lpsw/lps)	specific energy	measuring a specific energy	specific energy measurement system
nkky	measure of radiant exposure/energy distribution/insolation/solar irradiation (lpsw/jgy)	radiant exposure/insolation	measuring a radiant exposure/insolation	radiant exposure/insolation measurement system
nkf	measure of spectral flux by frequency (lpsf/str)	spectral flux by frequency	measuring an spectral flux by frequency	spectral flux by frequency measurement system
nkfw	measure of spectral flux by wavelength	spectral flux by wavelength	measuring a spectral flux by wavelength	spectral flux by wavelength measurement system
nkfy	measure of heat flux density/irradiance/radiant exitance/radiosity	heat flux density/irradiance/radiant exitance/radiosity	measuring a heat flux density/irradiance/radiant exitance/radiosity	heat flux density/irradiance/radiant exitance/radiosity measurement system
nkfl	measure of spectral exitance/radiosity/irradiance by frequency	spectral exitance/radiosity/irradiance by frequency	measuring a spectral exitance/radiosity/irradiance by frequency	spectral exitance/radiosity/irradiance by frequency measurement system
nkfr	measure of spectral exitance/radiosity/irradiance by wavelength	spectral exitance/radiosity/irradiance by wavelength	measuring a spectral exitance/radiosity/irradiance by wavelength	spectral exitance/radiosity/irradiance by wavelength measurement system
nkfř	measure of radiant intensity	radiant intensity	measuring a radiant intensity	radiant intensity measurement system
nkfm	measure of spectral intensity	spectral intensity	measuring a spectral intensity	spectral intensity measurement system
nkfn	measure of radiance	radiance	measuring a radiance	radiance measurement system
nkff	measure of spectral radience by frequency	spectral radience by frequency	measuring a spectral radience by frequency	spectral radience by frequency measurement system
řkk	measure of dynamic viscosity	dynamic viscosity	measuring a dynamic viscosity	dynamic viscosity measurement system
řkkw	measure of acoustic impedance	acoustic impedance	measuring an acoustic impedance	acoustic impedance measurement system
fm	degree of velocity	degree of speed	degree of acceleration	degree of deceleration
lps	measure of physical mass	physical mass	measuring a physical mass	physical mass measurement system
lpsw	measure of energy/work	energy/work	measuring an energy/work	energy/work measurement system
lpsm	measure of force	force (mass×acceleration)	measuring a force	force measurement system
lpsn	measure of pressure	pressure (force/area)	measuring a pressure	pressure measurement system
lpsf	measure of power	power (current×voltage)	measuring a power	power measurement system
rps	measure of momentum	momentum	measuring a momentum	momentum measurement system
rpsw	measure of angular momentum	angular momentum	measuring an angular momentum	angular momentum measurement system
rpsl	measure of thrust	thrust	measuring a thrust	thrust measurement system
rpsr	measure of torque/moment	torque/moment	measuring a torque/moment	torque/moment measurement system
rpsm	measure of line density	line density	measuring a line density	line density measurement system
rpsn	measure of volumetric density	volumetric density	measuring a volumetric density	volumetric density measurement system
řps	measure of specific volume	specific volume	measuring a specific volume	specific volume measurement system
řpsw	measure of spread rate	spread rate	measuring a spread rate	spread rate measurement system
řpsl	measure of area density	area density	measuring an area density	area density measurement system
pţk	measure of temperature	temperature	measuring a temperature	temperature measurement system
pţkw	measure of heat capacity/entropy	heat capacity	measuring a heat capacity	heat capacity measurement system
pţky	measure of enthalpy	enthalpy	measuring an enthalpy	enthalpy measurement system
pţkl	measure of specific heat capacity/specific entropy	specific heat capacity	measuring a specific heat capacity	specific heat capacity measurement system
pţkr	measure of thermal resistance	thermal resistance	measuring a thermal resistance	thermal resistance measurement system
pţkř	measure of thermal conductivity	thermal conductivity	measuring a thermal conductivity	thermal conductivity measurement system
ňšp	electro-magnetic phenomenon	electric current	measuring an electric current	electric current measurement system
ňšpw	measure of electrical charge	electrical charge	measuring an electrical charge	electrical charge measurement system
ňšpy	measure of electrical potential difference or electromotive force	electrical potential difference or electromotive force	measuring an electrical potential difference or electromotive force	electrical potential difference and electromotive force measurement system
ňšpl	measure of electrical capacitance	electrical capacitance	measuring an electrical capacitance	electrical capacitance measurement system
ňšpr	measure of electrical inductance	electrical inductance	measuring an electrical inductance	electrical inductance measurement system
ňšpř	measure of electrical resistance	electrical resistance	measuring an electrical resistance	electrical resistance measurement system
ňšpf	measure of electrical conductance	electrical conductance	measuring an electrical conductance	electrical conductance measurement system
ňšpţ	measure of electric field	electric field	measuring an electric field	electric field measurement system
ňšpç	measure of electric displacement field/polarization vector	electric displacement field/polarization vector	measuring an electric displacement field/polarization vector	electric displacement field/polarization vector measurement system
mšpw	measure of electric charge density	electric charge density	measuring an electric charge density	electric charge density measurement system
mšpy	measure of electric current density	electric current density	measuring an electric current density	electric current density measurement system
mšpl	measure of electrical resistivity	electrical resistivity	measuring an electrical resistivity	electrical resistivity measurement system
mšpr	measure of electrical conductivity	electrical conductivity	measuring an electrical conductivity	electrical conductivity measurement system
mšpř	measure of electromagnetic emitivity	electromagnetic emitivity	measuring an electromagnetic emitivity	electromagnetic emitivity measurement system
mšpf	measure of electromagnetic permeability	electromagnetic permeability	measuring an electromagnetic permeability	electromagnetic permeability measurement system
mšpţ	measure of electric elastance	electric elastance	measuring an electric elastance	electric elastance measurement system
lšp	measure of magnetic flux	magnetic flux	measuring a magnetic flux	magnetic flux measurement system
lšpw	measure of magnetomotive force	magnetomotive force	measuring a magnetomotive force	magnetomotive force measurement system
lšpy	measure of magnetic flux density/B-magnetic field strength	magnetic flux density	measuring a magnetic flux density/B-magnetic field strength	magnetic flux density measurement system
lšpl	measure of H-magnetic field strength	H-magnetic field strength	measuring a H-magnetic field strength	H-magnetic field strength measurement system
lšpr	measure of exposure to ionizing radiation	exposure to ionizing radiation	measuring an exposure to ionizing radiation	exposure to ionizing radiation measurement system
lšpř	measure of relative difference	relative difference	measuring a relative difference	relative difference measurement system
lšpf	measure of reciprocal inductance/reluctance	reciprocal inductance/reluctance	measuring a reciprocal inductance/reluctance	reciprocal inductance/reluctance measurement system
ršp	measure of luminous intensity	luminous intensity	measuring a luminous intensity	luminous intensity measurement system
ršpw	measure of luminance	luminance	measuring a luminance	luminance measurement system
ršpy	measure of luminous flux	luminous flux	measuring a luminous flux	luminous flux measurement system
ršpl	measure of illuminance/luminous exitance/emittance	illuminance	measuring an illuminance	illuminance measurement system
ršpr	measure of photon flux/airglow	photon flux	measuring a photon flux	photon flux measurement system
ršpř	measure of luminous energy	luminous energy	measuring a luminous energy	luminous energy measurement system
ršpf	measure of luminous energy density	luminous energy density	measuring a luminous energy density	luminous energy density measurement system
ršpţ	measure of luminous exposure	luminous exposure	measuring a luminous exposure	luminous exposure measurement system
ršpç	measure of luminous efficacy	luminous efficacy	measuring a luminous efficacy	luminous efficacy measurement system
gzk	measure of density	density	measuring a density	density measurement system
gzkw	measure of catalytic activity	catalytic activity	measuring a catalytic activity	catalytic activity measurement system
gzky	measure of substance concentration	substance concentration	measuring a substance concentration	substance concentration measurement system
gzkl	measure of energy per amount of substance	energy per amount of substance	measuring an energy per amount of substance	energy per amount of substance measurement system
gzkr	measure of volume occupied by an amount of substance at a given temperature and pressure	volume occupied by an amount of substance at a given temperature and pressure	measuring a volume occupied by an amount of substance at a given temperature and pressure	volume occupied by an amount of substance at a given temperature and pressure measurement system
gzkř	measure of molar heat capacity/entropy	molar heat capacity	measuring a molar heat capacity	molar heat capacity measurement system
gzkf	measure of molar conductivity	molar conductivity	measuring a molar conductivity	molar conductivity measurement system
gzkţ	measure of chemical concentration	chemical concentration	measuring a chemical concentration	chemical concentration measurement system
x	size/measure/measured duration	spatio-temporal size	spatial size	"temporal ""size""/duration"
rf	amount/portion/allocation	amount/quantity of uncountable substance	share/portion to distribute	allotment/allocation
rfw	dose/prescribed amount/ration/apportionment/quota	measure/dose/prescribed amount of a substance/entity	official/authorized share/ration, doled-out amount	official/authorized allotment/allocation/quota
rsw	planetary body	planet/planetary body	moon/natural satellite of planetary body	large asteroid/micro-planet
sw	Earth/Moon/named micro-planet	Earth	Moon	named asteroid/microplanet
lxw	non-planetary astral body	star	comet	small asteroid
lx	non-planetary astral body	the Sun/Sol	named comet	named small asteroid
mtř	nebula	gas-based emission-type nebula/volume of nebulosity	reflection nebula/dark nebula	planetary nebula
mtw	celestial space/medium	volume of celestial space	naturally occurring physical material in celestial space	magnetic or energy-based field in celestial space
lxţ	atypical compact star	black hole	neutron star (+pulsar, +magnetar)	white dwarf star
kkw	atom	atom	electron cloud (set of electron shells)	orbital state (electron state/behavior based on orbital probability distribution)
kky	atomic nucleus	atomic nucleus	nuclide (configuration of Z, N, & energy state)	nucleosynthesis
lţk	subatomic particle	subatomic particle	elementary particle (fermion/boson)	composite particle/hadron (baryon/meson)
lţkw	photon/gluon/graviton	photon	gluon	graviton
lţky	electron/proton/neutron	electron	proton	neutron
lţkl	neutrino	electron neutrino	muon neutrino	tau neutrino
lţkr	fermion	fermion	quark	lepton
lţkř	boson	boson	string	acceleron (dark energy particle)
lţkf	antifermion	antifermion	antiquark	antilepton
lţkţ	higgs boson/muon/tauon	Higgs boson	muon	tauon/tau lepton
lţkç	weak nuclear force gague boson	W⁺ boson	W⁻ boson	Z⁰ boson
lţkm	baryon	nucleon	hyperon	charmed particle
lţkn	meson	vector meson	pseudoscalar meson	light-unflavored meson
lţkh	pion/kaon/theta meson	pion	kaon	theta meson
lţks	rho/eta/D-meson	rho meson	eta meson	D-meson
lţkš	B/omega/phi meson	B-meson	omega meson	phi meson
lţkv	psion/upsilon meson/rare subatomic particle	psion	upsilon meson	rare subatomic particle
lţw	wave/wave-front/standing wave	mechanical wave	electromagnetic/non-mechanical wave	standing wave
vpr	electricity/magnetism/ionization	flowing electicity	magnetic force/alignment	ionization
sh	air	air being present	“fresh” air being present (let in from outside)	“stale” air being present
chw	outdoors/outside/indoors	outdoors, in the open air	indoors/inside	inside protected enclosure outdoors
ktl	area/areal footprint/plot of ground/plot of land	(measuring) area including expanded non-level variations in surface gradients	(measuring) area regardless of non-level variations in surface gradients	formally delineated plot of land
çb	terrestrial topography/geographic feature/arability	terrestrial land feature	area of arable land	area of non-arable land
jl	mountainous topography	elevated land, a hill/mountain	peak, single elevated upwelling	plateau/butte/mesa
zh	desert/steppe/tundra	desert	steppe	tundra
vň	valley/canyon/gorge	valley	canyon	gorge
cth	continent/tectonic plate/land mass	continent	tectonic plate	land mass
ckh	island/peninsula/isthmus	island	peninsula	isthmus
žpļ	geothermal feature	volcano	hot spring	geothermal vent
cgl	icicle/rusticle/brinicle	icicle	rusticle	brinicle
cgr	stalactite/stalagmite/bottlebrush	stalactite	stalagmite	bottlebrush
cgw	lavacicle/karst/tufa mound	lavacicle	karst	tufa mound
ţr	water	water	natural fresh water	artificial fresh water
rţr	water in motion/flow/irrigation/waterfall/cascade	running/flowing water	watering/irrigation	waterfall/cascade
bw	body of salt water	ocean/sea	lagoon	saltwater pond/lake
jy	water channel between land masses/bay/inlet	channel-like body of water allowing passage between two land masses	bay	narrow river-like inlet (on a body of water)
lz	body of fresh water	pond/lake	stream/river	freshwater inland sea
lzw	estuary/river delta/freshwater-saltwater transition zone	estuary	river delta	freshwater-saltwater transition zone
lzr	swamp/marsh/bog/fen/bayou/wetlands	swamp/marsh	bog/fen	bayou/wetlands
çty	north/south/longitude	north-south directional orientation	north	south
dny	east/west/latitude	east-west directional orientation	east	west
ntň	latitudinal base	equator	north pole	south pole
vs	season	season	seasonal condition	solstice/equinox of season
zy	spring (season)	springtime	spring blooming	spring equinox
mř	summer	summer/summertime	peak state of flora due to summer	summer solstice
ňš	autumn	autumn/fall	flora withering/dying during autumn	autumn equinox
çč	winter	winter	dormant state of flora due to winter	winter solstice
vsl	seasonally-determined solar exposure or temperature	seasonal ambient outdoor temperature range	seasonal duration of daylight in a 24-hour period	seasonal angle of sun
fšl	weather	weather condition	good weather condition	adverse weather condition
fšr	clime/climate	climate/clime	cold climate	warm climate
fth	sky/atmosphere/atmospheric phenomenon/atmospheric pressure/cloud	planetary atmosphere	atmospheric pressure	cloud
tth	cloud	cumuliform cloud	stratiform cloud	cirriform cloud
mţr	water-based weather phenomenon	rain	snow	hail
fph	weather front/air mass	air mass (differentiated by temperature, water vapour, pressure)	cold front	warm front
fkh	wind/storm	wind/momentary air-pressure-based atmospheric phenomenon	storm	spirally-oriented storm (e.g., tropical depression/storm, hurricane/cyclone/typhoon, tornado, etc.)
mhw	humidity/mugginess/balminess/crispness/briskness	humidity/mugginessof weather	balminess of weather	crispiness/briskiness of weather
vpl	lightning/electrical storm	lightning strike	electrical storm	ionized atmospheric conditions necessary to produce lightning
ňpļ	rainbow/aurora/zodiacal light/gegenschein	rainbow	aurora	zodiacal light/gegenschein/counterglow
vr	zero/null	empty set/group	zero-dimension	baseline null-state in a sequence
ll	one/unity	set/group of one	something indivisible/unified	first entity in a sequence
ks	two	set/group of two entities	something with two aspects/facets	second entity in a sequence
z	three	set/group of three entities	something with three aspects/facets	third entity in a sequence
pš	four	set/group of four entities	something with four aspects/facets	fourth entity in a sequence
st	five	set/group of five entities	something with five aspects/facets	fifth entity in a sequence
cp	six	set/group of six entities	something with six aspects/facets	sixth entity in a sequence
ns	seven	set/group of seven entities	something with seven aspects/facets	seventh entity in a sequence
čk	eight	set/group of eight entities	something with eight aspects/facets	eighth entity in a sequence
lẓ	nine	set/group of nine entities	something with nine aspects/facets	ninth entity in a sequence
j	ten	set/group of ten entities	something with ten aspects/facets	tenth entity in a sequence
gz	hundred	set/group of hundred entities	something with hundred aspects/facets	hundredth entity in a sequence
pc	myriad	set/group of myriad entities	something with myriad aspects/facets	ten-thousandth entity in a sequence
kẓ	hundred million	set/group of hundred million entities	something with hundred million aspects/facets	100⁴-th entity in a sequence
čg	ten quadrillion	set/group of ten quadrillion entities	something with ten quadrillion aspects/facets	100⁸-th entity in a sequence
cg	eleven	set/group of eleven entities	something with eleven aspects/facets	eleventh entity in a sequence
jd	twelve	set/group of twelve entities	something with twelve aspects/facets	twelfth entity in a sequence
ļj	thirteen	set/group of thirteen entities	something with thirteen aspects/facets	thirteenth entity in a sequence
bc	fourteen	set/group of fourteen entities	something with fourteen aspects/facets	fourteenth entity in a sequence
ţẓ	fifteen	set/group of fifteen entities	something with fifteen aspects/facets	fifteenth entity in a sequence
tf	addition/subtraction	adding/subtracting	adding	subtracting
ẓv	multiplication/division	multiplying/dividing	multiplying	dividing
nt	sequential enumeration	counting entities to determine quantity thereof	sequential numerical labeling for ordering/identifying	numerical pattern/arrangement, enumeration
nth	number/integer/rational number	number, expressing numerically	integer	rational number
rnt	real number/irrational number/imaginary number	real number	irrational number	imaginary/complex number
nthw	variable/coefficient/constant	variable	coefficient	mathematical constant
ňzx	abstract object/abstract structure/abstract operation	abstract object	abstract structure [OBJ=operation]	abstract operation [OBJ=(expected) transformation]
fř	shape/form/figure	2D shape/outline	2D shape/form	figure based on shape/form
řfř	contour/outline/mold/cast	2D contour/pattern as a model	3D contour/pattern as a model	mold/pattern/case
jb	2D decorative pattern/texture	simple 2D design/pattern	complex 2D design/pattern	2D texture
ckl	open-ended shape	open-ended shape	open-ended shape 3D extension	negative space of an open-ended shape
vř	straight line	straight line	flat plane	negative space of a line
plw	right angle	right angle	right angle 3D extension	negative space of a right angle
ply	acute angle	acute angle	acute angle 3D extension	negative space of an acute angle
fty	obtuse angle	obtuse angle	obtuse angle 3D extension	negative space of an obtuse angle
jkl	W-shape	W-shape	W-shape 3D extension	negative space of a W-shape
jkr	sawtooth shape	sawtooth shape	sawtooth shape 3D extension	negative space of a sawtooth shape
jkh	staircase shape	staircase shape	staircase shape 3D extension	negative space of a staircase shape
vtç	3-pointed shape	3-pointed shape	3-pointed shape 3D extension	negative space of a 3-pointed shape
ksmy	jagged line	jagged line	jagged line 3D extension	negative space of a jagged line
ḑgl	arc	arc	arc 3D extension	negative space of an arc
mkř	semicircle	semicircle	semicircle 3D extension	negative space of a semicircle
nzř	open circular shape	open circular shape	open circular shape 3D extension	negative space of an open circular shape
gbl	hump	hump	hump 3D extension	negative space of a hump
çbř	U-shape	U-shape	U-shape 3D extension	negative space of a U-shape
gbr	double hump	double hump	double hump 3D extension	negative space of a double hump
gzb	S-shape	S-shape	S-shape 3D extension	negative space of an S-shape
kţm	bullet shape	bullet shape	bullet shape 3D extension	negative space of a bullet shape
kţk	aristate shape	aristate shape	aristate shape 3D extension	negative space of an aristate shape
kţtļ	mucronate shape	mucronate shape	mucronate shape 3D extension	negative space of a mucronate shape
kţn	flattened aristate shape	flattened aristate shape	flattened aristate shape 3D extension	negative space of a flattened aristate shape
jbl	flattened bullet shape	flattened bullet shape	flattened bullet shape 3D extension	negative space of a flattened bullet shape
ḑdl	scallop shell shape	scallop shell shape	scallop shell shape 3D extension	negative space of a scallop shell shape
ḑdw	truncate shape	truncate shape	truncate shape 3D extension	negative space of a truncate shape
vgl	spade shape	spade shape	spade shape 3D extension	negative space of a spade shape
žty	pointed spade shape	pointed spade shape	pointed spade shape 3D extension	negative space of a pointed spade shape
xpy	wedge shape	wedge shape	wedge shape 3D extension	negative space of a wedge shape
xpr	concave wedge shape	concave wedge shape	concave wedge shape 3D extension	negative space of a concave wedge shape
ẓgl	Y-shape	Y-shape	Y-shape 3D extension	negative space of a Y-shape
mny	triple lobe shape	triple lobe shape	triple lobe shape 3D extension	negative space of a triple lobe shape
ssky	curvy line	curvy line	curvy line 3D extension	negative space of a curvy line
pfw	tooth shape	tooth shape	tooth shape 3D extension	negative space of a tooth shape
pfy	auriculate shape	auriculate shape	auriculate shape 3D extension	negative space of an auriculate shape
pfč	obcordate shape	obcordate shape	obcordate shape 3D extension	negative space of an obcordate shape
pfr	paired lobe shape	paired lobe shape	paired lobe shape 3D extension	negative space of a paired lobe shape
řfl	rounded Y-shape	rounded Y-shape	rounded Y-shape 3D extension	negative space of a rounded Y-shape
řfy	hastate shape	hastate shape	hastate shape 3D extension	negative space of a hastate shape
řtř	irregular line	irregular line	irregular line 3D extension	negative space of an irregular line
ckr	shape	shape outline	filled shape	negative space of a shape
pšl	square	square outline	square	negative space of a square
kšl	rectangle	rectangle outline	rectangle	negative space of a rectangle
zl	isosceles triangle	isosceles triangle outline	isosceles triangle	negative space of an isosceles triangle
řzl	scalene triangle	scalene triangle outline	scalene triangle	negative space of a scalene triangle
rzl	right triangle	right triangle outline	right triangle	negative space of a right triangle
rpšl	rhombus/diamond shape	rhombus/diamond shape outline	rhombus/diamond shape	negative space of a rhombus/diamond shape
řpšl	rhomboid/parallelogram	rhomboid/parallelogram outline	rhomboid/parallelogram	negative space of a rhomboid/parallelogram
nzl	circle	circle outline	circle	negative space of a circle
mzl	ellipse	ellipse outline	ellipse	negative space of an ellipse
kkl	sliver moon shape	sliver moon shape outline	sliver moon shape	negative space of a sliver moon shape
mkl	half moon shape	half moon shape outline	half moon shape	negative space of a half moon shape
kkr	gibbous moon shape	gibbous moon shape outline	gibbous moon shape	negative space of a gibbous moon shape
sbl	teardrop shape	teardrop shape outline	teardrop shape	negative space of a teardrop shape
sskl	irregular rounded shape	irregular rounded shape outline	irregular rounded shape	negative space of an irregular rounded shape
lpšl	trapezoid	trapezoid outline	trapezoid	negative space of a trapezoid
stl	pentagon	pentagon outline	pentagon	negative space of a pentagon
cpl	hexagon	hexagon outline	hexagon	negative space of a hexagon
nsl	heptagon	heptagon outline	heptagon	negative space of a heptagon
čkl	octagon	octagon outline	octagon	negative space of an octagon
kšř	doubly-truncated square	doubly-truncated square outline	doubly-truncated square	negative space of a doubly-truncated square
ksml	irregular polygon	irregular polygon outline	irregular polygon	negative space of an irregular polygon
nzm	rounded square	rounded square outline	rounded square	negative space of a rounded square
lkšl	rounded rectangle	rounded rectangle outline	rounded rectangle	negative space of a rounded rectangle
nzvl	oval	oval outline	oval	negative space of an oval
çbl	half-rounded square	half-rounded square outline	half-rounded square	negative space of a half-rounded square
tbl	thick arch shape	thick arch shape outline	thick arch shape	negative space of a thick arch shape
zbl	valentine/heart shape	valentine/heart shape outline	valentine/heart shape	negative space of a valentine/heart shape
fpš	cross/X-shape	cross/X-shape outline	cross/X-shape	negative space of a cross/X-shape
vkl	arrow-shape	arrow-shape outline	arrow-shape	negative space of an arrow-shape
bžv	mushroom shape	mushroom shape outline	mushroom shape	negative space of a mushroom shape
pšř	4-pointed star	4-pointed star outline	4-pointed star	negative space of a 4-pointed star
stř	5-pointed star	5-pointed star outline	5-pointed star	negative space of a 5-pointed star
cpř	6-pointed star	6-pointed star outline	6-pointed star	negative space of a 6-pointed star
skl	multi-pointed star	multi-pointed star outline	multi-pointed star	negative space of a multi-pointed star
vkw	spiked circle	spiked circle outline	spiked circle	negative space of a spiked circle
tļk	3D form/lattice	3D shape	hollow 3D shape	3D lattice
nzw	sphere	sphere	hollow sphere	spherical lattice
pšr	cube	cube	hollow cube	cube lattice
kšr	rectangular prism/cuboid	rectangular prism/cuboid	hollow rectangular prism/cuboid	rectangular prism/cuboid lattice
nzn	cylinder	cylinder	hollow cylinder	cylinder lattice
nzy	cone	cone	hollow cone	cone lattice
pšn	tetrahedron	tetrahedron	tetrahedron	tetrahedron lattice
zr	square pyramid	square pyramid	hollow square pyramid	square pyramid lattice
mkw	hemisphere	hemisphere	hollow hemisphere	hemisphere lattice
mzw	ellipsoid	ellipsoid	hollow ellipsoid	ellipsoid lattice
rčkw	triangular octahedron	triangular octahedron	hollow triangular octahedron	triangular octahedron lattice
tbw	torus/donut	torus	hollow torus	toroidal lattice
tby	half-torus/half-donut	half-torus	hollow half-torus	half-torus lattice
rzr	equilateral triangular prism	equilateral triangular prism	hollow equilateral triangular prism	equilateral triangular prism lattice
nzvw	ovoid (circular cross-section)	ovoid	hollow ovoid	ovoid lattice
nzr	disc	disc	hollow disc	disc lattice
mzr	lozenge shape (oval/ellipse cross-section)	lozenge shape	hollow lozenge shape	lozenge shape lattice
çbw	round-topped cylinder	round-topped cylinder	hollow round-topped cylinder	round-topped cylinder lattice
skr	3D multi-pointed star	3D multi-pointed star	hollow 3D multi-pointed star	3D multi-pointed star lattice
vkf	3D spiked spheroid	3D spiked spheroid	hollow 3D spiked spheroid	3D spiked spheroid lattice
ksmr	irregular polyhedron	irregular polyhedron	hollow irregular polyhedron	irregular polyhedron lattice
sskr	irregular/ameboid shape	irregular/ameboid shape	hollow irregular/ameboid shape	irregular/ameboid shape lattice
çbr	round-topped cuboid	round-topped cuboid	hollow round-topped cuboid	round-topped cuboid lattice
lpšr	truncated pyramid	truncated pyramid	hollow truncated pyramid	truncated pyramid lattice
ňbl	polygon	polygon outline	polygon	negative space of a polygon
šbl	polyhedron	polyhedron	hollow polyhedron	polyhedral lattice
rnzm	concave disc (shaped like a Life-Saver piece of candy)	concave disc	hollow concave disc	concave disc lattice
rnzn	half-concave disc (concave lens-shaped)	half-concave disc	hollow half-concave disc	half-concave disc lattice
rnzw	convex disc (convex lens-shaped)	convex disc	hollow convex disc	convex disc lattice
rẓ	chemical element	chemical element	positive ion of a chemical element	negative ion of a chemical element
pçk	hydrogen	hydrogen	hydron	hydride
pçkw	lithium	lithium	Li cation	Li anion
pçky	sodium	sodium	Na cation	Na anion
pçkl	potassium	potassium	K cation	K anion
pçkr	rubidium	rubidium	Rb cation	Rb anion
pçkř	caesium	caesium	Cs cation	Cs anion
pçkf	francium	francium	Fr cation	Fr anion
lvg	beryllium	beryllium	Be cation	Be anion
lvgw	magnesium	magnesium	Mg cation	Mg anion
lvgy	calcium	calcium	Ca cation	Ca anion
lvgl	strontium	strontium	Sr cation	Sr anion
lvgr	barium	barium	Ba cation	Ba anion
lvgř	radium	radium	Ra cation	Ra anion
lvgv	scandium	scandium	Sc cation	Sc anion
lvgz	yttrium	yttrium	Y cation	Y anion
pļw	titanium	titanium	Ti cation	Ti anion
pļm	zirconium	zirconium	Zr cation	Zr anion
pļn	hafnium	hafnium	Hf cation	Hf anion
pļň	rutherfordium	rutherfordium	Rf cation	Rf anion
rtň	vanadium	vanadium	V cation	V anion
rtňw	niobium	niobium	Nb cation	Nb anion
rsň	tantalum	tantalum	Ta cation	Ta anion
rsňw	dubnium	dubnium	Db cation	Db anion
škr	chromium	chromium	Cr cation	Cr anion
škw	molybdenum	molybdenum	Mo cation	Mo anion
šky	tungsten	tungsten	W cation	W anion
škř	seaborgium	seaborgium	Sg cation	Sg anion
tļn	manganese	manganese	Mn cation	Mn anion
tļnw	technetium	technetium	Tc cation	Tc anion
tļň	rhenium	rhenium	Re cation	Re anion
tļňw	bohrium	bohrium	Bh cation	Bh anion
sgl	iron	iron	Fe cation	Fe anion
sgw	ruthenium	ruthenium	Ru cation	Ru anion
sgy	osmium	osmium	Os cation	Os anion
sgv	hassium	hassium	Hs cation	Hs anion
ẓtw	cobalt	cobalt	Co cation	Co anion
ẓty	rhodium	rhodium	Rh cation	Rh anion
ẓtf	iridium	iridium	Ir cation	Ir anion
ẓtv	meitnerium	meitnerium	Mt cation	Mt anion
xdw	nickel	nickel	Ni cation	Ni anion
xdy	palladium	palladium	Pd cation	Pd anion
xdl	platinum	platinum	Pt cation	Pt anion
xdr	darmstadtium	darmstadtium	Ds cation	Ds anion
mẓ	copper	copper	Cu cation	Cu anion
rļ	silver	silver	Ag cation	Ag anion
lj	gold	gold	Au cation	Au anion
ljňw	roentgenium	roentgenium	Rg cation	Rg anion
ḑbw	zinc	zinc	Zn cation	Zn anion
ḑby	cadmium	cadmium	Cd cation	Cd anion
ḑbl	mercury	mercury	Hg cation	Hg anion
ḑbr	copernicium	attļalekça	Cn cation	Cn anion
špw	boron	boron	B cation	B anion
špy	aluminum	aluminum	Al cation	Al anion
špl	gallium	gallium	Ga cation	Ga anion
špr	indium	indium	In cation	In anion
špř	thallium	thallium	Tl cation	Tl anion
špš	nihonium	nihonium	Nh cation	Nh anion
žpl	carbon	carbon	carbocation	carbanion
žpw	silicon	silicon	Si cation	Si anion
žpy	germanium	germanium	Ge cation	Ge anion
žpr	tin	tin	Sn cation	Sn anion
žpř	lead (element)	lead (element)	Pb cation	Pb anion
žpf	flerovium	flerovium	Fl cation	Fl anion
lxt	nitrogen	nitrogen	N cation	N anion
lxtw	phosphorus	phosphorus	P cation	P anion
lxty	arsenic	arsenic	As cation	As anion
lxtl	antimony	antimony	Sb cation	Sb anion
lxtr	bismuth	bismuth	Bi cation	Bi anion
lxtř	moscovium	moscovium	Mc cation	Mc anion
ňn	oxygen	oxygen	oxonium	oxyanion
ňzd	sulfur	sulfur	S cation	S anion
ňzdw	selenium	selenium	Se cation	Se anion
ňzdy	tellurium	tellurium	Te cation	Te anion
ňzdl	polonium	polonium	Po cation	Po anion
ňzdr	livermorium	livermorium	Lv cation	Lv anion
bztw	fluorine	fluorine	F cation	F anion
bzty	chlorine	chlorine	Cl cation	Cl anion
bztl	bromine	bromine	Br cation	Br anion
bztr	iodine	iodine	I cation	I anion
bztř	astatine	astatine	At cation	At anion
bztļ	tennessine	tennessine	Ts cation	Ts anion
gzpw	helium	helium	He cation	He anion
gzpy	neon	neon	Ne cation	Ne anion
gzpl	argon	argon	Ar cation	Ar anion
gzpr	krypton	krypton	Kr cation	Kr anion
gzpř	xenon	xenon	Xe cation	Xe anion
gzpf	radon	radon	Rn cation	Rn anion
gzpļ	oganesson	oganesson	Og cation	Og anion
řcp	lanthanum	lanthanum	La cation	La anion
řcpw	cerium	cerium	Ce cation	Ce anion
řcpy	praseodymium	praseodymium	Pr cation	Pr anion
řcpç	neodymium	neodymium	Nd cation	Nd anion
řcpl	promethium	promethium	Pm cation	Pm anion
řcpf	samarium	samarium	Sm cation	Sm anion
řcpļ	europium	europium	Eu cation	Eu anion
řcpř	gadolinium	gadolinium	Gd cation	Gd anion
řcpr	terbium	terbium	Tb cation	Tb anion
řcps	dysprosium	dysprosium	Dy cation	Dy anion
řcpš	holmium	holmium	Ho cation	Ho anion
řcc	erbium	erbium	Er cation	Er anion
řccw	thulium	thulium	Tm cation	Tm anion
řcč	ytterbium	ytterbium	Yb cation	Yb anion
řcčw	lutetium	lutetium	Lu cation	Lu anion
řpst	actinium	actinium	Ac cation	Ac anion
řpstw	thorium	thorium	Th cation	Th anion
řpsty	protactinium	protactinium	Pa cation	Pa anion
řpstl	uranium	uranium	U cation	U anion
řpstr	neptunium	neptunium	Np cation	Np anion
řpstř	plutonium	plutonium	Pu cation	Pu anion
řpstf	americium	americium	Am cation	Am anion
řpstļ	curium	curium	Cm cation	Cm anion
řpsc	burkelium	berkelium	Bk cation	Bk anion
řpsč	californium	californium	Cf cation	Cf anion
řpscw	einsteinium	einsteinium	Es cation	Es anion
řpsčw	fermium	fermium	Fm cation	Fm anion
řpss	mendelevium	mendelevium	Md cation	Md anion
řpssw	nobelium	nobelium	No cation	No anion
řpssy	lawrencium	lawrencium	Lr cation	Lr anion
rẓb	chemical compound/chemical reaction	chemical compound	chemical reaction	energy released from chemical reaction
rẓbw	chemical compound by type of molecule bond	covalent compound	ionic compound	metallic compound
fd	table salt (sodium chloride)	table salt	chemical reaction of table salt	energy released from chemical reaction of table salt
tpf	plaster of Paris (calcium sulfate hemihydrate)	plaster of Paris	chemical reaction of plaster of Paris	energy released from chemical reaction of plaster of Paris
ppf	talc/talcum	talc	chemical reaction of talc	energy released from chemical reaction of talc
dpf	baking soda (sodium bicarbonate)	baking soda	chemical reaction of baking soda	energy released from chemical reaction of baking soda
ňpf	washing soda (sodium carbonate decahydrate)	washing soda	chemical reaction of washing soda	energy released from chemical reaction of washing soda
rpf	magnesia (magnesium hydroxide)	magnesia	chemical reaction of magnesia	energy released from chemical reaction of magnesia
řpf	lye/soda lye/caustic soda (calcium hydroxide)	lye	chemical reaction of lye	energy released from chemical reaction of lye
xpf	lime/quicklime (calcium oxide)	lime	chemical reaction of lime	energy released from chemical reaction of lime
ļpf	slaked lime/caustic lime (calcium hydroxide)	slaked lime	chemical reaction of slaked lime	energy released from chemical reaction of slaked lime
špf	potash (potassium carbonate)	potash	chemical reaction of potash	energy released from chemical reaction of potash
gpf	saltpeter (potassium nitrate)	saltpeter	chemical reaction of saltpeter	energy released from chemical reaction of saltpeter
vpf	bleaching powder (calcium hypochlorite)	bleaching powder	chemical reaction of bleaching powder	energy released from chemical reaction of bleaching powder
cpf	borax (sodium tetraborate)	borax	chemical reaction of borax	energy released from chemical reaction of borax
čpf	emery/corundite	emery	chemical reaction of emery	energy released from chemical reaction of emery
ḑpf	epsom salt (magnesium sulfate heptahydrate)	epsom salt	chemical reaction of epsom salt	energy released from chemical reaction of epsom salt
kçpf	calcium oxychloride (i.e. bleaching powder)	calcium oxychloride	chemical reaction of calcium oxychloride	energy released from chemical reaction of calcium oxychloride
nļpf	caustic potash (potassium hydroxide)	caustic potash	chemical reaction of caustic potash	energy released from chemical reaction of caustic potash
kţpf	silica	silica	chemical reaction of silica	energy released from chemical reaction of silica
dmy	bleach (sodium hypochlorite)	bleach	chemical reaction of bleach	energy released from chemical reaction of bleach
pmy	zinc white/zinc oxide	zinc white	chemical reaction of zinc white	energy released from chemical reaction of zinc white
zdw	fluorspar/fluorite	fluorite	chemical reaction of fluorite	energy released from chemical reaction of fluorite
dnw	carbolic acid (phenol)	carbolic acid	chemical reaction of carbolic acid	energy released from chemical reaction of carbolic acid
zdy	copper sulphate (i.e. blue vitriol)	copper sulphate	chemical reaction of copper sulphate	energy released from chemical reaction of copper sulphate
cbl	carbon dioxide	carbon dioxide	chemical reaction of carbon dioxide	energy released from chemical reaction of carbon dioxide
gvbl	laughing gas (nitrous oxide)	laughing gas	chemical reaction of laughing gas	energy released from chemical reaction of laughing gas
gvbr	methane	methane	chemical reaction of methane	energy released from chemical reaction of methane
ẓtç	dynamite	dynamite	chemical reaction of dynamite	energy released from chemical reaction of dynamite
xbw	aspirin/ASA	aspirin	chemical reaction of aspirin	energy released from chemical reaction of aspirin
jny	calomel (mercurous chloride)	calomel	chemical reaction of calomel	energy released from chemical reaction of calomel
kspr	gasoline	gasoline	chemical reaction of gasoline	energy released from chemical reaction of gasoline
kspl	kerosene	kerosene	chemical reaction of kerosene	energy released from chemical reaction of kerosene
kspw	benzene	benzene	chemical reaction of benzene	energy released from chemical reaction of benzene
kspy	butane	butane	chemical reaction of butane	energy released from chemical reaction of butane
kspř	propane	propane	chemical reaction of propane	energy released from chemical reaction of propane
vml	methanol/methyl alcohol/wood alcohol	methanol	chemical reaction of methanol	energy released from chemical reaction of methanol
vmy	ethanol/ethyl alcohol/grain alcohol	ethanol	chemical reaction of ethanol	energy released from chemical reaction of ethanol
tļmw	graphite	graphite	chemical reaction of graphite	energy released from chemical reaction of graphite
tļmy	graphene	graphene	chemical reaction of graphene	energy released from chemical reaction of graphene
lcm	table sugar/sucrose	table sugar	chemical reaction of table sugar	energy released from chemical reaction of table sugar
lcn	glucose	glucose	chemical reaction of glucose	energy released from chemical reaction of glucose
lcmw	fructose	fructose	chemical reaction of fructose	energy released from chemical reaction of fructose
lcmy	dextrose	dextrose	chemical reaction of dextrose	energy released from chemical reaction of dextrose
lcny	sugar (-ose compound)	sugar (-ose compound)	chemical reaction of sugar	energy released from chemical reaction of sugar
zdř	asbestos	asbestos	chemical reaction of asbestos	energy released from chemical reaction of asbestos
xbř	milk of magnesia	milk of magnesia	chemical reaction of milk of magnesia	energy released from chemical reaction of milk of magnesia
kftw	acetone	acetone	chemical reaction of acetone	energy released from chemical reaction of acetone
kfty	ammonia	ammonia	chemical reaction of ammonia	energy released from chemical reaction of ammonia
kftl	rubbing alcohol/isopropyl alcohol	rubbing alcohol	chemical reaction of rubbing alcohol	energy released from chemical reaction of rubbing alcohol
kftr	vinegar (acetic acid)	vinegar	chemical reaction of vinegar	energy released from chemical reaction of vinegar
kftř	glycerin (trihydroxy propanol)	glycerin	chemical reaction of glycerin	energy released from chemical reaction of glycerin
kftç	oil of vitriol (sulfuric acid)	oil of vitriol	chemical reaction of oil of vitriol	energy released from chemical reaction of oil of vitriol
kfth	formalin/aqueous formaldehyde solution	formalin	chemical reaction of formalin	energy released from chemical reaction of formalin
kfthw	muriatic acid (hydrochloric acid)	muriatic acid	chemical reaction of muriatic acid	energy released from chemical reaction of muriatic acid
pfk	vitamin	vitamin	chemical reaction of vitamin	energy released from chemical reaction of vitamin
pfkw	vitamin A/retinol/beta-carotene	vitamin A	chemical reaction of vitamin A	energy released from chemical reaction of vitamin A
pfky	vitamin B1/thiamine	vitamin B1	chemical reaction of vitamin B1	energy released from chemical reaction of vitamin B1
pfkl	vitamin B2/riboflavin	vitamin B2	chemical reaction of vitamin B2	energy released from chemical reaction of vitamin B2
pfkr	vitamin B3/niacin/niacinamide	vitamin B3	chemical reaction of vitamin B3	energy released from chemical reaction of vitamin B3
pfkř	vitamin B5/pantothenic acid	vitamin B5	chemical reaction of vitamin B5	energy released from chemical reaction of vitamin B5
pfkç	vitamin B6/pridoxine	vitamin B6	chemical reaction of vitamin B6	energy released from chemical reaction of vitamin B6
pfkf	vitamin B7/biotin	vitamin B7	chemical reaction of vitamin B7	energy released from chemical reaction of vitamin B7
pfkţ	vitamin B9/folate/folic acid	vitamin B9	chemical reaction of vitamin B9	energy released from chemical reaction of vitamin B9
pfkm	vitamin B12/cobalamin	vitamin B12	chemical reaction of vitamin B12	energy released from chemical reaction of vitamin B12
pfkn	vitamin B3/niacin/niacinamide	vitamin B3	chemical reaction of vitamin B3	energy released from chemical reaction of vitamin B3
pfkh	vitamin B3/niacin/niacinamide	vitamin B3	chemical reaction of vitamin B3	energy released from chemical reaction of vitamin B3
pfg	vitamin C/ascorbic acid	vitamin C	chemical reaction of vitamin C	energy released from chemical reaction of vitamin C
pfgw	vitamin D2/ergocalciferol	vitamin D2	chemical reaction of vitamin D2	energy released from chemical reaction of vitamin D2
pfgy	vitamin D3/cholecalciferol	vitamin D3	chemical reaction of vitamin D3	energy released from chemical reaction of vitamin D3
pfgl	vitamin E/tocopherol/tocotrienol	vitamin E	chemical reaction of vitamin E	energy released from chemical reaction of vitamin E
pfgr	vitamin K/phylloqinone	vitamin K	chemical reaction of vitamin K	energy released from chemical reaction of vitamin K
pfx	omega-3 fatty acid	omega-3 fatty acid	chemical reaction of omega-3 fatty acid	energy released from chemical reaction of omega-3 fatty acid
pfxw	omega-6 fatty acid	omega-6 fatty acid	chemical reaction of omega-6 fatty acid	energy released from chemical reaction of omega-6 fatty acid
pfxr	omega-9 fatty acid	omega-9 fatty acid	chemical reaction of omega-9 fatty acid	energy released from chemical reaction of omega-9 fatty acid
pçp	protein	protein	chemical reaction of protein	energy released from chemical reaction of protein
pçpw	nucleic acid	nucleic acid	chemical reaction of nucleic acid	energy released from chemical reaction of nucleic acid
pçpy	ribonucleic acid	ribonucleic acid	chemical reaction of ribonucleic acid	energy released from chemical reaction of ribonucleic acid
pçpl	deoxyribonucleic acid	deoxyribonucleic acid	chemical reaction of deoxyribonucleic acid	energy released from chemical reaction of deoxyribonucleic acid
pçpr	nucleoside	nucleoside	chemical reaction of nucleoside	energy released from chemical reaction of nucleoside
pçpř	nucleotide	nucleotide	chemical reaction of nucleotide	energy released from chemical reaction of nucleotide
pçpç	adenine	adenine	chemical reaction of adenine	energy released from chemical reaction of adenine
pçpf	cytosine	cytosine	chemical reaction of cytosine	energy released from chemical reaction of cytosine
pçpţ	guanine	guanine	chemical reaction of guanine	energy released from chemical reaction of guanine
pçpļ	thymine	thymine	chemical reaction of thymine	energy released from chemical reaction of thymine
pçph	uracil	uracil	chemical reaction of uracil	energy released from chemical reaction of uracil
ňzvl	peptide	peptide	chemical reaction of peptide	energy released from chemical reaction of peptide
ňzvr	eicosanoid	eicosanoid	chemical reaction of eicosanoid	energy released from chemical reaction of eicosanoid
ňžp	hormone	hormone	chemical reaction of hormone	energy released from chemical reaction of hormone
ňžpw	adrenaline	adrenaline	chemical reaction of adrenaline	energy released from chemical reaction of adrenaline
ňžpy	melatonin	melatonin	chemical reaction of melatonin	energy released from chemical reaction of melatonin
ňžpl	norepinephrine	norepinephrine	chemical reaction of norepinephrine	energy released from chemical reaction of norepinephrine
ňžpr	triiodothyronine	triiodothyronine	chemical reaction of triiodothyronine	energy released from chemical reaction of triiodothyronine
ňžpř	thyroxine	thyroxine	chemical reaction of thyroxine	energy released from chemical reaction of thyroxine
ňžpç	dopamine	dopamine	chemical reaction of dopamine	energy released from chemical reaction of dopamine
ňžpf	prostaglandin	prostaglandin	chemical reaction of prostaglandin	energy released from chemical reaction of prostaglandin
ňžpţ	leukotriene	leukotriene	chemical reaction of leukotriene	energy released from chemical reaction of leukotriene
ňžpļ	prostacyclin	prostacyclin	chemical reaction of prostacyclin	energy released from chemical reaction of prostacyclin
ňžph	thromboxane	thromboxane	chemical reaction of thromboxane	energy released from chemical reaction of thromboxane
ňtp	amylin	amylin	chemical reaction of amylin	energy released from chemical reaction of amylin
ňtpw	anti-Müllerian hormone	anti-Müllerian hormone	chemical reaction of anti-Müllerian hormone	energy released from chemical reaction of anti-Müllerian hormone
ňtpy	adiponectin	adiponectin	chemical reaction of adiponectin	energy released from chemical reaction of adiponectin
ňtpl	corticotropin	corticotropin	chemical reaction of corticotropin	energy released from chemical reaction of corticotropin
ňtpr	angiotensin	angiotensin	chemical reaction of angiotensin	energy released from chemical reaction of angiotensin
ňtpř	angiotensinogen	angiotensinogen	chemical reaction of angiotensinogen	energy released from chemical reaction of angiotensinogen
ňtpç	vasopressin	vasopressin	chemical reaction of vasopressin	energy released from chemical reaction of vasopressin
ňtpf	brain natriuretic peptide	brain natriuretic peptide	chemical reaction of brain natriuretic peptide	energy released from chemical reaction of brain natriuretic peptide
ňtpţ	clacitonin	clacitonin	chemical reaction of clacitonin	energy released from chemical reaction of clacitonin
ňtpļ	cholecystokinin	cholecystokinin	chemical reaction of cholecystokinin	energy released from chemical reaction of cholecystokinin
ňtph	corticotropin-releasing hormone	corticotropin-releasing hormone	chemical reaction of corticotropin-releasing hormone	energy released from chemical reaction of corticotropin-releasing hormone
ňfp	cortistatin	cortistatin	chemical reaction of cortistatin	energy released from chemical reaction of cortistatin
ňfpw	enkephalin	enkephalin	chemical reaction of enkephalin	energy released from chemical reaction of enkephalin
ňfpy	endothelin	endothelin	chemical reaction of endothelin	energy released from chemical reaction of endothelin
ňfpl	erythropoietin	erythropoietin	chemical reaction of erythropoietin	energy released from chemical reaction of erythropoietin
ňfpr	follicle-stimulatingg hormone	follicle-stimulating hormone	chemical reaction of follicle-stimulating hormone	energy released from chemical reaction of follicle-stimulating hormone
msg	androgen	androgen	chemical reaction of androgen	energy released from chemical reaction of androgen
msgw	testosterone	testosterone	chemical reaction of testosterone	energy released from chemical reaction of testosterone
msgy	dehydroepiondrosterone	dehydroepiondrosterone	chemical reaction of dehydroepiondrosterone	energy released from chemical reaction of dehydroepiondrosterone
msgl	androstenedione	androstenedione	chemical reaction of androstenedione	energy released from chemical reaction of androstenedione
msgr	dihydrotestosterone	dihydrotestosterone	chemical reaction of dihydrotestosterone	energy released from chemical reaction of dihydrotestosterone
msb	estrogen	estrogen	chemical reaction of estrogen	energy released from chemical reaction of estrogen
msbw	estradiol	estradiol	chemical reaction of estradiol	energy released from chemical reaction of estradiol
msby	estrone	estrone	chemical reaction of estrone	energy released from chemical reaction of estrone
msbl	estriol	estriol	chemical reaction of estriol	energy released from chemical reaction of estriol
msbr	progestogen	progestogen	chemical reaction of progestogen	energy released from chemical reaction of progestogen
msbř	progesterone	progesterone	chemical reaction of progesterone	energy released from chemical reaction of progesterone
msm	corticoid	corticoid	chemical reaction of corticoid	energy released from chemical reaction of corticoid
msmw	aldosterone	aldosterone	chemical reaction of aldosterone	energy released from chemical reaction of aldosterone
msmy	cortisol	cortisol	chemical reaction of cortisol	energy released from chemical reaction of cortisol
msn	steroid	steroid	chemical reaction of steroid	energy released from chemical reaction of steroid
msnw	secosteroid	secosteroid	chemical reaction of secosteroid	energy released from chemical reaction of secosteroid
msny	calcitriol	calcitriol	chemical reaction of calcitriol	energy released from chemical reaction of calcitriol
msň	calcidiol	calcidiol	chemical reaction of calcidiol	energy released from chemical reaction of calcidiol
msd	thyroglobulin	thyroglobulin	chemical reaction of thyroglobulin	energy released from chemical reaction of thyroglobulin
msdw	troponin I	troponin I	chemical reaction of troponin I	energy released from chemical reaction of troponin I
msdy	troponin T	troponin T	chemical reaction of troponin T	energy released from chemical reaction of troponin T
msdl	creatine kinase	creatine kinase	chemical reaction of creatine kinase	energy released from chemical reaction of creatine kinase
msdr	prostate specific antigen	prostate specific antigen	chemical reaction of prostate specific antigen	energy released from chemical reaction of prostate specific antigen
msdř	carcinoembryonic antigen	carcinoembryonic antigen	chemical reaction of carcinoembryonic antigen	energy released from chemical reaction of carcinoembryonic antigen
mfb	alpha feroprotein	alpha feroprotein	chemical reaction of alpha feroprotein	energy released from chemical reaction of alpha feroprotein
mfbw	myoglobin	myoglobin	chemical reaction of myoglobin	energy released from chemical reaction of myoglobin
mfby	bilirubin	bilirubin	chemical reaction of bilirubin	energy released from chemical reaction of bilirubin
mfbl	hemoglobin	hemoglobin	chemical reaction of hemoglobin	energy released from chemical reaction of hemoglobin
mfbr	ceruloplasmin	ceruloplasmin	chemical reaction of ceruloplasmin	energy released from chemical reaction of ceruloplasmin
pçň	ferritin	ferritin	chemical reaction of ferritin	energy released from chemical reaction of ferritin
pçňw	C-reactive protein	C-reactive protein	chemical reaction of C-reactive protein	energy released from chemical reaction of C-reactive protein
pçb	amino acid	amino acid	chemical reaction of amino acid	energy released from chemical reaction of amino acid
pçbw	histidine	histidine	chemical reaction of histidine	energy released from chemical reaction of histidine
pçby	isoleucine	isoleucine	chemical reaction of isoleucine	energy released from chemical reaction of isoleucine
pçbl	leucine	leucine	chemical reaction of leucine	energy released from chemical reaction of leucine
pçbr	lysine	lysine	chemical reaction of lysine	energy released from chemical reaction of lysine
pçbř	methionine	methionine	chemical reaction of methionine	energy released from chemical reaction of methionine
pçg	phenylalanine	phenylalanine	chemical reaction of phenylalanine	energy released from chemical reaction of phenylalanine
pçgw	threonine	threonine	chemical reaction of threonine	energy released from chemical reaction of threonine
pçgy	tryptophan	tryptophan	chemical reaction of tryptophan	energy released from chemical reaction of tryptophan
pçgl	valine	valine	chemical reaction of valine	energy released from chemical reaction of valine
pçgr	arginine	arginine	chemical reaction of arginine	energy released from chemical reaction of arginine
pçgř	cystine	cystine	chemical reaction of cystine	energy released from chemical reaction of cystine
pçd	glutamine	glutamine	chemical reaction of glutamine	energy released from chemical reaction of glutamine
pçdw	glycine	glycine	chemical reaction of glycine	energy released from chemical reaction of glycine
pçdy	proline	proline	chemical reaction of proline	energy released from chemical reaction of proline
pçdl	tyrosine	tyrosine	chemical reaction of tyrosine	energy released from chemical reaction of tyrosine
pçdr	alanine	alanine	chemical reaction of alanine	energy released from chemical reaction of alanine
pçdř	aspartic acid	aspartic acid	chemical reaction of aspartic acid	energy released from chemical reaction of aspartic acid
pçf	asparagine	asparagine	chemical reaction of asparagine	energy released from chemical reaction of asparagine
pçfw	glutamic acid	glutamic acid	chemical reaction of glutamic acid	energy released from chemical reaction of glutamic acid
pçfy	serine	serine	chemical reaction of serine	energy released from chemical reaction of serine
pçfl	selenocysteine	selenocysteine	chemical reaction of selenocysteine	energy released from chemical reaction of selenocysteine
pçfr	pyrrolysine	pyrrolysine	chemical reaction of pyrrolysine	energy released from chemical reaction of pyrrolysine
pçfř	taurine	taurine	chemical reaction of taurine	energy released from chemical reaction of taurine
pçtw	choline	choline	chemical reaction of choline	energy released from chemical reaction of choline
pçty	inositol	inositol	chemical reaction of inositol	energy released from chemical reaction of inositol
pçtl	polyphenol/lignan	polyphenol	chemical reaction of polyphenol	energy released from chemical reaction of polyphenol
pçtr	flavonoid	flavonoid	chemical reaction of flavonoid	energy released from chemical reaction of flavonoid
ňfpř	galanin	galanin	chemical reaction of galanin	energy released from chemical reaction of galanin
ňfpç	gastric inhibitory polypeptide	gastric inhibitory polypeptide	chemical reaction of gastric inhibitory polypeptide	energy released from chemical reaction of gastric inhibitory polypeptide
ňfpf	gastrin	gastrin	chemical reaction of gastrin	energy released from chemical reaction of gastrin
ňfpţ	ghrelin	ghrelin	chemical reaction of ghrelin	energy released from chemical reaction of ghrelin
ňfph	glucagon	glucagon	chemical reaction of glucagon	energy released from chemical reaction of glucagon
ňfk	glucagon-like peptide 1	glucagon-like peptide 1	chemical reaction of glucagon-like peptide 1	energy released from chemical reaction of glucagon-like peptide 1
ňfkw	gonadotropin-releasing hormone	gonadotropin-releasing hormone	chemical reaction of gonadotropin-releasing hormone	energy released from chemical reaction of gonadotropin-releasing hormone
ňfky	hepcidin	hepcidin	chemical reaction of hepcidin	energy released from chemical reaction of hepcidin
ňfkl	human chorionic gonadotropin	human chorionic gonadotropin	chemical reaction of human chorionic gonadotropin	energy released from chemical reaction of human chorionic gonadotropin
ňfkr	growth hormone	growth hormone	chemical reaction of growth hormone	energy released from chemical reaction of growth hormone
ňfkř	inhibin	inhibin	chemical reaction of inhibin	energy released from chemical reaction of inhibin
ňfkç	insulin	insulin	chemical reaction of insulin	energy released from chemical reaction of insulin
ňfkf	somatomedin	somatomedin	chemical reaction of somatomedin	energy released from chemical reaction of somatomedin
ňfkţ	leptin	leptin	chemical reaction of leptin	energy released from chemical reaction of leptin
ňfkm	lipotropin	lipotropin	chemical reaction of lipotropin	energy released from chemical reaction of lipotropin
ňfkn	luteinizing hormone	luteinizing hormone	chemical reaction of luteinizing hormone	energy released from chemical reaction of luteinizing hormone
ňfks	melanocyte stimulating hormone	melanocyte stimulating hormone	chemical reaction of melanocyte stimulating hormone	energy released from chemical reaction of melanocyte stimulating hormone
ňfkš	motilin	motilin	chemical reaction of motilin	energy released from chemical reaction of motilin
ňfkh	orexin	orexin	chemical reaction of orexin	energy released from chemical reaction of orexin
ňţp	osteocalcin	osteocalcin	chemical reaction of osteocalcin	energy released from chemical reaction of osteocalcin
ňţpw	oxytocin/pitocin	oxytocin/pitocin	chemical reaction of oxytocin/pitocin	energy released from chemical reaction of oxytocin/pitocin
ňţpy	pancreatic polypeptide	pancreatic polypeptide	chemical reaction of pancreatic polypeptide	energy released from chemical reaction of pancreatic polypeptide
ňţpl	parathyroid hormone	parathyroid hormone	chemical reaction of parathyroid hormone	energy released from chemical reaction of parathyroid hormone
ňţpr	pituitary adenylate cyclase-activating peptide	pituitary adenylate cyclase-activating peptide	chemical reaction of pituitary adenylate cyclase-activating peptide	energy released from chemical reaction of pituitary adenylate cyclase-activating peptide
ňţpř	prolactin	prolactin	chemical reaction of prolactin	energy released from chemical reaction of prolactin
ňţpç	prolactin-releasing hormone	prolactin-releasing hormone	chemical reaction of prolactin-releasing hormone	energy released from chemical reaction of prolactin-releasing hormone
ňţpf	relaxin	relaxin	chemical reaction of relaxin	energy released from chemical reaction of relaxin
ňţpţ	renin	renin	chemical reaction of renin	energy released from chemical reaction of renin
mfg	pyruvate	pyruvate	chemical reaction of pyruvate	energy released from chemical reaction of pyruvate
ňţpļ	secretin	secretin	chemical reaction of secretin	energy released from chemical reaction of secretin
mfgw	uric acid	uric acid	chemical reaction of uric acid	energy released from chemical reaction of uric acid
ňţph	somatostatin	somatostatin	chemical reaction of somatostatin	energy released from chemical reaction of somatostatin
mfgy	urea	urea	chemical reaction of urea	energy released from chemical reaction of urea
mfgl	lactate	lactate	chemical reaction of lactate	energy released from chemical reaction of lactate
mfgr	creatinine	creatinine	chemical reaction of creatinine	energy released from chemical reaction of creatinine
mfgř	haptoglobin	haptoglobin	chemical reaction of haptoglobin	energy released from chemical reaction of haptoglobin
mfd	cholesterol	cholesterol	chemical reaction of cholesterol	energy released from chemical reaction of cholesterol
mfdw	high-density lipoprotein	high-density lipoprotein	chemical reaction of high-density lipoprotein	energy released from chemical reaction of high-density lipoprotein
mfdy	low-density lipoprotein	low-density lipoprotein	chemical reaction of low-density lipoprotein	energy released from chemical reaction of low-density lipoprotein
mfdl	triglyceride	triglyceride	chemical reaction of triglyceride	energy released from chemical reaction of triglyceride
mfdr	alpha-1 antitrypsin	alpha-1 antitrypsin	chemical reaction of alpha-1 antitrypsin	energy released from chemical reaction of alpha-1 antitrypsin
mfdř	transferrin	transferrin	chemical reaction of transferrin	energy released from chemical reaction of transferrin
msv	fobrompgem	fobrompgem	chemical reaction of fobrompgem	energy released from chemical reaction of fobrompgem
msvw	albumin	albumin	chemical reaction of albumin	energy released from chemical reaction of albumin
msvy	enzyme	enzyme	chemical reaction of enzyme	energy released from chemical reaction of enzyme
pçtř	resveratrol	resveratrol	chemical reaction of resveratrol	energy released from chemical reaction of resveratrol
ňţf	thrombopoietin	thrombopoietin	chemical reaction of thrombopoietin	energy released from chemical reaction of thrombopoietin
ňţfw	thyroid-stimulating hormone	thyroid-stimulating hormone	chemical reaction of thyroid-stimulating hormone	energy released from chemical reaction of thyroid-stimulating hormone
ňţfy	vasoactive intestinal peptide	vasoactive intestinal peptide	chemical reaction of vasoactive intestinal peptide	energy released from chemical reaction of vasoactive intestinal peptide
ňţfl	guanylin	guanylin	chemical reaction of guanylin	energy released from chemical reaction of guanylin
ňţfr	urogualynin	urogualynin	chemical reaction of urogualynin	energy released from chemical reaction of urogualynin
ňţfř	ventricular natriuretic peptide	ventricular natriuretic peptide	chemical reaction of ventricular natriuretic peptide	energy released from chemical reaction of ventricular natriuretic peptide
sy	substance/material/matter	stuff	consisting of	discernable material consistency
ndw	dirt/earth/soil	(an instance/some amount of) dirt	a state of being made of dirt	characteristics of dirt
ndm	clay	(an instance/some amount of) clay	a state of being made of clay	characteristics of clay
ntf	sand	(an instance/some amount of) sand	a state of being made of sand	characteristics of sand
ntfw	lava	(an instance/some amount of) lava	a state of being made of lava	characteristics of lava
ntç	tar/pitch	(an instance/some amount of) tar	a state of being made of tar	characteristics of tar
ntw	oil (plant-derived)	(an instance/some amount of) plant oil	a state of being made of plant oil	characteristics of plant oil
nty	petroleum	(an instance/some amount of) petroleum	a state of being made of petroleum	characteristics of petroleum
ntř	latex (natural)	(an instance/some amount of) natural latex	a state of being made of natural latex	characteristics of natural latex
ndr	wood	(an instance/some amount of) wood	a state of being made of wood	characteristics of wood
mnw	honey	(an instance/some amount of) honey	a state of being made of honey	characteristics of honey
mtç	wax	(an instance/some amount of) wax	a state of being made of wax	characteristics of wax
ltv	silk	(an instance/some amount of) silk	a state of being made of silk	characteristics of silk
lth	ivory	(an instance/some amount of) ivory	a state of being made of ivory	characteristics of ivory
pnw	starch (amylose/amylopectin)	(an instance/some amount of) starch	a state of being made of starch	characteristics of starch
tļm	plastic	(an instance/some amount of) plastic	a state of being made of plastic	characteristics of plastic
ksy	metal	(an instance/some amount of) metal	a state of being made of metal	characteristics of metal
ksv	steel/metal alloy	(an instance/some amount of) steel	a state of being made of steel	characteristics of steel
xtw	ceramic	(an instance/some amount of) ceramic	a state of being made of ceramic	characteristics of ceramic
xty	porcelain	(an instance/some amount of) porcelain	a state of being made of porcelain	characteristics of porcelain
xmw	plaster	(an instance/some amount of) plaster	a state of being made of plaster	characteristics of plaster
xmy	mortar	(an instance/some amount of) mortar	a state of being made of mortar	characteristics of mortar
xnw	adobe	(an instance/some amount of) adobe	a state of being made of adobe	characteristics of adobe
xny	cement/concrete	(an instance/some amount of) cement	a state of being made of cement	characteristics of cement
bxw	brick	(an instance/some amount of) brick	a state of being made of brick	characteristics of brick
ttw	glass	(an instance/some amount of) glass	a state of being made of glass	characteristics of glass
tty	enamel	(an instance/some amount of) enamel	a state of being made of enamel	characteristics of enamel
ttř	tile	(an instance/some amount of) tile	a state of being made of tile	characteristics of tile
žtç	asphalt/bitumen	(an instance/some amount of) asphalt	a state of being made of asphalt	characteristics of asphalt
ňžk	polystyrene	(an instance/some amount of) polystyrene	a state of being made of polystyrene	characteristics of polystyrene
ňžkw	"polystyrene foam (""styrofoam"")"	(an instance/some amount of) polystyrene foam	a state of being made of polystyrene foam	characteristics of polystyrene foam
ňžky	polyethylene	(an instance/some amount of) polyethylene	a state of being made of polyethylene	characteristics of polyethylene
ňžkl	polypropylene	(an instance/some amount of) polypropylene	a state of being made of polypropylene	characteristics of polypropylene
ňžkr	polycarbonate	(an instance/some amount of) polycarbonate	a state of being made of polycarbonate	characteristics of polycarbonate
ňžkř	fiberglass	(an instance/some amount of) fiberglass	a state of being made of fiberglass	characteristics of fiberglass
ňžkf	linoleum	(an instance/some amount of) linoleum	a state of being made of linoleum	characteristics of linoleum
ňžkţ	polyurethane	(an instance/some amount of) polyurethane	a state of being made of polyurethane	characteristics of polyurethane
ňžkç	plexiglass (polymethyl methacrylate)	(an instance/some amount of) plexiglass	a state of being made of plexiglass	characteristics of plexiglass
ňžkh	epoxy (i.e., polyepoxide)	(an instance/some amount of) epoxy	a state of being made of epoxy	characteristics of epoxy
ntv	latex (synthetic)	(an instance/some amount of) synthetic latex	a state of being made of synthetic latex	characteristics of synthetic latex
nzx	polymer	(an instance/some amount of) polymer	a state of being made of polymer	characteristics of polymer
nzxw	cyanoacrylate	(an instance/some amount of) cyanoacrylate	a state of being made of cyanoacrylate	characteristics of cyanoacrylate
nzxl	polyfluoroalkyl substance	(an instance/some amount of) polyfluoroalkyl substance	a state of being made of polyfluoroalkyl substance	characteristics of polyfluoroalkyl substance
pny	cork	(an instance/some amount of) cork	a state of being made of cork	characteristics of cork
ndg	resin	(an instance/some amount of) resin	a state of being made of resin	characteristics of resin
nzd	brine	(an instance/some amount of) brine	a state of being made of brine	characteristics of brine
nzb	shellac	(an instance/some amount of) shellac	a state of being made of shellac	characteristics of shellac
bgv	grease (synthetic lubricant)	(an instance/some amount of) synthetic grease	a state of being made of synthetic grease	characteristics of synthetic grease
bgř	non-greasy lubricant	(an instance/some amount of) non-greasy lubricant	a state of being made of non-greasy lubricant	characteristics of non-greasy lubricant
tpy	rubber	(an instance/some amount of) rubber	a state of being made of rubber	characteristics of rubber
snw	vinyl (i.e. polyvinyl chloride)	(an instance/some amount of) vinyl	a state of being made of vinyl	characteristics of vinyl
sny	nylon	(an instance/some amount of) nylon	a state of being made of nylon	characteristics of nylon
ḑgw	paper	(an instance/some amount of) paper	a state of being made of paper	characteristics of paper
ḑgy	cardboard	(an instance/some amount of) cardboard	a state of being made of cardboard	characteristics of cardboard
vnw	leather	(an instance/some amount of) leather	a state of being made of leather	characteristics of leather
vny	cloth/fabric/textile	(an instance/some amount of) cloth	a state of being made of cloth	characteristics of cloth
ltn	ink	(an instance/some amount of) ink	a state of being made of ink	characteristics of ink
ggř	mineral	(an instance/some amount of) mineral	a state of being made of mineral	characteristics of mineral
ggw	stone (material substance)	(an instance/some amount of) stone	a state of being made of stone	characteristics of stone
ggy	marble	(an instance/some amount of) marble	a state of being made of marble	characteristics of marble
ggl	limestone	(an instance/some amount of) limestone	a state of being made of limestone	characteristics of limestone
ggr	chalk	(an instance/some amount of) chalk	a state of being made of chalk	characteristics of chalk
gdř	granite	(an instance/some amount of) granite	a state of being made of granite	characteristics of granite
gbř	basalt	(an instance/some amount of) basalt	a state of being made of basalt	characteristics of basalt
gbw	serpentine	(an instance/some amount of) serpentine	a state of being made of serpentine	characteristics of serpentine
gby	syenite	(an instance/some amount of) syenite	a state of being made of syenite	characteristics of syenite
gḑl	quartz	(an instance/some amount of) quartz	a state of being made of quartz	characteristics of quartz
gḑr	quartzite	(an instance/some amount of) quartzite	a state of being made of quartzite	characteristics of quartzite
gnw	slate	(an instance/some amount of) slate	a state of being made of slate	characteristics of slate
gny	coal	(an instance/some amount of) coal	a state of being made of coal	characteristics of coal
gfl	gneiss	(an instance/some amount of) gneiss	a state of being made of gneiss	characteristics of gneiss
gfr	calcite	(an instance/some amount of) calcite	a state of being made of calcite	characteristics of calcite
gfř	gypsum (calcium sulfate dihydrate)	(an instance/some amount of) gypsum	a state of being made of gypsum	characteristics of gypsum
gvř	obsidian	(an instance/some amount of) obsidian	a state of being made of obsidian	characteristics of obsidian
gzf	feldspar	(an instance/some amount of) feldspar	a state of being made of feldspar	characteristics of feldspar
gžg	pyroxene	(an instance/some amount of) pyroxene	a state of being made of pyroxene	characteristics of pyroxene
gfw	mica	(an instance/some amount of) mica	a state of being made of mica	characteristics of mica
gfy	amphibole	(an instance/some amount of) amphibole	a state of being made of amphibole	characteristics of amphibole
gzl	schist	(an instance/some amount of) schist	a state of being made of schist	characteristics of schist
gzr	shale	(an instance/some amount of) shale	a state of being made of shale	characteristics of shale
gzm	tuff/volcanic tuff	(an instance/some amount of) tuff	a state of being made of tuff	characteristics of tuff
gvy	diamond	(an instance/some amount of) diamond	a state of being made of diamond	characteristics of diamond
gvm	sapphire	(an instance/some amount of) sapphire	a state of being made of sapphire	characteristics of sapphire
gvn	ruby	(an instance/some amount of) ruby	a state of being made of ruby	characteristics of ruby
gvw	emerald	(an instance/some amount of) emerald	a state of being made of emerald	characteristics of emerald
gvl	opal	(an instance/some amount of) opal	a state of being made of opal	characteristics of opal
gvg	crystal	(an instance/some amount of) crystal	a state of being made of crystal	characteristics of crystal
stļ	jade	(an instance/some amount of) jade	a state of being made of jade	characteristics of jade
řtļ	topaz	(an instance/some amount of) topaz	a state of being made of topaz	characteristics of topaz
ňtļ	aquamarine	(an instance/some amount of) aquamarine	a state of being made of aquamarine	characteristics of aquamarine
ftļ	amethyst	(an instance/some amount of) amethyst	a state of being made of amethyst	characteristics of amethyst
ḑtļ	alexandrite	(an instance/some amount of) alexandrite	a state of being made of alexandrite	characteristics of alexandrite
ltļ	turquoise	(an instance/some amount of) turquoise	a state of being made of turquoise	characteristics of turquoise
mtļ	spinel	(an instance/some amount of) spinel	a state of being made of spinel	characteristics of spinel
rtļ	malachite	(an instance/some amount of) malachite	a state of being made of malachite	characteristics of malachite
ptļ	garnet	(an instance/some amount of) garnet	a state of being made of garnet	characteristics of garnet
ktļ	zircon	(an instance/some amount of) zircon	a state of being made of zircon	characteristics of zircon
jtļ	lapis lazuli	(an instance/some amount of) lapis lazuli	a state of being made of lapis lazuli	characteristics of lapis lazuli
gtļ	ammolite	(an instance/some amount of) ammolite	a state of being made of ammolite	characteristics of ammolite
ztļ	agate	(an instance/some amount of) agate	a state of being made of agate	characteristics of agate
ctļ	alabaster	(an instance/some amount of) alabaster	a state of being made of alabaster	characteristics of alabaster
ţdw	amber	(an instance/some amount of) amber	a state of being made of amber	characteristics of amber
ţdy	jet	(an instance/some amount of) jet	a state of being made of jet	characteristics of jet
ţdl	pearl	(an instance/some amount of) pearl	a state of being made of pearl	characteristics of pearl
gzn	pumice	(an instance/some amount of) pumice	a state of being made of pumice	characteristics of pumice
gţw	igneous rock	(an instance/some amount of) igneous rock	a state of being made of igneous rock	characteristics of igneous rock
gţy	sedimentary rock	(an instance/some amount of) sedimentary rock	a state of being made of sedimentary rock	characteristics of sedimentary rock
gţl	metamorphic rock	(an instance/some amount of) metamorphic rock	a state of being made of metamorphic rock	characteristics of metamorphic rock
ţdř	petrified wood	(an instance/some amount of) petrified wood	a state of being made of petrified wood	characteristics of petrified wood
lcp	cellular organelle/plasma membrane/cytoplasm	cellcular organelle	plasma/cellular membrane	cytoplasm (cytosol)
ppw	cellular nucleus/nucleolus/chromatin	cellular nucleus	nucleolus	chromatin
ppy	nuclear envelope/nuclear pore/endoplasmic reticulum	nuclear envelope	nuclear pore	endoplasmic reticulum
ppl	ribosome/centrosome/peroxisome	ribosome	centrosome	peroxisome
ppr	mitochondrion/lysosome/microtubule	mitochondrion	lysosome	microtubule
ppř	Golgi apparatus/Golgi vesicle/secretory vesicle	Golgi apparatus	Golgi vesicle	secretory vesicle
pph	microfilament/intermediate filament/vacuole	microfilament	intermediate filament	vacuole
tx	eat/drink/nutritional consumption	consuming	eating food	drinking liquid
ntx	mastication/swallowing/biting	chewing/mastication	swallowing	biting
sdr	stirring/blending in circular pattern	stirring	folding (as in baking)	mechanically blending
sdl	mashing/grinding/pulverizing/granulizing	mashing	grinding	pulverizing/granulizing
sdř	sprinkling/brushing/basting	sprinkling onto	brushing onto	basting
sdw	smearing/spreading	smearing onto	spreading with fingers	spreading with utensils
sdy	dipping/melting/softening/whipping	dipping into	melting/softening via heat	whipping
lks	foodstuff/beverage	food/beverage for consumption	preparing a food/beverage	sourcing/raising material for foodstuff
lkst	dish/recipe from animal products	dish made from animal products	preparing an non-vegan recipe	sourcing/raising animals for foodstuff
lksw	dish/recipe from fish/seafood	dish made from fish/seafood	preparing a fish/seafood recipe	sourcing/raising fish/seafood for foodstuff
lksl	dish/recipe from mammalian flesh	dish made from mammalian flesh	preparing a mammalian flesh recipe	sourcing/raising mammals for foodstuff
lksr	dish/recipe from cereal grains	dish made from grains	preparing a grain recipe	cultivating/growing cereal grain for foodstuff
lksř	dish/recipe from poultry/avian flesh	dish made from poultry	preparing a poultry recipe	sourcing/raising poultry for foodstuff
lksm	dish/recipe from eggs	dish made from eggs	preparing an egg recipe	sourcing/obtaining eggs for foodstuff
lksn	dish/recipe from reptilian/amphibian flesh	dish made from reptilian/amphibian flesh	preparing a reptilian/amphibian flesh recipe	sourcing/raising reptilians/amphibians for foodstuff
lksp	dish/recipe from animal/plant products	dish made from animal/plant products	preparing a animal/plant product recipe	sourcing/raising animal/plant products for foodstuff
lkt	vegan dish/recipe	vegan dish/recipe	preparing a vegan recipe	cultivating/growing vegan products for foodstuff
lktw	dish/recipe from fruit	dish made from fruit	preparing a fruit recipe	cultivating/growing fruit for foodstuff
lktr	dish/recipe from seeds/nuts	dish made from seeds/nuts	preparing a seed/nut recipe	sourcing/growing seeds/nuts for foodstuff
lktl	dish/recipe from beans/legumes	dish made from beans/legumes	preparing a bean/legume recipe	cultivating/growing beans/legumes for foodstuff
lkty	dish/recipe from vegetables	dish made from vegetables	preparing a vegetable recipe	cultivating/growing vegetables for foodstuff
lktř	dish/recipe from plant leaves/shoots	dish made from leaves/shoots	preparing a leaf/shoot recipe	sourcing/growing leaves/shoots for foodstuff
lksň	dessert dish/recipe	dessert	preparing a dessert	sourcing/raising materials for dessert
lkšm	jam/jelly/marmalade/confiture dish/recipe	jam/jelly	preparing a jam/jelly	cultivating/growing fruit for jam/jelly
lkšn	food eaten as a snack	snack	preparing a snack	sourcing/raising materials for snack
ţmw	wine	wine	fermenting a wine	cultivating/growing fruit/yeast for wine
ţdr	beer	beer	brewing a beer	cultivating/growing cereal grain/yeast for beer
ţgl	fermented alcoholic beverage	fermented beverage	fermenting a beverage	sourcing/growing honey/vegetables/nuts/bacteria for fermentation
ţgr	fermented foodstuff	fermented foodstuff	fermenting a foodstuff	sourcing/growing materials for fermenting foodstuff
ţgw	decoction/infusion	decoction/infusion	extracting/infusing a tincture/tea	sourcing/growing materials for a decoction/infusion
čkw	cereal grain	cereal grain	preparing cereal grains	cultivating/growing cereal grain
čky	baked good	baked good	baking a baked good	sourcing/growing material for a baked good
čpw	bread	🍞 bread	baking bread	sourcing/growing material for bread
čpy	flatbread	flatbread	baking flatbread	sourcing/growing material for flatbread
ḑny	animal milk	🥛 milk	cooking/preparing milk	sourcing/raising an animal for milk
ḑnw	animal egg	🥚 egg	cooking/preparing an egg	sourcing/raising an animal for eggs
ḑmw	ice cream/sherbet/gelato	ice cream	preparing ice cream	sourcing/raising material for ice cream
ḑmy	sorbet	sorbet	preparing a sorbet	sourcing/raising material for a sorbet
čpl	cake	🎂 cake	baking a cake	sourcing/growing material for a cake
čpr	pastry	pastry	baking a pastry	sourcing/growing material for a pastry
čpř	pie	🥧 pie	baking a pie	sourcing/growing material for a pie
čfl	pasta	pasta	cooking pasta	sourcing/growing material for pasta
čfr	noodle	noodles	cooking noodles	sourcing/growing material for noodles
bvl	broth-based soup	broth-based soup	cooking a broth-based soup recipe	sourcing/raising material for a broth-based soup
bvr	puree-based soup	puree-based soup	cooking a puree-based soup recipe	sourcing/raising material for a puree-based soup
bvw	stew	stew	cooking a stew recipe	sourcing/raising material for a stew
bvy	gruel/porridge	gruel/porridge	cooking a gruel/porridge recipe	sourcing/raising material for gruel/porridge
bvř	sauce	sauce	cooking a sauce recipe	sourcing/raising material for a sauce
bfl	vinegar	vinegar	preparing vinegar	sourcing/growing material for vinegar
bfr	gelatin	gelatin	preparing gelatin	sourcing/growing material for gelatin
ḑň	cheese	cheese	preparing/curdling cheese	sourcing/raising material for cheese
ḑňw	butter	🧈 butter	culturing/pasteurizing butter	sourcing/raising material for butter
ḑḑn	custard/pudding	custard/pudding	preparing custard/pudding	sourcing/raising material for custard/pudding
šbr	molasses	molasses	preparing molasses	sourcing/growing material for molasses
šbw	sugar (foodstuff)	sugar (foodstuff)	preparing sugar (foodstuff)	sourcing/growing material for sugar (foodstuff)
šbř	sugar substitute	sugar substitute	preparing sugar substitute	sourcing/growing material for sugar substitute
ļty	fruit punch	fruit punch	processing/mixing a fruit punch	cultivating/growing fruit for punch
ļtw	soft drink/soda/carbonated beverage	soft drink/soda	processing/carbonating a soft drink	sourcing/raising material for a soft drink
ļtř	fruit juice	fruit juice	processing fruit juice	cultivating/growing fruit for fruit juice
ļtf	candy/confection	candy/confection	processing candy/confection	sourcing/growing material for candy/confection
ļtç	caramel	caramel	processing caramel	sourcing/growing material for caramel
ļpç	toffee	toffee	processing toffee	sourcing/growing material for toffee
ļpļ	icing/frosting	icing/frosting	processing icing/frosting	sourcing/growing material for icing/frosting
kc	seed/fruit/nut/tuber	seed/pit of a plant	fruit/nut of a plant	bulb/tuber of a plant
kšw	root/stem/branch	root	stem/stalk/shoot	branch/limb/twig
kšn	leaf/flower/bud	leaf	flower	bud
vty	use of psychoactive/intoxicating substance	being high/drunk/intoxicated	recreational use of medical chemical (e.g., prescription drug)	recreational use of chemical (e.g., glue/solvent)
sth	atypical method of bodily ingestion	smoking a gas/aerosol	nasal inhalation of a substance	subcutaneous/intravenous injection of a substance
nţ	birth/gestation/conception	born/giving birth	maternal gestation	biological conception
š	sex	biological sex	female	male
žf	healthiness/physical condition/fitness/sanity	physical and mental healthiness	mental health	health/physical condition/fitness
mt	age/life-stage/phase	aging	(developmental) stage/phase in life	birthday celebration
ḑḑ	sleep/unconsciousness/coma	being asleep, putting to sleep	being/making unconscious	being/putting in a coma
ļf	wakefulness	awake, fully conscious	waking (up), regaining consciousness	dozing, half-awake
mr	death	dying	approaching death, dying	being mortal
lm	degree of bodily strength/energy/stamina	degree of brute bodily strength	degree of bodily energy/vigor	degree of stamina
sm	degree of bodily applied energy/power/force	degree of applied physical force	degree of energy	degree of potency/might
ẓň	degree of physical stamina/endurance/resistance to pain	degree of stamina/endurance	degree of pain endurance/resistance	degree of undergone physical hardship
jmw	hand as flat rigid blade	hand as blade	hand as jabber/poker	hand as covering
jmy	closed fist	fist for pounding/hammering	fist for hitting/punching	hand for knocking
ňp	common human bodily positions	standing upright/erect	sitting/seated	lying prone/down
ňpy	recumbent bodily position	lying on one's side (laterally recumbent)	lying face-down on one's stomach (prone)	lying on one's back (supine)
ňpw	less common human bodily position	crouching	kneeling	fetal position
gw	bodily organ/gland/tissue	bodily organ	gland	tissue (non-organ, non-gland)
pn	upper gastrointestinal organs	stomach	esophagus	pancreas
šm	manipulative/ambulatory appendage	limb	tentacle	pseudopod
lň	tail/caudal structure	tail	flagellum	tail-like body part
šn	leg	leg/strut for support	leg for ambulation	leg for kicking/pushing
cm	arm	arm as supporting structure of entity	arm as appendage for holding, carrying	"arm as functional ""tool""/manipulator"
ršn	part of the leg	thigh	calf	shin (front/ventral part of lower leg)
rcm	part of the arm	upper arm	forearm	inside/dorsal part of forearm
ty	head	head as interaction hub	head as seat of consciousness	head as top of body
nl	hand	hand as fine manipulatory body part	hand as holder/grasper/striker	hand as primary tactile-sensory interface
pţy	parts of the head	forehead	brow ridge	temple
lpç	outer ear	helical/antihelical/tragal structures of outer ear	earlobe/lobule	concha/scapha/triangular fossa depressions of outer ear
nr	foot/paw	foot/paw as primary contact with the ground	foot/paw as ambulatory appendage	foot/paw as functional manipulator (kicking, pushing)
mfr	part of hand or foot	palm of hand/underside of foot	upper palmar ridge/ball of foot	butt of palm/heel
mpg	hip/buttock/haunch	hip	buttock	haunch
tçň	bodily surface indentation	navel	bodily surface indentation on inside (opposite side) of elbow or knee	eye socket
nk	bodily digit	finger	thumb	toe
ḑl	cardio-pulmonary organ	heart	lung	diaphragm
ndy	blood vessel	artery	vein	capillary
vz	central nervous system organ/tissue	brain	brain stem	spinal chord
ngy	peripheral nervous tissue	sensory (afferent) nerve tissue	motor (efferent) nerve tissue	somatic nerve tissue
rdy	autonomic nervous tissue	sympathetic nerve tissue	parasympathetic nerve tissue	enteric nerve tissue
ţř	bodily limb-joint	mid-limb joint (elbow/knee)	proximal limb joint (shoulder/hip)	distal limb joint (wrist/ankle)
gř	bone	quasi-cylindrical bone	plate-like bone	special-shaped bone (e.g., rib)
ţfr	joint structural component/cartilage	cartilage	joint cavity [containing synovial fluid]	articular capsule of a joint
zgr	major configurative bone system of body	skull	ribcage	spine
pfl	detoxification/filtration/recycling organ/tissue	liver	kidney	spleen
lţ	skin/bark/peel	skin/hide/pellicle	bark/integument of plant	peel/rind/husk
vmr	endocrine gland of the brain	hypothalamus	pituitary gland	pineal gland
fsr	endocrine gland	thyroid gland	parathyroid gland	adrenal gland
sty	orientational body surface	dorsal surface (back/topside)	ventral surface (front/underbelly)	lateral surface (side/flank)
lž	face/visage	face (as surface + attached organs/parts)	face (as an interface for vocalizing and emoting)	face/visage (as means of identification/recognition)
tçm	excretory gland/organ	sweating from sweat gland	bladder	sebaceous gland
skw	central body section	chest/pectoral area	abdomen/waist/belly	trunk/thorax
ļp	primate mammary organ/tissue	breast	nipple	areola
ļpř	non-primate mammary organ/tissue	non-primate mammary organ (e.g., udder, dug)	nipple of non-primate mammary organ	areola or surrounding structure of nipple in non-primate mammary organ
mḑ	bodily hair/fur/feather	one human bodily hair	one non-human bodily hair	feather
nḑ	human-specific hair	one human head hair	one human facial hair	one human armpit/pubic/eyebrow hair (thick but fixed length)
ḑdr	specialty hair-like tissue	eyelash	whisker/vibrissa	barbel
nzg	hard keratinous tissue	fingernail/toenail/claw	hoof	animal horn
ňzm	mucosal tissue	inside surface of oral/naso-pharyngeal cavity	interior lining of gastro-intestinal tract	interior lining of bodily orifice (anus/rectum, vaginal canal, etc.)
mzv	muscle/ligament/tendon	muscle	ligament	tendon
mzf	membrane/aponeurosis/epicondyle	fascia/membrane	aponeurosis	epicondyle
ḑgḑ	small intestine	jejunum	duodenum	ileum
rgḑ	large intestine/colon	ascending colon	transverse colon	descending and sigmoid colon
dř	tooth	tooth	fang	tusk
gn	non-oral bodily orifice	nostril	ear-hole	anus
ňw	neck	neck	neck (as support for head)	neck (as vulnerable body part)
nxf	abdominal tissue	peritoneum	mesentery	caecum
ddv	specific tooth type other than fang	incisor tooth	bicuspid	molar
kkf	hardened non-living bodily tissue	callus, corn	wart	scar
lr	wing	wing (avian/feathered)	wing (mammalian/reptilian)	wing-like extension for flying (e.g., plane)
pkl	fin/flipper	fin	flipper	fin/flipper-like extension
řc	throat	throat (front portion of neck)	upper portion of throat (underside of jaw)	lower portion of throat (overlying gullet/trachea)
xby	part of bodily joint	hard, bony superior/dorsal side of joint	soft, concave inferior/ventral side of joint	internal swivel mechanism of joint
ldn	gum tissue/hard palate	gum tissue/gingiva	alveolar ridge	hard palate
lpf	interior surface tissue of mouth	soft area between jaws underneath the front half of the tongue	soft palate	tonsil
bf	reproductive organ	gonad (testicle/ovary)	gamete (egg/sperm cell)	transport duct for gametes
nm	female reproductive organ	uterus/womb	cervix	vagina
gč	male reproductive organ	penis	glans of penis	scrotum
bdw	external female reproductive organ/tissue	clitoris	inner labium	outer labium
lmw	proboscis/nose/snout/beak	nose (i.e. the visible external proboscis)	snout, proboscis (mammalian, e.g., elephant trunk, tapir’s snout, etc.)	beak
jgř	adipose tissue (fat)	(have) adipose tissure/fat	blubber	cellulite
nkw	tongue	tongue as food organ	tongue as language organ	proboscis
lln	membranous tissue	eardrum/tympanic membrane	synovial membrane	serous membrane
mfp	lip	lip as aperture	lip as used in speech	lip as used in puckering
jph	cheek/chin/jaw	cheek	chin	jaw
lpsl	major artery 1	aorta	coronary artery	pulmonary artery
lpçl	major artery 2	brachiocephalic artery	carotid artery	subclavian artery
lpfl	major artery 3	iliac artery	obturator artery	genicular artery
lbzl	major vein 1	vena cava	hepatic vein	renal vein
lbžl	major vein 2	brachiocephali vein	jugular vein	azygos vein
lẓl	major vein 3	subclavian vein	axillary vein	cephalic vein
ljl	major vein 4	iliac vein	adrenal vein	phrenic vein
ldl	lymphatic system	lymph node	lymph vessel	thoracic duct
fsgr	salivary gland	parotid gland	sublingual gland	submandibular gland
nkţw	avian digestive organ	crop/sublingual pouch	proventriculus	gizzard
jtf	urological organ	urethra	ureter	cloaca
lpçm	blood cell type	erythrocyte	thrombocyte	leukocyte
lpçn	leukocyte type	lymphocyte	granulocyte	monocyte
cbr	skin eruption	pimple/pustule	blister	boil/furuncle
gzdr	adverse skin condition	rash	eczema	psoriasis
jdl	lesion/abrasion/wound	lesion	abrasion	wound
jkř	abnormal bodily growth	cyst	bodily nodule/amorphous malformation/placque	tumor
pč	mouth/gullet/oral cavity	mouth	gullet (non-chordate, plant, protist)	bodily apparatus/process for food ingestion
lcb	inner ear	cochlea	vestibule of ear	semicircular canal/duct
lcbw	cochlear duct membrane	basilar membrane	vestibular membrane	tectorial membrane
lcby	vestibule of ear	otolith	saccule	utricle
lcbr	structure of ear's semicircular canal	osseous ampula	ampullary cupola	hair cell
pgw	front of eye	cornea	lens	sclera
pgy	uvea	iris (eye)	ciliary body	choroid
pgl	photoreceptor cell	cone cell	rod cell	intrinsically photosensitive retinal ganglion
pgr	eyelid/lacrimal gland/sac	eyelid	lacrimal gland	lacrimal sac
nxt	outer nose	ala (of nostril)	philtrum	nasal bridge
nxn	nasal canal	nasal septum	nasal concha	nasal meatus
rẓg	naso-pharyngeal cavity	sinus	tonsil	eustachian tube
rẓgw	upper gastrointestinal tract	pharynx	epiglottis	esophagus
rẓgy	linguistic structure of throat	larynx	vocal chord	glottis
rẓgl	respiratory structure	trachea	bronchus	pulmonary alveolus
rẓgr	throat	hyoid bone	thyroid cartilage	cricoid cartilage
lčp	auditory ossicle	stapes	incus	malleus
ltçp	bone tissue type	cortical bone tissue	trabecular bone tissue	myeloid bone tissue
ltçk	bone cell type	osteocyte	chondrocyte	stromal cell
lçpw	tarsal bone 1	calcaneus bone	talus bone	navicular bone
lçtw	tarsal bone 2	cuboideum bone	cuneiform bone	metatarsal bone
lçpy	phalange of foot/hand/paw	proximal phalanx	medial/intermediate phalanx	distal phalanx
lçty	carpal bone	scaphoid bone	lunate bone	triquetrum bone
lçpl	calf & ankle bone	talus	tibia	fibula
lçtl	malleolus	lateral malleolus	medial malleolus	posterior malleolus
lçpr	sesamoid bone	patella	fetlock	pisiform
lçtr	thigh bone & hip socket	femur	acetabulum	labrum
lçpř	hip bone	ilium	ischium	pubis
lçtř	avian hip bone	iliofemoralis	iliotibialis	iliofibularis
lçfw	vertebra	thoracic vertebra	lumbar vertebra	cervical vertebra
lçfy	tail bone	sacrum	coccygial vertebra (--> coccyx)	pygostyle
lçfl	thoracic bone	true rib	false rib	floating rib
lçfr	shoulder bone	clavicle	scapula + acromion	caracoid
lçfř	other abdominal bone	furcula/wishbone	keel/carina	cleithrum
lçfm	sternum	body of the sternum	manubrium	xyphoid process
lçfn	wrist & arm bone	radius	ulna	humerus
ltçg	jaw bone 1	mandible/dentary bone	angular bone	surangular bone
ltçb	jaw bone 2	articular bone	splenial bone	gular bone
ltçd	cheek bone	zygomatic/jugal bone	squamosal/pterotic bone	quadrate bone
ltçw	skull bone 1	temporal bone	sphenoid bone	ethmoid
ltçl	skull bone 2	vomer bone	palpebral	sclerotic ring
ltçr	skull bone 3	hard palate	maxilla	palatine
ltçv	skull bone 4	frontal bone	parietal bone	occipital bone
ltçn	nose bone	nasal bone	lacrimal bone	narial bone
ltçm	connective tissue type	enthesis	bone fiber	periodontium
mzn	muscle tissue type	skeletal muscle	smooth muscle	cardiac muscle
mzň	muscle cell type	myocyte	sarcomere	sarcolemma
mznw	muscle function type	muscle as flexor type	muscle as extensor	muscle as abductor or adductor
mzny	form of muscle fiber	parallel muscle fiber	fusiform muscle fiber	pennate muscle fiber
mzňw	additional muscle fiber form plus retinaculum	convergent muscle fiber	circular (i.e. sphincter-like) muscle fiber	retinaculum
mzy	muscle fascicle tissue	epimysium	perimysium	endomysium
gžp	neural tissue	epineurium	perineurium	endoneurium
mzx	lateral foot muscle	abductor digiti minimi of foot	flexor digiti minimi brevis of foot	opponens digiti minimi of foot
mzxw	middle foot muscle	lumbrical muscle of foot	plantar interossei of foot	dorsal interossei of foot
mzxl	medial foot muscle	abductor hallucis	flexor hallucis brevis	adductor hallucis
mzxr	dorsal foot muscle	extensor hallucis brevis	extensor digitorum brevis	flexor digitorum brevis
mzfw	medial hand (volar) muscle	abductor digiti minimi of hand	flexor digiti minimi brevis of hand	opponens digiti minimi of hand
mzfy	intermediate hand (volar) muscle	lumbrical muscle of hand	plantar interossei of hand	dorsal interossei of hand
mzfl	lateral/thenar hand (volar) muscle	abductor pollicis brevis	flexor pollicis brevis	opponens pollicis
mzfr	other hand or foot muscle	palmaris brevis	adductor pollicis	quadratus plantae
mztw	lateral calf muscle	peroneus longus	peroneus brevis	peroneus/fibularis tertius
mzty	anterior calf muscle	tibialis anterior	extensor digitorum longus	fibularis longus
mztl	outer posterior calf muscle	gastrocnemius	soleus	plantaris
mztr	inner posterior calf muscle	tibialis posterior	flexor hallucis longus	flexor digitorum longus
mzpw	forearm muscle 1	flexor carpi radialis	flexor pollicis longus	flexor digitorum profundus
mzpy	forearm muscle 2	flexor carpi ulnaris	flexor digitorum superficialis	supinator
mzpl	forearm muscle 3	palmaris longus	pronator teres	pronator quadratus
mzpr	forearm muscle 4	extensor carpi radialis longus	extensor carpi redialis brevis	extensor digitorum
mzpf	forearm muscle 5	brachioradialis	extensor digiti minimi	extensor carpi ulnaris
mzpţ	forearm muscle 6	extensor pollicis	abductor pollicis longus	extensor indicis
mzkw	anterior thigh muscle 1	vastus lateralis	vastus medialis	vastus femoris
mzky	anterior thigh muscle 2	rectus femoris	articularis genu / subcrureus	tensor vastus intermedius
mzkl	anterior thigh muscle 3	sartorius	tensor fascia latae	gracilis muscle
mzkr	inner thigh/groin muscle	adductor brevis	adductor longus	adductor magnus
mzkř	upper thigh muscle	pectineus muscle	obturator externus	obturator internis
mzkç	lateral rotator muscle	piriformis/caudofemoralis	superior gemellus	inferior gemellus
mzkh	other thigh and hip muscle/tissue	quadratus femoris	adductor minimus	iliotibial tract/iliotibial band
mzkf	posterior knee muscle/ligament	popliteus muscle	poplitofibular ligament	patellar ligament (patellar tendon)
mzkţ	hamstring	biceps femoris	semimembranosus	semitendinosus
mvg	arm muscle 1	biceps brachii	brachialis anticus	articularis cubiti
mvgl	arm muscle 2	triceps brachii (long head)	triceps brachii (medial head)	triceps brachii (lateral head)
mvgr	arm muscle 3	coracobrachialis	anconeus	epicondyle of humerus
mvgw	other arm tissue	tendon of biceps brachii	bicipital aponeurosis	antebrachial fascia
mžkw	gluteal muscle	gluteus maximus	gluteus medius	gluteus minimus
mžky	additional hip-related tissue	iliotibial tract	ciribriform fascia	tensor fascia of lata
mžkl	iliopsoas muscle	psoas major	psoas minor	iliacus
mžkr	pelvic (levator ani) muscle	pubococcygeus	iliococcygeus	puborectalis
mžkř	perineal muscle 1	ischiocavernosus muscle	bulbospongiosus muscle	transverse perineal muscle
mžkç	perineal muscle 2	anal sphincter	urethral sphincter	coccygeus
mžkf	erector spinae muscle	spinalis	longissiumus	iliocostalis
mžkţ	semispinalis muscle	semispinalis capitis	cervicis	thoracis
mžkh	other pelvic/urogenital tissue	cremaster muscle	rectovaginal/retroprostatic fascia	pubovesical ligament
lžbw	vertabral connective tissue	interspinalis muscle	interspinous ligament	supraspinous ligament
lžby	transversospinalis muscle	multifidus	rotatores	intertransversarius
lžbl	neck muscle	splenius capitus	splenius cervicis	levator scapulae
lžbr	back muscle 1	trapezius	latissimus dorsi	rhomboid muscle
lžbř	back muscle 2	serratus posterior inferior	serratus posterior superior	serratus anterior
lžgw	thoracic cavity	pectoralis major	pectoralis minor	subclavius
lžgy	inner chest muscle 1	diaphragm	levatores costarum	quadratus lumborum
lžgl	inner chest muscle 2	intercostal muscle	subcostalis	transversus thoracis
lžgr	abdominal muscle	rectus abdominis	transversus abdominis	pyramidalis
lžgř	abdominal wall	abdominal external oblique	internal oblique	transversalis
lžgv	thoracic fascia	pectoral fascia	clavipectoral fascia	thoracolumbar fascia
lždw	shoulder muscle	deltoid	teres major	teres minor
lždy	rotator cuff	supraspinatus	infraspinatus	subscapularis
lždr	shoulder fascia	supraspinous fascia	infraspinous fascia	deltoid fascia
lždř	upper arm fascia	brachial fascia	antebrachial fascia	axillary fascia
mžt	neck muscle 1	longus colli	longus capitis	rectus capitis anterior
mžtw	neck muscle 2	scalene muscle	obliquus capitis	rectus capitis posterior
mžty	neck muscle 3	platysma	sternocleidomastoid	rectus capitis lateralis
mžtl	throat muscle 1	digastric	mylohyoid	geniohyoid
mžtr	throat muscle 2	omohyoid	thyrohyoid	stylohyoid
mžtř	throat muscle 3	sternohyoid	sternothyroid	cricothyroid
mžp	larynx	arytenoid	thyroarytenoid	cricoarytenoid
mžpw	pharyngeal/tracheal muscle 1	inferior pharyngeal constrictor	medial pharyngeal constrictor	superior pharyngeal constrictor
mžpy	pharyngeal/tracheal muscle 2	stylopharyngeus	salpingopharyngeus	trachealis
mžpl	tongue muscle & tissue 1	styloglossus	hyoglossus	genioglossus
mžpr	tongue muscle & tissue 2	superior longitudinal muscle	inferior longitudinal muscle	lingual mucosa
mžpř	tongue muscle & tissue 3	vertical muscle of the tongue	transverse muscle of the tongue	septum of the tongue
mžpf	soft palate 1	tensor veli palatini	levator veli palatini	palatine aponeurosis
mžpţ	soft palate 2	musculus uvulae (uvula)	palatopharyngeus	palatoglossus
mžm	masticatory muscle	lateral pterygoid	medial pterygoid	masseter
mžmw	upper oral cavity	zygomaticus	levator labii superioris	levator anguli oris
mžmy	inner oral cavity	orbicularis oris	buccinator	risorius
mžň	chin muscle	mentalis	depressor labii inferioris / quadratus labii inferioris	depressor anguli oris
mžn	nasal muscle 1	procerus	anomalous nasi	levator labii superior alaeque nasi
mžnw	nasal muscle 2	alar nasalis	transverse nasalis	compressor narium minor
mžny	nasal muscle 3	dilator naris anterior	dilator naris posterior	depressor septi nasi
mçf	eyelid muscle	corrugator supercilii	orbicularis oculi	superior tarsal
mçfw	eyeball muscle 1	superior rectus	inferior rectus	medial or lateral rectus
mçfy	extraocular muscle 2	levator palpebrae superioris	superior oblique	inferior oblique
mçfl	head muscle & tissue 1	frontalis	occipitalis	temporalis
mçfr	head muscle & tissue 2	temporal fascia	masseteric fascia	temporoparietalis
mçfř	ear muscle	auricularis superior	auricularis anterior	auricularis posterior
pkw	foot retinaculum	superior extensor retinaculum	inferior extensor retinaculum	other retinaculum of foot
pkhw	other retinacula of foot and knee	fibular/peroneous retinaculum	lateral retinaculum	medial patellar retinaculum
pky	other foot tissue	calcaneal (Achilles) tendon	plantar fascia	arch of foot
vzkw	foot ligament 1	plantar interphalangeal ligament	plantar metatarsophalangeal ligament	plantar tarsometatarsal ligament
vzky	foot ligament 2	collateral interphalangeal ligament of the foot	collateral metatarsophalangeal ligament of the foot	collateral tarsometatarsal ligament
vzkl	foot ligament 3	plantar (inter)metatarsal ligament	superficial transverse (inter)metatarsal ligament	deep transverse (inter)metatarsal ligament
vzkr	foot ligament 4	dorsal (inter)metatarsal ligament	interosseous (inter)metatarsal ligament	interosseous intercuneiform ligament
vzkř	foot ligament 5	plantar cuneonavicular ligament	plantar cuboideonavicular ligament	plantar intercueniform ligament
vzkç	foot ligament 6	dorsal cuneonavicular ligament	dorsal cuboideonavicular ligament	dorsal intercueniform ligament
vzkf	foot ligament 7	plantar calcaneonavicular/spring ligament	dorsal talonavicular ligament	bifurcated (calcaneonavicular) ligament
vzkţ	foot ligament 8	(long) plantar calcaneocuboid ligament	dorsal calcaneocuboid ligament	bifurcated (calcaneocuboid) ligament
vzkv	foot ligament 9	anterior talocalcaneal ligament	lateral talocalcaneal ligament	interosseous talocalcaneal ligament
vzkm	foot ligament 10	posterior talocalcaneal ligament	medial talocalcaneal ligament	tibiocalcaneal ligament
vzkn	foot ligament 11	anterior tibiotalar ligament	posterior tibiotalar ligament	tibionavicular ligament
vzkh	foot ligament 12	anterior talofibular ligament	posterior talofibular ligament	calcaneofibular ligament
vzxm	lower leg ligament	anterior tibiofibular ligament	posterior tibiofibular ligament	interosseous membrane of the leg
vzxn	lower leg & knee ligament	anterior ligament of the head of the fibula	posterior ligament of the head of the fibula	articular capsule of the knee/capsular ligament
kţc	knee ligament 1	anterior/cranial cruciate ligament	medial meniscus	transverse/anterior meniscomeniscal ligament
kţcw	knee ligament 2	posterior/caudal cruciate ligament	lateral meniscus	anterolateral ligament
kţcy	knee ligament 3	anterior meniscofemoral ligament	medial/tibial collateral ligament	oblique popliteal ligament
kţcm	knee ligament 4	posterior meniscofemoral ligament	fibular/lateral collateral ligament	arcuate popliteal ligament
kţcn	other knee tissue	bursa of the knee	synovial membrane of the knee	intrapatellar fat pad
kslw	hip ligament 1	iliofemoral ligament/Y-ligament	pubofemoral ligament	ischiofemoral ligament
ksly	hip ligament 2	head of the femur ligament	transverse acetabular ligament	acetabular labrum
pšlw	hip tissue	articular capsule/capsicular ligament of the hip	zona orbicularis/annular ligament	hip socket/acetabulum/cotyloid cavity
ksţ	groin ligament	inguinal ligament	lacunar ligament	pectineal ligament
pţl	utero-ovarian ligament	ovarian ligament/utero-ovarian ligament/proper ovarian ligament	suspensory ligament of ovary	round ligament of uterus
kšlw	pelvic ligament 1	anterior sacroiliac ligament	posterior sacroiliac ligament	interosseous sacroiliac ligament
kšly	pelvic ligament 2	superior pubic ligament	inferior pubic ligament	sacrotuberous ligament
pšly	pelvic tissue	sacrospinous ligament	obturator membrane	obturator canal
bzlw	thoraco-vertebral ligament 1	anterior sacrococcygeal ligament	posterior sacrococcygeal ligament	intra-articular ligament
gzlw	thoraco-vertebral ligament 2	costotransverse ligament	lumbocostal ligament	radiate ligament
ẓlw	thoraco-vertebral ligament 3	intra-articular sternocostal ligament	radiate sternocostal ligament	costoxiphoid ligament
bzly	vertebral ligament 1	iliolumbar ligament	anterior atlanto-axial ligament	posterior atlanto-axial ligament
gzly	vertebral ligament 2	cruciate/transverse ligament of atlas	alar ligament	apical ligament of dens
ẓly	vertebral ligament 3	anterior longitudinal ligament	posterior longitudinal ligament	ligamenta flava
jly	vertebral ligament 4	supraspinous/nuchal ligament	interspinous ligament	intertransverse ligament
jlw	spinal (intervertebral) disc	anulus fibrosus	nucleus pulposus	tectorial membrane of atlanto-axial joint
fslw	atlanto-occipital joint ligament	atlanto-occipital articular capsule	anterior atlanto-occipital membrane	posterior atlanto-occipital membrane
fsly	temporomandibular joint tissue	capsule and articular disk of temporo-mandibular joint	lateral temporomandibular ligament	medial temporomandibular ligament (including sphenomandibular and stylomandibular ligament)
kţtw	hand ligament 1	collateral interphalangeal ligament of the hand	collateral metatarsophalangeal ligament of the hand	deep transverse metacarpal ligament
kţty	hand ligament 2	palmar interphalangeal ligament	palmar metacarpophalangeal ligament	superficial transverse metacarpal ligament
kţtl	hand ligament 3	dorsal carpometacarpal ligament	radial collateral ligament	dorsal intercarpal ligament
kţtr	hand ligament 4	palmar carpometacarpal ligament	ulnar collateral ligament	palmar intercarpal ligament
kţtř	hand ligament 5	radiate carpal ligament	interosseous intercarpal ligament	scapholunate ligament
kţtç	hand ligament 6	dorsal radiocarpal ligament	dorsal ulnocarpal ligament	volar plate
kţth	other hand/wrist tissue 1	palmar radiocarpal ligament	palmar ulnocarpal ligament	pisometacarpal ligament
pţtw	other hand/wrist tissue 2	pisohamate ligament	flexor retinaculum of hand	extensor retinaculum of hand
rţth	other hand/wrist tissue 3	carpal tunnel	ulnar tunnel/Guyon's tunnel	hook of hamate bone
pţty	forearm ligament	dorsal radio-ulnar ligament	palmar radio-ulnar ligament	interosseous membrane of the forearm
pţtl	elbow ligament 1	anular ligament	oblique cord	quadrate ligament/ligament of Denucé
pţtr	elbow ligament 2	radial collateral ligament of the elbow joint	ulnar collateral ligament of elbow joint	capsule of elbow joint
pţtř	shoulder ligament 1	anterior sternoclavicular ligament	posterior sternoclavicular ligament	interclavicular ligament
pţtļ	shoulder ligament 2	costoclavicular ligament	coraco-acromial ligament	acromioclavicular ligament
pţtç	shoulder ligament 3	superior transverse scapular ligament	inferior transverse scapular ligament	coracoclavicular ligament
pţth	shoulder ligament 4	superior glenohumeral ligament	middle glenohumeral ligament	inferior glenohumeral ligament
pţthw	shoulder ligament 5	coracohumeral ligament	transverse humeral ligament	capsule of shoulder joint (including glenoid labrum)
pçl	other bodily tissue 1	tendinous intersection/tendinous inscription	linea alba	linea semilunaris
pçr	other bodily tissue 2	xiphoid process/ensiform process/xiphisternum/metasternum	parametrium	perimetrium
lpl	blood/blood plasma/lymph	blood	blood plasma	lymph
tçn	sweat/saliva/sebum	sweat	saliva	sebum
ngm	breast milk/vaginal fluid/amniotic fluid	breast milk	vaginal fluid	amniotic fluid
ňzr	earwax/perilymph/synovial fluid	earwax	perilymph	synovial fluid
gph	feces/urine/pus	shit/feces	piss/urine	pus
ňzl	mucus/phlegm/sputum/rheum	mucus	phlegm/sputum	rheum
nxm	tears/vitreous humor/aqueous humor	tears	vitreous humor	aqueous humor
kţč	semen/bile/gastric acid	semen	bile/gall	gastric acid/stomach acid
fţř	cerebrospinal fluid/peritoneal fluid/pericardial fluid	cerebrospinal fluid	peritoneal fluid	pericardial fluid
çk	illness/disease/malady	state of physical or mental illness/sickness/malady	state of manifesting/displaying a symptom of an illness/disease/ailment/sickness/malady	state of physical or mental incapacity/impairment/weakness/decrepitude due to an illness/disease/ailment/sickness/malady
kçk	physical disability due to injury	state of licing with a state/permanent physical or mental disability (i.e., not disease-related, e.g., missing a limb, paralysis due to a war injury, blindness due to an accident, etc.)	state of living with a temporary physical or mental disability (i.e., not disease-related, e.g., a broken leg, blindness while recovering from eye surgery, etc.)	state of using/living with a prosthetic or adaptive device or process or routine to compensate for a physical disability
mšk	infectious (i.e., microbial) illness/disease	state of being in an infectious (i.e., microbial) illness/disease	state of manifesting/displaying a symptom of an infectious (i.e., microbial) illness/disease	state of physical or mental incapacity/impairment/weakness/decrepitude due to an infectious (i.e., microbial) illness/disease
mškw	disease/malady caused by exposure to adverse environmental element(s)	state of being in a disease/malady caused by exposure to adverse environmental element(s)	state of manifesting/displaying a symptom of a disease/malady caused by exposure to adverse environmental element(s)	state of physical or mental incapacity/impairment/weakness/decrepitude due to a disease/malady caused by exposure to adverse environmental element(s)
mšky	disease/malady caused by exposure to toxic chemical substance/poison	state of being in a disease/malady caused by exposure to toxic chemical substance/poison	state of manifesting/displaying a symptom of a disease/malady caused by exposure to toxic chemical substance/poison	state of physical or mental incapacity/impairment/weakness/decrepitude due to a disease/malady caused by exposure to toxic chemical substance/poison
mškl	disease/malady caused by adverse personal habits (e.g., smoking, diet, sloth, etc.)	state of being in a disease/malady caused by adverse personal habits (e.g., smoking, diet, sloth, etc.)	state of manifesting/displaying a symptom of a disease/malady caused by adverse personal habits (e.g., smoking, diet, sloth, etc.)	state of physical or mental incapacity/impairment/weakness/decrepitude due to a disease/malady caused by adverse personal habits (e.g., smoking, diet, sloth, etc.)
mškr	metabolic disorder/malady	state of being in a metabolic disorder/malady	state of manifesting/displaying a symptom of a metabolic disorder/malady	state of physical or mental incapacity/impairment/weakness/decrepitude due to a metabolic disorder/malady
mškř	neoplastic disorder/malady (i.e., cancer)	state of being in a neoplastic disorder/malady (i.e., cancer)	state of manifesting/displaying a symptom of a neoplastic disorder/malady (i.e., cancer)	state of physical or mental incapacity/impairment/weakness/decrepitude due to a neoplastic disorder/malady (i.e., cancer)
mškf	genetic disorder/malady	state of being in a genetic disorder/malady	state of manifesting/displaying a symptom of a genetic disorder/malady	state of physical or mental incapacity/impairment/weakness/decrepitude due to a genetic disorder/malady
mškţ	ideopathic disorder/malady	state of being in an ideopathic disorder/malady	state of manifesting/displaying a symptom of an ideopathic disorder/malady	state of physical or mental incapacity/impairment/weakness/decrepitude due to an ideopathic disorder/malady
mškç	autoimmune disorder	state of being in an autoimmune disorder	state of manifesting/displaying a symptom of an autoimmune disorder	state of physical or mental incapacity/impairment/weakness/decrepitude due to an autoimmune disorder
mškv	malady caused by complications from an injury or injuries	state of being in a malady caused by complications from an injury or injuries	state of manifesting/displaying a symptom of a malady caused by complications from an injury or injuries	state of physical or mental incapacity/impairment/weakness/decrepitude due to a malady caused by complications from an injury or injuries
mškm	iatrogenic or nosocomial disorder/malady caused by medical/medicinal/surgical treatment or hospitalization	state of being in an iatrogenic or nosocomial disorder/malady caused by medical/medicinal/surgical treatment or hospitalization	state of manifesting/displaying a symptom of an iatrogenic or nosocomial disorder/malady caused by medical/medicinal/surgical treatment or hospitalization	state of physical or mental incapacity/impairment/weakness/decrepitude due to an iatrogenic or nosocomial disorder/malady caused by medical/medicinal/surgical treatment or hospitalization
mškn	prion-based disease	state of being in a prion-based disease	state of manifesting/displaying a symptom of a prion-based disease	state of physical or mental incapacity/impairment/weakness/decrepitude due to a prion-based disease
mškh	congenital defect	state of being in a congenital defect	state of manifesting/displaying a symptom of a congenital defect	state of physical or mental incapacity/impairment/weakness/decrepitude due to a congenital defect
mškhw	disease/malady/disorder of unknown etiology, unrecognizable/unclassifiable disease/malady/disorder	state of being in a disease/malady/disorder of unknown etiology, unrecognizable/unclassifiable disease/malady/disorder	state of manifesting/displaying a symptom of a disease/malady/disorder of unknown etiology, unrecognizable/unclassifiable disease/malady/disorder	state of physical or mental incapacity/impairment/weakness/decrepitude due to a disease/malady/disorder of unknown etiology, unrecognizable/unclassifiable disease/malady/disorder
pçw	common cold/nasal congestion/pneumonia	common cold	nasal congestion	pneumonia
nţm	inflammation/sore throat/fever	inflammation, immune reaction	sore throat	fever
vmw	nausea/vomitting/diarrhea	nausea, stomach ache	vomiting	diarrhea
dph	shortness of breath/asthma/sleep apnea	shortness of breath, difficulty breathing	asthma	sleep apnea
ňmw	anemia/hemochromatosis/hypercholesterolemia	anemia	hemochromatosis	hypercholesterolemia
ňmy	ischemia/hemorrhage/blood clot	ischemia	hemorrhage, bruising, hematoma	clotting blood, ischemia
ňnw	hypertension/aneurysm/venous thromboembolism	hypertension	aneurysm	venous thromboembolism
ňny	cardiac arrhythmia/fibrillation/palpitation	cardiac arrhythmia	cardiac fibrillation, flutter	palpitation
škm	syncope/altitude sickness/nitrogen narcosis	syncope/fainting	altitude sickness	nitrogen narcosis (“the bends”)
škn	dehydration/heat exhaustion/stroke	dehydration	heat exhaustion	heat stroke/sunstroke
lcr	GI upset/ulcer/diverticulitis	gastro-intestinal upset	ulcer	diverticulitis
jdř	organ failure/arrest/hyperactivity	organ failure (insufficiency)	organ arrest (complete shutdown)	organ hyperactivity
rcl	osteoporosis/osteopenia/osteomalacia	osteoporosis	osteopenia	osteomalacia
ļpl	spasm/tremor/convulsion	spasm	tremor	convulsion → tonic-clonic seizure
ļpr	trance/seizure/dissociation	spell/trance	non-convulsive/absence seizure	fugue/dissociative state
psx	lethargy/listlessness/palpitation	lethargy, torpor	listlessness, inability to come to full alertness	palpitation
lksx	muscle weakness/cramping	muscle weakness	muscle cramping	abdominal cramping
rpsx	calcification/ossification/fibrosis	calcification, calciferous hardening	ossification, hardening	fibrosis, cirrhosis
slw	paresis	monoparesis	hemiparesis/paraparesis	quadriparesis
sly	paralysis/plegia	paralysis, monoplegia	hemiplegia/paraplegia	quadriplegia
ļnw	paresthesia/dyskinesia/locked-in syndrome	paresthesia	dyskinesia	locked-in syndrome
vpļ	bone fracture/concussion/locked retinal detachment	bone fracture	concussion / traumatic brain injury	locked retinal detachment
knw	deluded/uncontrolled/demented behavior	delusion, deluded thinking	uncontrolled/inappropriate behavior	dementia
řçk	cause of an illness/sickness/disease/malady/ailment	pathogenic or toxicological cause of an illness/disease/ailment/sickness/malady (e.g., microbial, toxic substance, venom)	idiopathic/congenital cause of an illness/disease/ailment/sickness/malady (e.g., the cause(s) of cancer, autoimmune disorder, mental illness, Type-1 diabetes)	iatrogenic or lifestyle/behavioral/environmental cause of an illness/disease/ailment/sickness/malady (e.g., smoking, gluttony, heatstroke, hypoxia due to living at high altitude, alcoholism, drug addiction, botched surgery, bodily injury)
ňzt	nutrient deficiency, malnutrition	state of being in nutrient deficiency, malnutrition	state of manifesting/displaying a symptom of nutrient deficiency, malnutrition	state of physical or mental incapacity/impairment/weakness/decrepitude due to nutrient deficiency, malnutrition
ňztw	scurvy	state of being in scurvy	state of manifesting/displaying a symptom of scurvy	state of physical or mental incapacity/impairment/weakness/decrepitude due to scurvy
ňzty	rickets	state of being in rickets	state of manifesting/displaying a symptom of rickets	state of physical or mental incapacity/impairment/weakness/decrepitude due to rickets
ňztl	diabetes Type 2	state of being in diabetes Type 2	state of manifesting/displaying a symptom of diabetes Type 2	state of physical or mental incapacity/impairment/weakness/decrepitude due to diabetes Type 2
ňztr	electrolyte imbalance	state of being in electrolyte imbalance	state of manifesting/displaying a symptom of electrolyte imbalance	state of physical or mental incapacity/impairment/weakness/decrepitude due to electrolyte imbalance
ňztř	ADH imbalance	state of being in ADH imbalance	state of manifesting/displaying a symptom of ADH imbalance	state of physical or mental incapacity/impairment/weakness/decrepitude due to ADH imbalance
bzzgl	1p36 deletion syndrome	state of being in 1p36 deletion syndrome	state of manifesting/displaying a symptom of 1p36 deletion syndrome	state of physical or mental incapacity/impairment/weakness/decrepitude due to 1p36 deletion syndrome
gzzgl	18p deletion syndrome	state of being in 18p deletion syndrome	state of manifesting/displaying a symptom of 18p deletion syndrome	state of physical or mental incapacity/impairment/weakness/decrepitude due to 18p deletion syndrome
vzzgl	21-hydroxylase deficiency	state of being in 21-hydroxylase deficiency	state of manifesting/displaying a symptom of 21-hydroxylase deficiency	state of physical or mental incapacity/impairment/weakness/decrepitude due to 21-hydroxylase deficiency
mzzgl	Alpha 1-antitrypsin deficiency	state of being in Alpha 1-antitrypsin deficiency	state of manifesting/displaying a symptom of Alpha 1-antitrypsin deficiency	state of physical or mental incapacity/impairment/weakness/decrepitude due to Alpha 1-antitrypsin deficiency
nzzgl	AAA syndrome (achalasia-addisonianism-alacrima syndrome)	state of being in AAA syndrome (achalasia-addisonianism-alacrima syndrome)	state of manifesting/displaying a symptom of AAA syndrome (achalasia-addisonianism-alacrima syndrome)	state of physical or mental incapacity/impairment/weakness/decrepitude due to AAA syndrome (achalasia-addisonianism-alacrima syndrome)
ňzzgl	Aarskog-Scott syndrome	state of being in Aarskog-Scott syndrome	state of manifesting/displaying a symptom of Aarskog-Scott syndrome	state of physical or mental incapacity/impairment/weakness/decrepitude due to Aarskog-Scott syndrome
lzzgl	ABCD syndrome	state of being in ABCD syndrome	state of manifesting/displaying a symptom of ABCD syndrome	state of physical or mental incapacity/impairment/weakness/decrepitude due to ABCD syndrome
rzzgl	Aceruloplasminemia	state of being in Aceruloplasminemia	state of manifesting/displaying a symptom of Aceruloplasminemia	state of physical or mental incapacity/impairment/weakness/decrepitude due to Aceruloplasminemia
řzzgl	Acheiropodia	state of being in Acheiropodia	state of manifesting/displaying a symptom of Acheiropodia	state of physical or mental incapacity/impairment/weakness/decrepitude due to Acheiropodia
bzzgr	Achondrogenesis type II	state of being in Achondrogenesis type II	state of manifesting/displaying a symptom of Achondrogenesis type II	state of physical or mental incapacity/impairment/weakness/decrepitude due to Achondrogenesis type II
gzzgr	achondroplasia	state of being in achondroplasia	state of manifesting/displaying a symptom of achondroplasia	state of physical or mental incapacity/impairment/weakness/decrepitude due to achondroplasia
vzzgr	Acute intermittent porphyria	state of being in Acute intermittent porphyria	state of manifesting/displaying a symptom of Acute intermittent porphyria	state of physical or mental incapacity/impairment/weakness/decrepitude due to Acute intermittent porphyria
mzzgr	adenylosuccinate lyase deficiency	state of being in adenylosuccinate lyase deficiency	state of manifesting/displaying a symptom of adenylosuccinate lyase deficiency	state of physical or mental incapacity/impairment/weakness/decrepitude due to adenylosuccinate lyase deficiency
nzzgr	Adrenoleukodystrophy	state of being in Adrenoleukodystrophy	state of manifesting/displaying a symptom of Adrenoleukodystrophy	state of physical or mental incapacity/impairment/weakness/decrepitude due to Adrenoleukodystrophy
ňzzgr	Alagille syndrome	state of being in Alagille syndrome	state of manifesting/displaying a symptom of Alagille syndrome	state of physical or mental incapacity/impairment/weakness/decrepitude due to Alagille syndrome
lzzgr	ADULT syndrome	state of being in ADULT syndrome	state of manifesting/displaying a symptom of ADULT syndrome	state of physical or mental incapacity/impairment/weakness/decrepitude due to ADULT syndrome
rzzgr	Aicardi-Goutières syndrome	state of being in Aicardi-Goutières syndrome	state of manifesting/displaying a symptom of Aicardi-Goutières syndrome	state of physical or mental incapacity/impairment/weakness/decrepitude due to Aicardi-Goutières syndrome
řzzgr	Albinism	state of being in Albinism	state of manifesting/displaying a symptom of Albinism	state of physical or mental incapacity/impairment/weakness/decrepitude due to Albinism
bzzgř	Alexander disease	state of being in Alexander disease	state of manifesting/displaying a symptom of Alexander disease	state of physical or mental incapacity/impairment/weakness/decrepitude due to Alexander disease
gzzgř	alkaptonuria	state of being in alkaptonuria	state of manifesting/displaying a symptom of alkaptonuria	state of physical or mental incapacity/impairment/weakness/decrepitude due to alkaptonuria
vzzgř	Alport syndrome	state of being in Alport syndrome	state of manifesting/displaying a symptom of Alport syndrome	state of physical or mental incapacity/impairment/weakness/decrepitude due to Alport syndrome
mzzgř	Alternating hemiplegia of childhood	state of being in Alternating hemiplegia of childhood	state of manifesting/displaying a symptom of Alternating hemiplegia of childhood	state of physical or mental incapacity/impairment/weakness/decrepitude due to Alternating hemiplegia of childhood
nzzgř	Amyotrophic lateral sclerosis - Frontotemporal dementia	state of being in Amyotrophic lateral sclerosis - Frontotemporal dementia	state of manifesting/displaying a symptom of Amyotrophic lateral sclerosis - Frontotemporal dementia	state of physical or mental incapacity/impairment/weakness/decrepitude due to Amyotrophic lateral sclerosis - Frontotemporal dementia
ňzzgř	Alström syndrome	state of being in Alström syndrome	state of manifesting/displaying a symptom of Alström syndrome	state of physical or mental incapacity/impairment/weakness/decrepitude due to Alström syndrome
lzzgř	Alzheimer's disease	state of being in Alzheimer's disease	state of manifesting/displaying a symptom of Alzheimer's disease	state of physical or mental incapacity/impairment/weakness/decrepitude due to Alzheimer's disease
rzzgř	Amelogenesis imperfecta	state of being in Amelogenesis imperfecta	state of manifesting/displaying a symptom of Amelogenesis imperfecta	state of physical or mental incapacity/impairment/weakness/decrepitude due to Amelogenesis imperfecta
řzzgř	Aminolevulinic acid dehydratase deficiency porphyria	state of being in Aminolevulinic acid dehydratase deficiency porphyria	state of manifesting/displaying a symptom of Aminolevulinic acid dehydratase deficiency porphyria	state of physical or mental incapacity/impairment/weakness/decrepitude due to Aminolevulinic acid dehydratase deficiency porphyria
bzzgw	Androgen insensitivity syndrome	state of being in Androgen insensitivity syndrome	state of manifesting/displaying a symptom of Androgen insensitivity syndrome	state of physical or mental incapacity/impairment/weakness/decrepitude due to Androgen insensitivity syndrome
gzzgw	Angelman syndrome	state of being in Angelman syndrome	state of manifesting/displaying a symptom of Angelman syndrome	state of physical or mental incapacity/impairment/weakness/decrepitude due to Angelman syndrome
vzzgw	Apert syndrome	state of being in Apert syndrome	state of manifesting/displaying a symptom of Apert syndrome	state of physical or mental incapacity/impairment/weakness/decrepitude due to Apert syndrome
mzzgw	Arthrogryposis-renal dysfunction-cholestasis syndrome	state of being in Arthrogryposis-renal dysfunction-cholestasis syndrome	state of manifesting/displaying a symptom of Arthrogryposis-renal dysfunction-cholestasis syndrome	state of physical or mental incapacity/impairment/weakness/decrepitude due to Arthrogryposis-renal dysfunction-cholestasis syndrome
nzzgw	Ataxia telangiectasia	state of being in Ataxia telangiectasia	state of manifesting/displaying a symptom of Ataxia telangiectasia	state of physical or mental incapacity/impairment/weakness/decrepitude due to Ataxia telangiectasia
ňzzgw	Axenfeld syndrome	state of being in Axenfeld syndrome	state of manifesting/displaying a symptom of Axenfeld syndrome	state of physical or mental incapacity/impairment/weakness/decrepitude due to Axenfeld syndrome
lzzgw	Beare-Stevenson cutis gyrata syndrome	state of being in Beare-Stevenson cutis gyrata syndrome	state of manifesting/displaying a symptom of Beare-Stevenson cutis gyrata syndrome	state of physical or mental incapacity/impairment/weakness/decrepitude due to Beare-Stevenson cutis gyrata syndrome
rzzgw	Beckwith-Wiedemann syndrome	state of being in Beckwith-Wiedemann syndrome	state of manifesting/displaying a symptom of Beckwith-Wiedemann syndrome	state of physical or mental incapacity/impairment/weakness/decrepitude due to Beckwith-Wiedemann syndrome
řzzgw	Benjamin syndrome	state of being in Benjamin syndrome	state of manifesting/displaying a symptom of Benjamin syndrome	state of physical or mental incapacity/impairment/weakness/decrepitude due to Benjamin syndrome
bzzgy	biotinidase deficiency	state of being in biotinidase deficiency	state of manifesting/displaying a symptom of biotinidase deficiency	state of physical or mental incapacity/impairment/weakness/decrepitude due to biotinidase deficiency
gzzgy	Björnstad syndrome	state of being in Björnstad syndrome	state of manifesting/displaying a symptom of Björnstad syndrome	state of physical or mental incapacity/impairment/weakness/decrepitude due to Björnstad syndrome
vzzgy	Bloom syndrome	state of being in Bloom syndrome	state of manifesting/displaying a symptom of Bloom syndrome	state of physical or mental incapacity/impairment/weakness/decrepitude due to Bloom syndrome
mzzgy	Birt-Hogg-Dubé syndrome	state of being in Birt-Hogg-Dubé syndrome	state of manifesting/displaying a symptom of Birt-Hogg-Dubé syndrome	state of physical or mental incapacity/impairment/weakness/decrepitude due to Birt-Hogg-Dubé syndrome
nzzgy	Brody myopathy	state of being in Brody myopathy	state of manifesting/displaying a symptom of Brody myopathy	state of physical or mental incapacity/impairment/weakness/decrepitude due to Brody myopathy
ňzzgy	Brunner syndrome	state of being in Brunner syndrome	state of manifesting/displaying a symptom of Brunner syndrome	state of physical or mental incapacity/impairment/weakness/decrepitude due to Brunner syndrome
lzzgy	CADASIL syndrome	state of being in CADASIL syndrome	state of manifesting/displaying a symptom of CADASIL syndrome	state of physical or mental incapacity/impairment/weakness/decrepitude due to CADASIL syndrome
rzzgy	CRASIL syndrome	state of being in CRASIL syndrome	state of manifesting/displaying a symptom of CRASIL syndrome	state of physical or mental incapacity/impairment/weakness/decrepitude due to CRASIL syndrome
řzzgy	Chronic granulomatous disorder	state of being in Chronic granulomatous disorder	state of manifesting/displaying a symptom of Chronic granulomatous disorder	state of physical or mental incapacity/impairment/weakness/decrepitude due to Chronic granulomatous disorder
bzzbl	Campomelic dysplasia	state of being in Campomelic dysplasia	state of manifesting/displaying a symptom of Campomelic dysplasia	state of physical or mental incapacity/impairment/weakness/decrepitude due to Campomelic dysplasia
gzzbl	Canavan disease	state of being in Canavan disease	state of manifesting/displaying a symptom of Canavan disease	state of physical or mental incapacity/impairment/weakness/decrepitude due to Canavan disease
vzzbl	Carpenter Syndrome	state of being in Carpenter Syndrome	state of manifesting/displaying a symptom of Carpenter Syndrome	state of physical or mental incapacity/impairment/weakness/decrepitude due to Carpenter Syndrome
mzzbl	Cerebral dysgenesis–neuropathy–ichthyosis–keratoderma syndrome (SEDNIK)	state of being in Cerebral dysgenesis–neuropathy–ichthyosis–keratoderma syndrome (SEDNIK)	state of manifesting/displaying a symptom of Cerebral dysgenesis–neuropathy–ichthyosis–keratoderma syndrome (SEDNIK)	state of physical or mental incapacity/impairment/weakness/decrepitude due to Cerebral dysgenesis–neuropathy–ichthyosis–keratoderma syndrome (SEDNIK)
nzzbl	Cystic fibrosis	state of being in Cystic fibrosis	state of manifesting/displaying a symptom of Cystic fibrosis	state of physical or mental incapacity/impairment/weakness/decrepitude due to Cystic fibrosis
ňzzbl	Charcot-Marie-Tooth disease	state of being in Charcot-Marie-Tooth disease	state of manifesting/displaying a symptom of Charcot-Marie-Tooth disease	state of physical or mental incapacity/impairment/weakness/decrepitude due to Charcot-Marie-Tooth disease
lzzbl	CHARGE syndrome	state of being in CHARGE syndrome	state of manifesting/displaying a symptom of CHARGE syndrome	state of physical or mental incapacity/impairment/weakness/decrepitude due to CHARGE syndrome
rzzbl	Chédial-Higashi syndrome	state of being in Chédial-Higashi syndrome	state of manifesting/displaying a symptom of Chédial-Higashi syndrome	state of physical or mental incapacity/impairment/weakness/decrepitude due to Chédial-Higashi syndrome
řzzbl	Cleidocranial dysostosis	state of being in Cleidocranial dysostosis	state of manifesting/displaying a symptom of Cleidocranial dysostosis	state of physical or mental incapacity/impairment/weakness/decrepitude due to Cleidocranial dysostosis
bzzbr	Cockayne syndrome	state of being in Cockayne syndrome	state of manifesting/displaying a symptom of Cockayne syndrome	state of physical or mental incapacity/impairment/weakness/decrepitude due to Cockayne syndrome
gzzbr	Coffin-Lowry syndrome	state of being in Coffin-Lowry syndrome	state of manifesting/displaying a symptom of Coffin-Lowry syndrome	state of physical or mental incapacity/impairment/weakness/decrepitude due to Coffin-Lowry syndrome
vzzbr	Cohen syndrome	state of being in Cohen syndrome	state of manifesting/displaying a symptom of Cohen syndrome	state of physical or mental incapacity/impairment/weakness/decrepitude due to Cohen syndrome
mzzbr	collagenopathy, types II and XI	state of being in collagenopathy, types II and XI	state of manifesting/displaying a symptom of collagenopathy, types II and XI	state of physical or mental incapacity/impairment/weakness/decrepitude due to collagenopathy, types II and XI
nzzbr	Congenital insensitivity to pain with anhidrosis (CIPA)	state of being in Congenital insensitivity to pain with anhidrosis (CIPA)	state of manifesting/displaying a symptom of Congenital insensitivity to pain with anhidrosis (CIPA)	state of physical or mental incapacity/impairment/weakness/decrepitude due to Congenital insensitivity to pain with anhidrosis (CIPA)
ňzzbr	Congenital Muscular Dystrophy	state of being in Congenital Muscular Dystrophy	state of manifesting/displaying a symptom of Congenital Muscular Dystrophy	state of physical or mental incapacity/impairment/weakness/decrepitude due to Congenital Muscular Dystrophy
lzzbr	Cornelia de Lange syndrome (CDLS)	state of being in Cornelia de Lange syndrome (CDLS)	state of manifesting/displaying a symptom of Cornelia de Lange syndrome (CDLS)	state of physical or mental incapacity/impairment/weakness/decrepitude due to Cornelia de Lange syndrome (CDLS)
rzzbr	Cowden syndrome	state of being in Cowden syndrome	state of manifesting/displaying a symptom of Cowden syndrome	state of physical or mental incapacity/impairment/weakness/decrepitude due to Cowden syndrome
řzzbr	CPO deficiency (coproporphyria)	state of being in CPO deficiency (coproporphyria)	state of manifesting/displaying a symptom of CPO deficiency (coproporphyria)	state of physical or mental incapacity/impairment/weakness/decrepitude due to CPO deficiency (coproporphyria)
bzzbř	Cranio-lenticulo-sutural dysplasia	state of being in Cranio-lenticulo-sutural dysplasia	state of manifesting/displaying a symptom of Cranio-lenticulo-sutural dysplasia	state of physical or mental incapacity/impairment/weakness/decrepitude due to Cranio-lenticulo-sutural dysplasia
gzzbř	Cri du chat	state of being in Cri du chat	state of manifesting/displaying a symptom of Cri du chat	state of physical or mental incapacity/impairment/weakness/decrepitude due to Cri du chat
vzzbř	Crohn's disease	state of being in Crohn's disease	state of manifesting/displaying a symptom of Crohn's disease	state of physical or mental incapacity/impairment/weakness/decrepitude due to Crohn's disease
mzzbř	Crouzon syndrome	state of being in Crouzon syndrome	state of manifesting/displaying a symptom of Crouzon syndrome	state of physical or mental incapacity/impairment/weakness/decrepitude due to Crouzon syndrome
nzzbř	Crouzonodermoskeletal syndrome (Crouzon syndrome with acanthosis nigricans)	state of being in Crouzonodermoskeletal syndrome (Crouzon syndrome with acanthosis nigricans)	state of manifesting/displaying a symptom of Crouzonodermoskeletal syndrome (Crouzon syndrome with acanthosis nigricans)	state of physical or mental incapacity/impairment/weakness/decrepitude due to Crouzonodermoskeletal syndrome (Crouzon syndrome with acanthosis nigricans)
ňzzbř	Darier's disease	state of being in Darier's disease	state of manifesting/displaying a symptom of Darier's disease	state of physical or mental incapacity/impairment/weakness/decrepitude due to Darier's disease
lzzbř	Dent's disease (Genetic hypercalciuria)	state of being in Dent's disease (Genetic hypercalciuria)	state of manifesting/displaying a symptom of Dent's disease (Genetic hypercalciuria)	state of physical or mental incapacity/impairment/weakness/decrepitude due to Dent's disease (Genetic hypercalciuria)
rzzbř	Denys-Drash syndrome	state of being in Denys-Drash syndrome	state of manifesting/displaying a symptom of Denys-Drash syndrome	state of physical or mental incapacity/impairment/weakness/decrepitude due to Denys-Drash syndrome
řzzbř	De Grouchy syndrome	state of being in De Grouchy syndrome	state of manifesting/displaying a symptom of De Grouchy syndrome	state of physical or mental incapacity/impairment/weakness/decrepitude due to De Grouchy syndrome
bzzbw	Down Syndrome	state of being in Down Syndrome	state of manifesting/displaying a symptom of Down Syndrome	state of physical or mental incapacity/impairment/weakness/decrepitude due to Down Syndrome
gzzbw	Di George's syndrome	state of being in Di George's syndrome	state of manifesting/displaying a symptom of Di George's syndrome	state of physical or mental incapacity/impairment/weakness/decrepitude due to Di George's syndrome
vzzbw	Distal hereditary motor neuropathy	state of being in Distal hereditary motor neuropathy	state of manifesting/displaying a symptom of Distal hereditary motor neuropathy	state of physical or mental incapacity/impairment/weakness/decrepitude due to Distal hereditary motor neuropathy
mzzbw	Distal muscular dystrophy	state of being in Distal muscular dystrophy	state of manifesting/displaying a symptom of Distal muscular dystrophy	state of physical or mental incapacity/impairment/weakness/decrepitude due to Distal muscular dystrophy
nzzbw	Duchenne muscular dystrophy	state of being in Duchenne muscular dystrophy	state of manifesting/displaying a symptom of Duchenne muscular dystrophy	state of physical or mental incapacity/impairment/weakness/decrepitude due to Duchenne muscular dystrophy
ňzzbw	Dravet syndrome	state of being in Dravet syndrome	state of manifesting/displaying a symptom of Dravet syndrome	state of physical or mental incapacity/impairment/weakness/decrepitude due to Dravet syndrome
lzzbw	Edwards Syndrome	state of being in Edwards Syndrome	state of manifesting/displaying a symptom of Edwards Syndrome	state of physical or mental incapacity/impairment/weakness/decrepitude due to Edwards Syndrome
rzzbw	Ehlers–Danlos syndrome	state of being in Ehlers–Danlos syndrome	state of manifesting/displaying a symptom of Ehlers–Danlos syndrome	state of physical or mental incapacity/impairment/weakness/decrepitude due to Ehlers–Danlos syndrome
řzzbw	Emery–Dreifuss syndrome	state of being in Emery–Dreifuss syndrome	state of manifesting/displaying a symptom of Emery–Dreifuss syndrome	state of physical or mental incapacity/impairment/weakness/decrepitude due to Emery–Dreifuss syndrome
bzzby	Epidermolysis bullosa	state of being in Epidermolysis bullosa	state of manifesting/displaying a symptom of Epidermolysis bullosa	state of physical or mental incapacity/impairment/weakness/decrepitude due to Epidermolysis bullosa
gzzby	Erythropoietic protoporphyria	state of being in Erythropoietic protoporphyria	state of manifesting/displaying a symptom of Erythropoietic protoporphyria	state of physical or mental incapacity/impairment/weakness/decrepitude due to Erythropoietic protoporphyria
vzzby	Fanconi anemia (FA)	state of being in Fanconi anemia (FA)	state of manifesting/displaying a symptom of Fanconi anemia (FA)	state of physical or mental incapacity/impairment/weakness/decrepitude due to Fanconi anemia (FA)
mzzby	Fabry disease	state of being in Fabry disease	state of manifesting/displaying a symptom of Fabry disease	state of physical or mental incapacity/impairment/weakness/decrepitude due to Fabry disease
nzzby	Factor V Leiden thrombophilia	state of being in Factor V Leiden thrombophilia	state of manifesting/displaying a symptom of Factor V Leiden thrombophilia	state of physical or mental incapacity/impairment/weakness/decrepitude due to Factor V Leiden thrombophilia
ňzzby	Fatal familial insomnia	state of being in Fatal familial insomnia	state of manifesting/displaying a symptom of Fatal familial insomnia	state of physical or mental incapacity/impairment/weakness/decrepitude due to Fatal familial insomnia
lzzby	Familial adenomatous polyposis	state of being in Familial adenomatous polyposis	state of manifesting/displaying a symptom of Familial adenomatous polyposis	state of physical or mental incapacity/impairment/weakness/decrepitude due to Familial adenomatous polyposis
rzzby	Familial dysautonomia	state of being in Familial dysautonomia	state of manifesting/displaying a symptom of Familial dysautonomia	state of physical or mental incapacity/impairment/weakness/decrepitude due to Familial dysautonomia
řzzby	Familial Creutzfeld–Jakob Disease	state of being in Familial Creutzfeld–Jakob Disease	state of manifesting/displaying a symptom of Familial Creutzfeld–Jakob Disease	state of physical or mental incapacity/impairment/weakness/decrepitude due to Familial Creutzfeld–Jakob Disease
bzzdl	Feingold syndrome	state of being in Feingold syndrome	state of manifesting/displaying a symptom of Feingold syndrome	state of physical or mental incapacity/impairment/weakness/decrepitude due to Feingold syndrome
gzzdl	FG syndrome	state of being in FG syndrome	state of manifesting/displaying a symptom of FG syndrome	state of physical or mental incapacity/impairment/weakness/decrepitude due to FG syndrome
vzzdl	Fragile X syndrome	state of being in Fragile X syndrome	state of manifesting/displaying a symptom of Fragile X syndrome	state of physical or mental incapacity/impairment/weakness/decrepitude due to Fragile X syndrome
mzzdl	Friedreich's ataxia	state of being in Friedreich's ataxia	state of manifesting/displaying a symptom of Friedreich's ataxia	state of physical or mental incapacity/impairment/weakness/decrepitude due to Friedreich's ataxia
nzzdl	G6PD deficiency	state of being in G6PD deficiency	state of manifesting/displaying a symptom of G6PD deficiency	state of physical or mental incapacity/impairment/weakness/decrepitude due to G6PD deficiency
ňzzdl	Galactosemia	state of being in Galactosemia	state of manifesting/displaying a symptom of Galactosemia	state of physical or mental incapacity/impairment/weakness/decrepitude due to Galactosemia
lzzdl	Gaucher disease	state of being in Gaucher disease	state of manifesting/displaying a symptom of Gaucher disease	state of physical or mental incapacity/impairment/weakness/decrepitude due to Gaucher disease
rzzdl	Gerstmann–Sträussler–Scheinker syndrome	state of being in Gerstmann–Sträussler–Scheinker syndrome	state of manifesting/displaying a symptom of Gerstmann–Sträussler–Scheinker syndrome	state of physical or mental incapacity/impairment/weakness/decrepitude due to Gerstmann–Sträussler–Scheinker syndrome
řzzdl	Gillespie syndrome	state of being in Gillespie syndrome	state of manifesting/displaying a symptom of Gillespie syndrome	state of physical or mental incapacity/impairment/weakness/decrepitude due to Gillespie syndrome
bzzdr	Glutaric aciduria, type I and type 2	state of being in Glutaric aciduria, type I and type 2	state of manifesting/displaying a symptom of Glutaric aciduria, type I and type 2	state of physical or mental incapacity/impairment/weakness/decrepitude due to Glutaric aciduria, type I and type 2
gzzdr	GRACILE syndrome	state of being in GRACILE syndrome	state of manifesting/displaying a symptom of GRACILE syndrome	state of physical or mental incapacity/impairment/weakness/decrepitude due to GRACILE syndrome
vzzdr	Griscelli syndrome	state of being in Griscelli syndrome	state of manifesting/displaying a symptom of Griscelli syndrome	state of physical or mental incapacity/impairment/weakness/decrepitude due to Griscelli syndrome
mzzdr	Hailey–Hailey disease	state of being in Hailey–Hailey disease	state of manifesting/displaying a symptom of Hailey–Hailey disease	state of physical or mental incapacity/impairment/weakness/decrepitude due to Hailey–Hailey disease
nzzdr	Harlequin type ichthyosis	state of being in Harlequin type ichthyosis	state of manifesting/displaying a symptom of Harlequin type ichthyosis	state of physical or mental incapacity/impairment/weakness/decrepitude due to Harlequin type ichthyosis
ňzzdr	Hemochromatosis, hereditary	state of being in Hemochromatosis, hereditary	state of manifesting/displaying a symptom of Hemochromatosis, hereditary	state of physical or mental incapacity/impairment/weakness/decrepitude due to Hemochromatosis, hereditary
lzzdr	Hemophilia	state of being in Hemophilia	state of manifesting/displaying a symptom of Hemophilia	state of physical or mental incapacity/impairment/weakness/decrepitude due to Hemophilia
rzzdr	Hepatoerythropoietic porphyria	state of being in Hepatoerythropoietic porphyria	state of manifesting/displaying a symptom of Hepatoerythropoietic porphyria	state of physical or mental incapacity/impairment/weakness/decrepitude due to Hepatoerythropoietic porphyria
řzzdr	Hereditary coproporphyria	state of being in Hereditary coproporphyria	state of manifesting/displaying a symptom of Hereditary coproporphyria	state of physical or mental incapacity/impairment/weakness/decrepitude due to Hereditary coproporphyria
bzzdř	Hereditary hemorrhagic telangiectasia (Osler–Weber–Rendu syndrome)	state of being in Hereditary hemorrhagic telangiectasia (Osler–Weber–Rendu syndrome)	state of manifesting/displaying a symptom of Hereditary hemorrhagic telangiectasia (Osler–Weber–Rendu syndrome)	state of physical or mental incapacity/impairment/weakness/decrepitude due to Hereditary hemorrhagic telangiectasia (Osler–Weber–Rendu syndrome)
gzzdř	Hereditary inclusion body myopathy	state of being in Hereditary inclusion body myopathy	state of manifesting/displaying a symptom of Hereditary inclusion body myopathy	state of physical or mental incapacity/impairment/weakness/decrepitude due to Hereditary inclusion body myopathy
vzzdř	Hereditary multiple exostoses	state of being in Hereditary multiple exostoses	state of manifesting/displaying a symptom of Hereditary multiple exostoses	state of physical or mental incapacity/impairment/weakness/decrepitude due to Hereditary multiple exostoses
mzzdř	Hereditary spastic paraplegia (infantile-onset ascending hereditary spastic paralysis)	state of being in Hereditary spastic paraplegia (infantile-onset ascending hereditary spastic paralysis)	state of manifesting/displaying a symptom of Hereditary spastic paraplegia (infantile-onset ascending hereditary spastic paralysis)	state of physical or mental incapacity/impairment/weakness/decrepitude due to Hereditary spastic paraplegia (infantile-onset ascending hereditary spastic paralysis)
nzzdř	Hermansky–Pudlak syndrome	state of being in Hermansky–Pudlak syndrome	state of manifesting/displaying a symptom of Hermansky–Pudlak syndrome	state of physical or mental incapacity/impairment/weakness/decrepitude due to Hermansky–Pudlak syndrome
ňzzdř	Hereditary neuropathy with liability to pressure palsies (HNPP)	state of being in Hereditary neuropathy with liability to pressure palsies (HNPP)	state of manifesting/displaying a symptom of Hereditary neuropathy with liability to pressure palsies (HNPP)	state of physical or mental incapacity/impairment/weakness/decrepitude due to Hereditary neuropathy with liability to pressure palsies (HNPP)
lzzdř	Heterotaxy	state of being in Heterotaxy	state of manifesting/displaying a symptom of Heterotaxy	state of physical or mental incapacity/impairment/weakness/decrepitude due to Heterotaxy
rzzdř	Homocystinuria	state of being in Homocystinuria	state of manifesting/displaying a symptom of Homocystinuria	state of physical or mental incapacity/impairment/weakness/decrepitude due to Homocystinuria
řzzdř	Huntington's disease	state of being in Huntington's disease	state of manifesting/displaying a symptom of Huntington's disease	state of physical or mental incapacity/impairment/weakness/decrepitude due to Huntington's disease
bzzdw	Hunter syndrome	state of being in Hunter syndrome	state of manifesting/displaying a symptom of Hunter syndrome	state of physical or mental incapacity/impairment/weakness/decrepitude due to Hunter syndrome
gzzdw	Hurler syndrome	state of being in Hurler syndrome	state of manifesting/displaying a symptom of Hurler syndrome	state of physical or mental incapacity/impairment/weakness/decrepitude due to Hurler syndrome
vzzdw	Hutchinson–Gilford progeria syndrome	state of being in Hutchinson–Gilford progeria syndrome	state of manifesting/displaying a symptom of Hutchinson–Gilford progeria syndrome	state of physical or mental incapacity/impairment/weakness/decrepitude due to Hutchinson–Gilford progeria syndrome
mzzdw	Hyperlysinemia	state of being in Hyperlysinemia	state of manifesting/displaying a symptom of Hyperlysinemia	state of physical or mental incapacity/impairment/weakness/decrepitude due to Hyperlysinemia
nzzdw	Hyperoxaluria, primary	state of being in Hyperoxaluria, primary	state of manifesting/displaying a symptom of Hyperoxaluria, primary	state of physical or mental incapacity/impairment/weakness/decrepitude due to Hyperoxaluria, primary
ňzzdw	Hyperphenylalaninemia	state of being in Hyperphenylalaninemia	state of manifesting/displaying a symptom of Hyperphenylalaninemia	state of physical or mental incapacity/impairment/weakness/decrepitude due to Hyperphenylalaninemia
lzzdw	Hypoalphalipoproteinemia (Tangier disease)	state of being in Hypoalphalipoproteinemia (Tangier disease)	state of manifesting/displaying a symptom of Hypoalphalipoproteinemia (Tangier disease)	state of physical or mental incapacity/impairment/weakness/decrepitude due to Hypoalphalipoproteinemia (Tangier disease)
rzzdw	Hypochondrogenesis	state of being in Hypochondrogenesis	state of manifesting/displaying a symptom of Hypochondrogenesis	state of physical or mental incapacity/impairment/weakness/decrepitude due to Hypochondrogenesis
řzzdw	Hypochondroplasia	state of being in Hypochondroplasia	state of manifesting/displaying a symptom of Hypochondroplasia	state of physical or mental incapacity/impairment/weakness/decrepitude due to Hypochondroplasia
bzzdy	Immunodeficiency–centromeric instability–facial anomalies syndrome (ICF syndrome)	state of being in Immunodeficiency–centromeric instability–facial anomalies syndrome (ICF syndrome)	state of manifesting/displaying a symptom of Immunodeficiency–centromeric instability–facial anomalies syndrome (ICF syndrome)	state of physical or mental incapacity/impairment/weakness/decrepitude due to Immunodeficiency–centromeric instability–facial anomalies syndrome (ICF syndrome)
gzzdy	Incontinentia pigmenti	state of being in Incontinentia pigmenti	state of manifesting/displaying a symptom of Incontinentia pigmenti	state of physical or mental incapacity/impairment/weakness/decrepitude due to Incontinentia pigmenti
vzzdy	Ischiopatellar dysplasia	state of being in Ischiopatellar dysplasia	state of manifesting/displaying a symptom of Ischiopatellar dysplasia	state of physical or mental incapacity/impairment/weakness/decrepitude due to Ischiopatellar dysplasia
mzzdy	Isodicentric 15	state of being in Isodicentric 15	state of manifesting/displaying a symptom of Isodicentric 15	state of physical or mental incapacity/impairment/weakness/decrepitude due to Isodicentric 15
nzzdy	Jackson–Weiss syndrome	state of being in Jackson–Weiss syndrome	state of manifesting/displaying a symptom of Jackson–Weiss syndrome	state of physical or mental incapacity/impairment/weakness/decrepitude due to Jackson–Weiss syndrome
ňzzdy	Joubert syndrome	state of being in Joubert syndrome	state of manifesting/displaying a symptom of Joubert syndrome	state of physical or mental incapacity/impairment/weakness/decrepitude due to Joubert syndrome
lzzdy	Juvenile primary lateral sclerosis (JPLS)	state of being in Juvenile primary lateral sclerosis (JPLS)	state of manifesting/displaying a symptom of Juvenile primary lateral sclerosis (JPLS)	state of physical or mental incapacity/impairment/weakness/decrepitude due to Juvenile primary lateral sclerosis (JPLS)
rzzdy	Keloid disorder	state of being in Keloid disorder	state of manifesting/displaying a symptom of Keloid disorder	state of physical or mental incapacity/impairment/weakness/decrepitude due to Keloid disorder
řzzdy	Kniest dysplasia	state of being in Kniest dysplasia	state of manifesting/displaying a symptom of Kniest dysplasia	state of physical or mental incapacity/impairment/weakness/decrepitude due to Kniest dysplasia
bzzfl	Kosaki overgrowth syndrome	state of being in Kosaki overgrowth syndrome	state of manifesting/displaying a symptom of Kosaki overgrowth syndrome	state of physical or mental incapacity/impairment/weakness/decrepitude due to Kosaki overgrowth syndrome
gzzfl	Krabbe disease	state of being in Krabbe disease	state of manifesting/displaying a symptom of Krabbe disease	state of physical or mental incapacity/impairment/weakness/decrepitude due to Krabbe disease
vzzfl	Kufor–Rakeb syndrome	state of being in Kufor–Rakeb syndrome	state of manifesting/displaying a symptom of Kufor–Rakeb syndrome	state of physical or mental incapacity/impairment/weakness/decrepitude due to Kufor–Rakeb syndrome
mzzfl	LCAT deficiency	state of being in LCAT deficiency	state of manifesting/displaying a symptom of LCAT deficiency	state of physical or mental incapacity/impairment/weakness/decrepitude due to LCAT deficiency
nzzfl	Lesch–Nyhan syndrome	state of being in Lesch–Nyhan syndrome	state of manifesting/displaying a symptom of Lesch–Nyhan syndrome	state of physical or mental incapacity/impairment/weakness/decrepitude due to Lesch–Nyhan syndrome
ňzzfl	Li–Fraumeni syndrome	state of being in Li–Fraumeni syndrome	state of manifesting/displaying a symptom of Li–Fraumeni syndrome	state of physical or mental incapacity/impairment/weakness/decrepitude due to Li–Fraumeni syndrome
lzzfl	Limb-Girdle Muscular Dystrophy	state of being in Limb-Girdle Muscular Dystrophy	state of manifesting/displaying a symptom of Limb-Girdle Muscular Dystrophy	state of physical or mental incapacity/impairment/weakness/decrepitude due to Limb-Girdle Muscular Dystrophy
rzzfl	Lynch syndrome	state of being in Lynch syndrome	state of manifesting/displaying a symptom of Lynch syndrome	state of physical or mental incapacity/impairment/weakness/decrepitude due to Lynch syndrome
řzzfl	lipoprotein lipase deficiency	state of being in lipoprotein lipase deficiency	state of manifesting/displaying a symptom of lipoprotein lipase deficiency	state of physical or mental incapacity/impairment/weakness/decrepitude due to lipoprotein lipase deficiency
bzzfr	Malignant hyperthermia	state of being in Malignant hyperthermia	state of manifesting/displaying a symptom of Malignant hyperthermia	state of physical or mental incapacity/impairment/weakness/decrepitude due to Malignant hyperthermia
gzzfr	Maple syrup urine disease	state of being in Maple syrup urine disease	state of manifesting/displaying a symptom of Maple syrup urine disease	state of physical or mental incapacity/impairment/weakness/decrepitude due to Maple syrup urine disease
vzzfr	Marfan syndrome	state of being in Marfan syndrome	state of manifesting/displaying a symptom of Marfan syndrome	state of physical or mental incapacity/impairment/weakness/decrepitude due to Marfan syndrome
mzzfr	Maroteaux–Lamy syndrome	state of being in Maroteaux–Lamy syndrome	state of manifesting/displaying a symptom of Maroteaux–Lamy syndrome	state of physical or mental incapacity/impairment/weakness/decrepitude due to Maroteaux–Lamy syndrome
nzzfr	McCune–Albright syndrome	state of being in McCune–Albright syndrome	state of manifesting/displaying a symptom of McCune–Albright syndrome	state of physical or mental incapacity/impairment/weakness/decrepitude due to McCune–Albright syndrome
ňzzfr	McLeod syndrome	state of being in McLeod syndrome	state of manifesting/displaying a symptom of McLeod syndrome	state of physical or mental incapacity/impairment/weakness/decrepitude due to McLeod syndrome
lzzfr	MEDNIK syndrome	state of being in MEDNIK syndrome	state of manifesting/displaying a symptom of MEDNIK syndrome	state of physical or mental incapacity/impairment/weakness/decrepitude due to MEDNIK syndrome
rzzfr	Mediterranean fever, familial	state of being in Mediterranean fever, familial	state of manifesting/displaying a symptom of Mediterranean fever, familial	state of physical or mental incapacity/impairment/weakness/decrepitude due to Mediterranean fever, familial
řzzfr	Menkes disease	state of being in Menkes disease	state of manifesting/displaying a symptom of Menkes disease	state of physical or mental incapacity/impairment/weakness/decrepitude due to Menkes disease
bzzfř	Metachromatic leukodystrophy	state of being in Metachromatic leukodystrophy	state of manifesting/displaying a symptom of Metachromatic leukodystrophy	state of physical or mental incapacity/impairment/weakness/decrepitude due to Metachromatic leukodystrophy
gzzfř	Methemoglobinemia	state of being in Methemoglobinemia	state of manifesting/displaying a symptom of Methemoglobinemia	state of physical or mental incapacity/impairment/weakness/decrepitude due to Methemoglobinemia
vzzfř	Methylmalonic acidemia	state of being in Methylmalonic acidemia	state of manifesting/displaying a symptom of Methylmalonic acidemia	state of physical or mental incapacity/impairment/weakness/decrepitude due to Methylmalonic acidemia
mzzfř	Micro syndrome	state of being in Micro syndrome	state of manifesting/displaying a symptom of Micro syndrome	state of physical or mental incapacity/impairment/weakness/decrepitude due to Micro syndrome
nzzfř	Microcephaly	state of being in Microcephaly	state of manifesting/displaying a symptom of Microcephaly	state of physical or mental incapacity/impairment/weakness/decrepitude due to Microcephaly
ňzzfř	Morquio syndrome	state of being in Morquio syndrome	state of manifesting/displaying a symptom of Morquio syndrome	state of physical or mental incapacity/impairment/weakness/decrepitude due to Morquio syndrome
lzzfř	Mowat–Wilson syndrome	state of being in Mowat–Wilson syndrome	state of manifesting/displaying a symptom of Mowat–Wilson syndrome	state of physical or mental incapacity/impairment/weakness/decrepitude due to Mowat–Wilson syndrome
rzzfř	Muenke syndrome	state of being in Muenke syndrome	state of manifesting/displaying a symptom of Muenke syndrome	state of physical or mental incapacity/impairment/weakness/decrepitude due to Muenke syndrome
řzzfř	Multiple endocrine neoplasia type 1 (Wermer's syndrome)	state of being in Multiple endocrine neoplasia type 1 (Wermer's syndrome)	state of manifesting/displaying a symptom of Multiple endocrine neoplasia type 1 (Wermer's syndrome)	state of physical or mental incapacity/impairment/weakness/decrepitude due to Multiple endocrine neoplasia type 1 (Wermer's syndrome)
bzzfw	Multiple endocrine neoplasia type 2	state of being in Multiple endocrine neoplasia type 2	state of manifesting/displaying a symptom of Multiple endocrine neoplasia type 2	state of physical or mental incapacity/impairment/weakness/decrepitude due to Multiple endocrine neoplasia type 2
gzzfw	Muscular dystrophy	state of being in Muscular dystrophy	state of manifesting/displaying a symptom of Muscular dystrophy	state of physical or mental incapacity/impairment/weakness/decrepitude due to Muscular dystrophy
vzzfw	Muscular dystrophy, Duchenne and Becker type	state of being in Muscular dystrophy, Duchenne and Becker type	state of manifesting/displaying a symptom of Muscular dystrophy, Duchenne and Becker type	state of physical or mental incapacity/impairment/weakness/decrepitude due to Muscular dystrophy, Duchenne and Becker type
mzzfw	Myostatin-related muscle hypertrophy	state of being in Myostatin-related muscle hypertrophy	state of manifesting/displaying a symptom of Myostatin-related muscle hypertrophy	state of physical or mental incapacity/impairment/weakness/decrepitude due to Myostatin-related muscle hypertrophy
nzzfw	myotonic dystrophy	state of being in myotonic dystrophy	state of manifesting/displaying a symptom of myotonic dystrophy	state of physical or mental incapacity/impairment/weakness/decrepitude due to myotonic dystrophy
ňzzfw	Natowicz syndrome	state of being in Natowicz syndrome	state of manifesting/displaying a symptom of Natowicz syndrome	state of physical or mental incapacity/impairment/weakness/decrepitude due to Natowicz syndrome
lzzfw	Neurofibromatosis type I	state of being in Neurofibromatosis type I	state of manifesting/displaying a symptom of Neurofibromatosis type I	state of physical or mental incapacity/impairment/weakness/decrepitude due to Neurofibromatosis type I
rzzfw	Neurofibromatosis type II	state of being in Neurofibromatosis type II	state of manifesting/displaying a symptom of Neurofibromatosis type II	state of physical or mental incapacity/impairment/weakness/decrepitude due to Neurofibromatosis type II
řzzfw	Niemann–Pick disease	state of being in Niemann–Pick disease	state of manifesting/displaying a symptom of Niemann–Pick disease	state of physical or mental incapacity/impairment/weakness/decrepitude due to Niemann–Pick disease
bzzfy	Nonketotic hyperglycinemia	state of being in Nonketotic hyperglycinemia	state of manifesting/displaying a symptom of Nonketotic hyperglycinemia	state of physical or mental incapacity/impairment/weakness/decrepitude due to Nonketotic hyperglycinemia
gzzfy	Nonsyndromic deafness	state of being in Nonsyndromic deafness	state of manifesting/displaying a symptom of Nonsyndromic deafness	state of physical or mental incapacity/impairment/weakness/decrepitude due to Nonsyndromic deafness
vzzfy	Noonan syndrome	state of being in Noonan syndrome	state of manifesting/displaying a symptom of Noonan syndrome	state of physical or mental incapacity/impairment/weakness/decrepitude due to Noonan syndrome
mzzfy	Norman–Roberts syndrome	state of being in Norman–Roberts syndrome	state of manifesting/displaying a symptom of Norman–Roberts syndrome	state of physical or mental incapacity/impairment/weakness/decrepitude due to Norman–Roberts syndrome
nzzfy	Ogden syndrome	state of being in Ogden syndrome	state of manifesting/displaying a symptom of Ogden syndrome	state of physical or mental incapacity/impairment/weakness/decrepitude due to Ogden syndrome
ňzzfy	Omenn syndrome	state of being in Omenn syndrome	state of manifesting/displaying a symptom of Omenn syndrome	state of physical or mental incapacity/impairment/weakness/decrepitude due to Omenn syndrome
lzzfy	Osteogenesis imperfecta	state of being in Osteogenesis imperfecta	state of manifesting/displaying a symptom of Osteogenesis imperfecta	state of physical or mental incapacity/impairment/weakness/decrepitude due to Osteogenesis imperfecta
rzzfy	Pantothenate kinase-associated neurodegeneration	state of being in Pantothenate kinase-associated neurodegeneration	state of manifesting/displaying a symptom of Pantothenate kinase-associated neurodegeneration	state of physical or mental incapacity/impairment/weakness/decrepitude due to Pantothenate kinase-associated neurodegeneration
řzzfy	Patau syndrome (Trisomy 13)	state of being in Patau syndrome (Trisomy 13)	state of manifesting/displaying a symptom of Patau syndrome (Trisomy 13)	state of physical or mental incapacity/impairment/weakness/decrepitude due to Patau syndrome (Trisomy 13)
bzzvl	PCC deficiency (propionic acidemia)	state of being in PCC deficiency (propionic acidemia)	state of manifesting/displaying a symptom of PCC deficiency (propionic acidemia)	state of physical or mental incapacity/impairment/weakness/decrepitude due to PCC deficiency (propionic acidemia)
gzzvl	Porphyria cutanea tarda (PCT)	state of being in Porphyria cutanea tarda (PCT)	state of manifesting/displaying a symptom of Porphyria cutanea tarda (PCT)	state of physical or mental incapacity/impairment/weakness/decrepitude due to Porphyria cutanea tarda (PCT)
vzzvl	Pendred syndrome	state of being in Pendred syndrome	state of manifesting/displaying a symptom of Pendred syndrome	state of physical or mental incapacity/impairment/weakness/decrepitude due to Pendred syndrome
mzzvl	Peutz–Jeghers syndrome	state of being in Peutz–Jeghers syndrome	state of manifesting/displaying a symptom of Peutz–Jeghers syndrome	state of physical or mental incapacity/impairment/weakness/decrepitude due to Peutz–Jeghers syndrome
nzzvl	Pfeiffer syndrome	state of being in Pfeiffer syndrome	state of manifesting/displaying a symptom of Pfeiffer syndrome	state of physical or mental incapacity/impairment/weakness/decrepitude due to Pfeiffer syndrome
ňzzvl	Phenylketonuria	state of being in Phenylketonuria	state of manifesting/displaying a symptom of Phenylketonuria	state of physical or mental incapacity/impairment/weakness/decrepitude due to Phenylketonuria
lzzvl	Pipecolic acidemia	state of being in Pipecolic acidemia	state of manifesting/displaying a symptom of Pipecolic acidemia	state of physical or mental incapacity/impairment/weakness/decrepitude due to Pipecolic acidemia
rzzvl	Pitt–Hopkins syndrome	state of being in Pitt–Hopkins syndrome	state of manifesting/displaying a symptom of Pitt–Hopkins syndrome	state of physical or mental incapacity/impairment/weakness/decrepitude due to Pitt–Hopkins syndrome
řzzvl	Polycystic kidney disease	state of being in Polycystic kidney disease	state of manifesting/displaying a symptom of Polycystic kidney disease	state of physical or mental incapacity/impairment/weakness/decrepitude due to Polycystic kidney disease
bzzvr	Polycystic ovary syndrome (PCOS)	state of being in Polycystic ovary syndrome (PCOS)	state of manifesting/displaying a symptom of Polycystic ovary syndrome (PCOS)	state of physical or mental incapacity/impairment/weakness/decrepitude due to Polycystic ovary syndrome (PCOS)
gzzvr	Porphyria	state of being in Porphyria	state of manifesting/displaying a symptom of Porphyria	state of physical or mental incapacity/impairment/weakness/decrepitude due to Porphyria
vzzvr	Prader–Willi syndrome	state of being in Prader–Willi syndrome	state of manifesting/displaying a symptom of Prader–Willi syndrome	state of physical or mental incapacity/impairment/weakness/decrepitude due to Prader–Willi syndrome
mzzvr	Primary ciliary dyskinesia (PCD)	state of being in Primary ciliary dyskinesia (PCD)	state of manifesting/displaying a symptom of Primary ciliary dyskinesia (PCD)	state of physical or mental incapacity/impairment/weakness/decrepitude due to Primary ciliary dyskinesia (PCD)
nzzvr	Primary pulmonary hypertension	state of being in Primary pulmonary hypertension	state of manifesting/displaying a symptom of Primary pulmonary hypertension	state of physical or mental incapacity/impairment/weakness/decrepitude due to Primary pulmonary hypertension
ňzzvr	Protein C deficiency	state of being in Protein C deficiency	state of manifesting/displaying a symptom of Protein C deficiency	state of physical or mental incapacity/impairment/weakness/decrepitude due to Protein C deficiency
lzzvr	Protein S deficiency	state of being in Protein S deficiency	state of manifesting/displaying a symptom of Protein S deficiency	state of physical or mental incapacity/impairment/weakness/decrepitude due to Protein S deficiency
rzzvr	Pseudo-Gaucher disease	state of being in Pseudo-Gaucher disease	state of manifesting/displaying a symptom of Pseudo-Gaucher disease	state of physical or mental incapacity/impairment/weakness/decrepitude due to Pseudo-Gaucher disease
řzzvr	Pseudoxanthoma elasticum	state of being in Pseudoxanthoma elasticum	state of manifesting/displaying a symptom of Pseudoxanthoma elasticum	state of physical or mental incapacity/impairment/weakness/decrepitude due to Pseudoxanthoma elasticum
bzzvř	Retinitis pigmentosa	state of being in Retinitis pigmentosa	state of manifesting/displaying a symptom of Retinitis pigmentosa	state of physical or mental incapacity/impairment/weakness/decrepitude due to Retinitis pigmentosa
gzzvř	Rett syndrome	state of being in Rett syndrome	state of manifesting/displaying a symptom of Rett syndrome	state of physical or mental incapacity/impairment/weakness/decrepitude due to Rett syndrome
vzzvř	Roberts syndrome	state of being in Roberts syndrome	state of manifesting/displaying a symptom of Roberts syndrome	state of physical or mental incapacity/impairment/weakness/decrepitude due to Roberts syndrome
mzzvř	Rubinstein–Taybi syndrome (RSTS)	state of being in Rubinstein–Taybi syndrome (RSTS)	state of manifesting/displaying a symptom of Rubinstein–Taybi syndrome (RSTS)	state of physical or mental incapacity/impairment/weakness/decrepitude due to Rubinstein–Taybi syndrome (RSTS)
nzzvř	Sandhoff disease	state of being in Sandhoff disease	state of manifesting/displaying a symptom of Sandhoff disease	state of physical or mental incapacity/impairment/weakness/decrepitude due to Sandhoff disease
ňzzvř	Sanfilippo syndrome	state of being in Sanfilippo syndrome	state of manifesting/displaying a symptom of Sanfilippo syndrome	state of physical or mental incapacity/impairment/weakness/decrepitude due to Sanfilippo syndrome
lzzvř	Schwartz–Jampel syndrome	state of being in Schwartz–Jampel syndrome	state of manifesting/displaying a symptom of Schwartz–Jampel syndrome	state of physical or mental incapacity/impairment/weakness/decrepitude due to Schwartz–Jampel syndrome
rzzvř	Sjogren-Larsson syndrome	state of being in Sjogren-Larsson syndrome	state of manifesting/displaying a symptom of Sjogren-Larsson syndrome	state of physical or mental incapacity/impairment/weakness/decrepitude due to Sjogren-Larsson syndrome
řzzvř	Spondyloepiphyseal dysplasia congenita (SED)	state of being in Spondyloepiphyseal dysplasia congenita (SED)	state of manifesting/displaying a symptom of Spondyloepiphyseal dysplasia congenita (SED)	state of physical or mental incapacity/impairment/weakness/decrepitude due to Spondyloepiphyseal dysplasia congenita (SED)
bzzvw	Shprintzen–Goldberg syndrome	state of being in Shprintzen–Goldberg syndrome	state of manifesting/displaying a symptom of Shprintzen–Goldberg syndrome	state of physical or mental incapacity/impairment/weakness/decrepitude due to Shprintzen–Goldberg syndrome
gzzvw	Sickle cell anemia	state of being in Sickle cell anemia	state of manifesting/displaying a symptom of Sickle cell anemia	state of physical or mental incapacity/impairment/weakness/decrepitude due to Sickle cell anemia
vzzvw	Siderius X-linked mental retardation syndrome	state of being in Siderius X-linked mental retardation syndrome	state of manifesting/displaying a symptom of Siderius X-linked mental retardation syndrome	state of physical or mental incapacity/impairment/weakness/decrepitude due to Siderius X-linked mental retardation syndrome
mzzvw	Sideroblastic anemia	state of being in Sideroblastic anemia	state of manifesting/displaying a symptom of Sideroblastic anemia	state of physical or mental incapacity/impairment/weakness/decrepitude due to Sideroblastic anemia
nzzvw	Sly syndrome	state of being in Sly syndrome	state of manifesting/displaying a symptom of Sly syndrome	state of physical or mental incapacity/impairment/weakness/decrepitude due to Sly syndrome
ňzzvw	Smith–Lemli–Opitz syndrome	state of being in Smith–Lemli–Opitz syndrome	state of manifesting/displaying a symptom of Smith–Lemli–Opitz syndrome	state of physical or mental incapacity/impairment/weakness/decrepitude due to Smith–Lemli–Opitz syndrome
lzzvw	Smith–Magenis syndrome	state of being in Smith–Magenis syndrome	state of manifesting/displaying a symptom of Smith–Magenis syndrome	state of physical or mental incapacity/impairment/weakness/decrepitude due to Smith–Magenis syndrome
rzzvw	Snyder–Robinson syndrome	state of being in Snyder–Robinson syndrome	state of manifesting/displaying a symptom of Snyder–Robinson syndrome	state of physical or mental incapacity/impairment/weakness/decrepitude due to Snyder–Robinson syndrome
řzzvw	Spinal muscular atrophy	state of being in Spinal muscular atrophy	state of manifesting/displaying a symptom of Spinal muscular atrophy	state of physical or mental incapacity/impairment/weakness/decrepitude due to Spinal muscular atrophy
bzzvy	Spinocerebellar ataxia (types 1–29)	state of being in Spinocerebellar ataxia (types 1–29)	state of manifesting/displaying a symptom of Spinocerebellar ataxia (types 1–29)	state of physical or mental incapacity/impairment/weakness/decrepitude due to Spinocerebellar ataxia (types 1–29)
gzzvy	SSB syndrome (SADDAN)	state of being in SSB syndrome (SADDAN)	state of manifesting/displaying a symptom of SSB syndrome (SADDAN)	state of physical or mental incapacity/impairment/weakness/decrepitude due to SSB syndrome (SADDAN)
vzzvy	Stargardt disease (macular degeneration)	state of being in Stargardt disease (macular degeneration)	state of manifesting/displaying a symptom of Stargardt disease (macular degeneration)	state of physical or mental incapacity/impairment/weakness/decrepitude due to Stargardt disease (macular degeneration)
mzzvy	Stickler syndrome (multiple forms)	state of being in Stickler syndrome (multiple forms)	state of manifesting/displaying a symptom of Stickler syndrome (multiple forms)	state of physical or mental incapacity/impairment/weakness/decrepitude due to Stickler syndrome (multiple forms)
nzzvy	Strudwick syndrome (spondyloepimetaphyseal dysplasia, Strudwick type)	state of being in Strudwick syndrome (spondyloepimetaphyseal dysplasia, Strudwick type)	state of manifesting/displaying a symptom of Strudwick syndrome (spondyloepimetaphyseal dysplasia, Strudwick type)	state of physical or mental incapacity/impairment/weakness/decrepitude due to Strudwick syndrome (spondyloepimetaphyseal dysplasia, Strudwick type)
ňzzvy	Tay–Sachs disease	state of being in Tay–Sachs disease	state of manifesting/displaying a symptom of Tay–Sachs disease	state of physical or mental incapacity/impairment/weakness/decrepitude due to Tay–Sachs disease
lzzvy	Tetrahydrobiopterin deficiency	state of being in Tetrahydrobiopterin deficiency	state of manifesting/displaying a symptom of Tetrahydrobiopterin deficiency	state of physical or mental incapacity/impairment/weakness/decrepitude due to Tetrahydrobiopterin deficiency
rzzvy	Thanatophoric dysplasia	state of being in Thanatophoric dysplasia	state of manifesting/displaying a symptom of Thanatophoric dysplasia	state of physical or mental incapacity/impairment/weakness/decrepitude due to Thanatophoric dysplasia
řzzvy	Treacher Collins syndrome	state of being in Treacher Collins syndrome	state of manifesting/displaying a symptom of Treacher Collins syndrome	state of physical or mental incapacity/impairment/weakness/decrepitude due to Treacher Collins syndrome
bzzmw	Tuberous sclerosis complex (TSC)	state of being in Tuberous sclerosis complex (TSC)	state of manifesting/displaying a symptom of Tuberous sclerosis complex (TSC)	state of physical or mental incapacity/impairment/weakness/decrepitude due to Tuberous sclerosis complex (TSC)
gzzmw	Tumor necrosis factor receptor-associated periodic syndrome (TRAPS)	state of being in Tumor necrosis factor receptor-associated periodic syndrome (TRAPS)	state of manifesting/displaying a symptom of Tumor necrosis factor receptor-associated periodic syndrome (TRAPS)	state of physical or mental incapacity/impairment/weakness/decrepitude due to Tumor necrosis factor receptor-associated periodic syndrome (TRAPS)
vzzmw	Turner syndrome	state of being in Turner syndrome	state of manifesting/displaying a symptom of Turner syndrome	state of physical or mental incapacity/impairment/weakness/decrepitude due to Turner syndrome
mzzmw	Usher syndrome	state of being in Usher syndrome	state of manifesting/displaying a symptom of Usher syndrome	state of physical or mental incapacity/impairment/weakness/decrepitude due to Usher syndrome
nzzmw	Variegate porphyria	state of being in Variegate porphyria	state of manifesting/displaying a symptom of Variegate porphyria	state of physical or mental incapacity/impairment/weakness/decrepitude due to Variegate porphyria
ňzzmw	von Hippel–Lindau disease	state of being in von Hippel–Lindau disease	state of manifesting/displaying a symptom of von Hippel–Lindau disease	state of physical or mental incapacity/impairment/weakness/decrepitude due to von Hippel–Lindau disease
lzzmw	von Willebrand disease	state of being in von Willebrand disease	state of manifesting/displaying a symptom of von Willebrand disease	state of physical or mental incapacity/impairment/weakness/decrepitude due to von Willebrand disease
rzzmw	Waardenburg syndrome	state of being in Waardenburg syndrome	state of manifesting/displaying a symptom of Waardenburg syndrome	state of physical or mental incapacity/impairment/weakness/decrepitude due to Waardenburg syndrome
řzzmw	Weissenbacher–Zweymüller syndrome	state of being in Weissenbacher–Zweymüller syndrome	state of manifesting/displaying a symptom of Weissenbacher–Zweymüller syndrome	state of physical or mental incapacity/impairment/weakness/decrepitude due to Weissenbacher–Zweymüller syndrome
bzzmy	Williams syndrome	state of being in Williams syndrome	state of manifesting/displaying a symptom of Williams syndrome	state of physical or mental incapacity/impairment/weakness/decrepitude due to Williams syndrome
gzzmy	Wilson disease	state of being in Wilson disease	state of manifesting/displaying a symptom of Wilson disease	state of physical or mental incapacity/impairment/weakness/decrepitude due to Wilson disease
vzzmy	Woodhouse–Sakati syndrome	state of being in Woodhouse–Sakati syndrome	state of manifesting/displaying a symptom of Woodhouse–Sakati syndrome	state of physical or mental incapacity/impairment/weakness/decrepitude due to Woodhouse–Sakati syndrome
mzzmy	Wolf–Hirschhorn syndrome	state of being in Wolf–Hirschhorn syndrome	state of manifesting/displaying a symptom of Wolf–Hirschhorn syndrome	state of physical or mental incapacity/impairment/weakness/decrepitude due to Wolf–Hirschhorn syndrome
nzzmy	Xeroderma pigmentosum	state of being in Xeroderma pigmentosum	state of manifesting/displaying a symptom of Xeroderma pigmentosum	state of physical or mental incapacity/impairment/weakness/decrepitude due to Xeroderma pigmentosum
ňzzmy	X-linked intellectual disability and macroorchidism (fragile X syndrome)	state of being in X-linked intellectual disability and macroorchidism (fragile X syndrome)	state of manifesting/displaying a symptom of X-linked intellectual disability and macroorchidism (fragile X syndrome)	state of physical or mental incapacity/impairment/weakness/decrepitude due to X-linked intellectual disability and macroorchidism (fragile X syndrome)
lzzmy	X-linked spinal-bulbar muscle atrophy (spinal and bulbar muscular atrophy)	state of being in X-linked spinal-bulbar muscle atrophy (spinal and bulbar muscular atrophy)	state of manifesting/displaying a symptom of X-linked spinal-bulbar muscle atrophy (spinal and bulbar muscular atrophy)	state of physical or mental incapacity/impairment/weakness/decrepitude due to X-linked spinal-bulbar muscle atrophy (spinal and bulbar muscular atrophy)
rzzmy	Xp11.2 duplication syndrome	state of being in Xp11.2 duplication syndrome	state of manifesting/displaying a symptom of Xp11.2 duplication syndrome	state of physical or mental incapacity/impairment/weakness/decrepitude due to Xp11.2 duplication syndrome
řzzmy	X-linked severe combined immunodeficiency (X-SCID)	state of being in X-linked severe combined immunodeficiency (X-SCID)	state of manifesting/displaying a symptom of X-linked severe combined immunodeficiency (X-SCID)	state of physical or mental incapacity/impairment/weakness/decrepitude due to X-linked severe combined immunodeficiency (X-SCID)
bzznw	X-linked sideroblastic anemia (XLSA)	state of being in X-linked sideroblastic anemia (XLSA)	state of manifesting/displaying a symptom of X-linked sideroblastic anemia (XLSA)	state of physical or mental incapacity/impairment/weakness/decrepitude due to X-linked sideroblastic anemia (XLSA)
gzznw	47,XXX (triple X syndrome)	state of being in 47,XXX (triple X syndrome)	state of manifesting/displaying a symptom of 47,XXX (triple X syndrome)	state of physical or mental incapacity/impairment/weakness/decrepitude due to 47,XXX (triple X syndrome)
vzznw	XXXX syndrome (48, XXXX)	state of being in XXXX syndrome (48, XXXX)	state of manifesting/displaying a symptom of XXXX syndrome (48, XXXX)	state of physical or mental incapacity/impairment/weakness/decrepitude due to XXXX syndrome (48, XXXX)
mzznw	XXXXX syndrome (49, XXXXX)	state of being in XXXXX syndrome (49, XXXXX)	state of manifesting/displaying a symptom of XXXXX syndrome (49, XXXXX)	state of physical or mental incapacity/impairment/weakness/decrepitude due to XXXXX syndrome (49, XXXXX)
nzznw	XYY syndrome (47,XYY)	state of being in XYY syndrome (47,XYY)	state of manifesting/displaying a symptom of XYY syndrome (47,XYY)	state of physical or mental incapacity/impairment/weakness/decrepitude due to XYY syndrome (47,XYY)
ňzznw	Zellweger syndrome	state of being in Zellweger syndrome	state of manifesting/displaying a symptom of Zellweger syndrome	state of physical or mental incapacity/impairment/weakness/decrepitude due to Zellweger syndrome
mmspw	autoimmune myocarditis, autoimmune cardiomyopathy, Coxsackie myocarditis	state of being in autoimmune myocarditis, autoimmune cardiomyopathy, Coxsackie myocarditis	state of manifesting/displaying a symptom of autoimmune myocarditis, autoimmune cardiomyopathy, Coxsackie myocarditis	state of physical or mental incapacity/impairment/weakness/decrepitude due to autoimmune myocarditis, autoimmune cardiomyopathy, Coxsackie myocarditis
mmspy	postmyocardial infarction syndrome / Dressler's syndrome	state of being in postmyocardial infarction syndrome / Dressler's syndrome	state of manifesting/displaying a symptom of postmyocardial infarction syndrome / Dressler's syndrome	state of physical or mental incapacity/impairment/weakness/decrepitude due to postmyocardial infarction syndrome / Dressler's syndrome
mmspl	postpericardiotomy syndrome	state of being in postpericardiotomy syndrome	state of manifesting/displaying a symptom of postpericardiotomy syndrome	state of physical or mental incapacity/impairment/weakness/decrepitude due to postpericardiotomy syndrome
mmspr	anti-glomerular basement membrane nephritis / Goodpastures syndrome, glomerulonephritis Type 1	state of being in anti-glomerular basement membrane nephritis / Goodpastures syndrome, glomerulonephritis Type 1	state of manifesting/displaying a symptom of anti-glomerular basement membrane nephritis / Goodpastures syndrome, glomerulonephritis Type 1	state of physical or mental incapacity/impairment/weakness/decrepitude due to anti-glomerular basement membrane nephritis / Goodpastures syndrome, glomerulonephritis Type 1
mmskw	Autoimmune hepatitis / Lupoid hepatitis	state of being in Autoimmune hepatitis / Lupoid hepatitis	state of manifesting/displaying a symptom of Autoimmune hepatitis / Lupoid hepatitis	state of physical or mental incapacity/impairment/weakness/decrepitude due to Autoimmune hepatitis / Lupoid hepatitis
mmsky	Primary biliary cholangitis (PBC)	state of being in Primary biliary cholangitis (PBC)	state of manifesting/displaying a symptom of Primary biliary cholangitis (PBC)	state of physical or mental incapacity/impairment/weakness/decrepitude due to Primary biliary cholangitis (PBC)
mmskl	Primary sclerosing cholangitis	state of being in Primary sclerosing cholangitis	state of manifesting/displaying a symptom of Primary sclerosing cholangitis	state of physical or mental incapacity/impairment/weakness/decrepitude due to Primary sclerosing cholangitis
mmskr	Churg-Strauss syndrome / Eosinophilic pneumonia	state of being in Churg-Strauss syndrome / Eosinophilic pneumonia	state of manifesting/displaying a symptom of Churg-Strauss syndrome / Eosinophilic pneumonia	state of physical or mental incapacity/impairment/weakness/decrepitude due to Churg-Strauss syndrome / Eosinophilic pneumonia
mmstw	Antisynthetase syndrome	state of being in Antisynthetase syndrome	state of manifesting/displaying a symptom of Antisynthetase syndrome	state of physical or mental incapacity/impairment/weakness/decrepitude due to Antisynthetase syndrome
mmsty	Alopecia Areata	state of being in Alopecia Areata	state of manifesting/displaying a symptom of Alopecia Areata	state of physical or mental incapacity/impairment/weakness/decrepitude due to Alopecia Areata
mmstl	Autoimmune Angioedema	state of being in Autoimmune Angioedema	state of manifesting/displaying a symptom of Autoimmune Angioedema	state of physical or mental incapacity/impairment/weakness/decrepitude due to Autoimmune Angioedema
mmstr	Autoimmune progesterone dermatitis	state of being in Autoimmune progesterone dermatitis	state of manifesting/displaying a symptom of Autoimmune progesterone dermatitis	state of physical or mental incapacity/impairment/weakness/decrepitude due to Autoimmune progesterone dermatitis
mmstř	Autoimmune urticaria	state of being in Autoimmune urticaria	state of manifesting/displaying a symptom of Autoimmune urticaria	state of physical or mental incapacity/impairment/weakness/decrepitude due to Autoimmune urticaria
mmsth	Bullous pemphigoid	state of being in Bullous pemphigoid	state of manifesting/displaying a symptom of Bullous pemphigoid	state of physical or mental incapacity/impairment/weakness/decrepitude due to Bullous pemphigoid
mmšpw	Cicatricial pemphigoid / Benign Mucosal Pemphigoid / Ocular cicatricial pemphigoid	state of being in Cicatricial pemphigoid / Benign Mucosal Pemphigoid / Ocular cicatricial pemphigoid	state of manifesting/displaying a symptom of Cicatricial pemphigoid / Benign Mucosal Pemphigoid / Ocular cicatricial pemphigoid	state of physical or mental incapacity/impairment/weakness/decrepitude due to Cicatricial pemphigoid / Benign Mucosal Pemphigoid / Ocular cicatricial pemphigoid
mmšpy	Dermatitis herpetiformis	state of being in Dermatitis herpetiformis	state of manifesting/displaying a symptom of Dermatitis herpetiformis	state of physical or mental incapacity/impairment/weakness/decrepitude due to Dermatitis herpetiformis
mmšpl	Discoid lupus erythematosus	state of being in Discoid lupus erythematosus	state of manifesting/displaying a symptom of Discoid lupus erythematosus	state of physical or mental incapacity/impairment/weakness/decrepitude due to Discoid lupus erythematosus
mmšpr	Epidermolysis bullosa acquisita	state of being in Epidermolysis bullosa acquisita	state of manifesting/displaying a symptom of Epidermolysis bullosa acquisita	state of physical or mental incapacity/impairment/weakness/decrepitude due to Epidermolysis bullosa acquisita
mmšpř	Erythema nodosum	state of being in Erythema nodosum	state of manifesting/displaying a symptom of Erythema nodosum	state of physical or mental incapacity/impairment/weakness/decrepitude due to Erythema nodosum
mmšph	Gestational pemphigoid	state of being in Gestational pemphigoid	state of manifesting/displaying a symptom of Gestational pemphigoid	state of physical or mental incapacity/impairment/weakness/decrepitude due to Gestational pemphigoid
mmškw	Hidradenitis suppurativa	state of being in Hidradenitis suppurativa	state of manifesting/displaying a symptom of Hidradenitis suppurativa	state of physical or mental incapacity/impairment/weakness/decrepitude due to Hidradenitis suppurativa
mmšky	Lichen planus	state of being in Lichen planus	state of manifesting/displaying a symptom of Lichen planus	state of physical or mental incapacity/impairment/weakness/decrepitude due to Lichen planus
mmškl	Lichen sclerosus	state of being in Lichen sclerosus	state of manifesting/displaying a symptom of Lichen sclerosus	state of physical or mental incapacity/impairment/weakness/decrepitude due to Lichen sclerosus
mmškr	Linear IgA disease (LAD)	state of being in Linear IgA disease (LAD)	state of manifesting/displaying a symptom of Linear IgA disease (LAD)	state of physical or mental incapacity/impairment/weakness/decrepitude due to Linear IgA disease (LAD)
mmškř	Morphea	state of being in Morphea	state of manifesting/displaying a symptom of Morphea	state of physical or mental incapacity/impairment/weakness/decrepitude due to Morphea
mmškh	Pemphigus vulgaris	state of being in Pemphigus vulgaris	state of manifesting/displaying a symptom of Pemphigus vulgaris	state of physical or mental incapacity/impairment/weakness/decrepitude due to Pemphigus vulgaris
mmštw	Pityriasis lichenoides et varioliformis acuta	state of being in Pityriasis lichenoides et varioliformis acuta	state of manifesting/displaying a symptom of Pityriasis lichenoides et varioliformis acuta	state of physical or mental incapacity/impairment/weakness/decrepitude due to Pityriasis lichenoides et varioliformis acuta
mmšty	Mucha–Habermann disease	state of being in Mucha–Habermann disease	state of manifesting/displaying a symptom of Mucha–Habermann disease	state of physical or mental incapacity/impairment/weakness/decrepitude due to Mucha–Habermann disease
mmštl	Psoriasis	state of being in Psoriasis	state of manifesting/displaying a symptom of Psoriasis	state of physical or mental incapacity/impairment/weakness/decrepitude due to Psoriasis
mmštr	Systemic scleroderma	state of being in Systemic scleroderma	state of manifesting/displaying a symptom of Systemic scleroderma	state of physical or mental incapacity/impairment/weakness/decrepitude due to Systemic scleroderma
mmštř	Vitiligo	state of being in Vitiligo	state of manifesting/displaying a symptom of Vitiligo	state of physical or mental incapacity/impairment/weakness/decrepitude due to Vitiligo
mmçpw	Addisons Disease / Autoimmune polyendocrine syndrome (APS) type 1 / Whitaker's Syndrome / Autoimmune polyendocrinopathy-candidiasis-ectodermal dystrophy (APECED) / Polyglandular Autoimmune Syndrome 1 (PGAS-1)	state of being in Addisons Disease / Autoimmune polyendocrine syndrome (APS) type 1 / Whitaker's Syndrome / Autoimmune polyendocrinopathy-candidiasis-ectodermal dystrophy (APECED) / Polyglandular Autoimmune Syndrome 1 (PGAS-1)	state of manifesting/displaying a symptom of Addisons Disease / Autoimmune polyendocrine syndrome (APS) type 1 / Whitaker's Syndrome / Autoimmune polyendocrinopathy-candidiasis-ectodermal dystrophy (APECED) / Polyglandular Autoimmune Syndrome 1 (PGAS-1)	state of physical or mental incapacity/impairment/weakness/decrepitude due to Addisons Disease / Autoimmune polyendocrine syndrome (APS) type 1 / Whitaker's Syndrome / Autoimmune polyendocrinopathy-candidiasis-ectodermal dystrophy (APECED) / Polyglandular Autoimmune Syndrome 1 (PGAS-1)
mmçpy	Autoimmune polyendocrine syndrome (APS) type 2 / Schmidt syndrome / Polyglandular Autoimmune Syndrome 2 (PGAS-2)	state of being in Autoimmune polyendocrine syndrome (APS) type 2 / Schmidt syndrome / Polyglandular Autoimmune Syndrome 2 (PGAS-2)	state of manifesting/displaying a symptom of Autoimmune polyendocrine syndrome (APS) type 2 / Schmidt syndrome / Polyglandular Autoimmune Syndrome 2 (PGAS-2)	state of physical or mental incapacity/impairment/weakness/decrepitude due to Autoimmune polyendocrine syndrome (APS) type 2 / Schmidt syndrome / Polyglandular Autoimmune Syndrome 2 (PGAS-2)
mmçpl	Autoimmune polyendocrine syndrome (APS) type 3	state of being in Autoimmune polyendocrine syndrome (APS) type 3	state of manifesting/displaying a symptom of Autoimmune polyendocrine syndrome (APS) type 3	state of physical or mental incapacity/impairment/weakness/decrepitude due to Autoimmune polyendocrine syndrome (APS) type 3
mmçpr	Autoimmune pancreatitis (AIP)	state of being in Autoimmune pancreatitis (AIP)	state of manifesting/displaying a symptom of Autoimmune pancreatitis (AIP)	state of physical or mental incapacity/impairment/weakness/decrepitude due to Autoimmune pancreatitis (AIP)
mmçpř	Diabetes mellitus type 1	state of being in Diabetes mellitus type 1	state of manifesting/displaying a symptom of Diabetes mellitus type 1	state of physical or mental incapacity/impairment/weakness/decrepitude due to Diabetes mellitus type 1
mmçph	Autoimmune thyroiditis / Chronic lymphocytic thyroiditis / Hashimoto's thyroiditis	state of being in Autoimmune thyroiditis / Chronic lymphocytic thyroiditis / Hashimoto's thyroiditis	state of manifesting/displaying a symptom of Autoimmune thyroiditis / Chronic lymphocytic thyroiditis / Hashimoto's thyroiditis	state of physical or mental incapacity/impairment/weakness/decrepitude due to Autoimmune thyroiditis / Chronic lymphocytic thyroiditis / Hashimoto's thyroiditis
mmçkw	Ord's thyroiditis	state of being in Ord's thyroiditis	state of manifesting/displaying a symptom of Ord's thyroiditis	state of physical or mental incapacity/impairment/weakness/decrepitude due to Ord's thyroiditis
mmçky	Graves' disease	state of being in Graves' disease	state of manifesting/displaying a symptom of Graves' disease	state of physical or mental incapacity/impairment/weakness/decrepitude due to Graves' disease
mmçkl	Autoimmune oophoritis	state of being in Autoimmune oophoritis	state of manifesting/displaying a symptom of Autoimmune oophoritis	state of physical or mental incapacity/impairment/weakness/decrepitude due to Autoimmune oophoritis
mmçkr	Endometriosis	state of being in Endometriosis	state of manifesting/displaying a symptom of Endometriosis	state of physical or mental incapacity/impairment/weakness/decrepitude due to Endometriosis
mmçkř	Autoimmune orchitis	state of being in Autoimmune orchitis	state of manifesting/displaying a symptom of Autoimmune orchitis	state of physical or mental incapacity/impairment/weakness/decrepitude due to Autoimmune orchitis
mmçkh	Sjögren syndrome	state of being in Sjögren syndrome	state of manifesting/displaying a symptom of Sjögren syndrome	state of physical or mental incapacity/impairment/weakness/decrepitude due to Sjögren syndrome
mmçtw	Autoimmune enteropathy	state of being in Autoimmune enteropathy	state of manifesting/displaying a symptom of Autoimmune enteropathy	state of physical or mental incapacity/impairment/weakness/decrepitude due to Autoimmune enteropathy
mmçty	Coeliac disease	state of being in Coeliac disease	state of manifesting/displaying a symptom of Coeliac disease	state of physical or mental incapacity/impairment/weakness/decrepitude due to Coeliac disease
mmçtl	Crohn's disease	state of being in Crohn's disease	state of manifesting/displaying a symptom of Crohn's disease	state of physical or mental incapacity/impairment/weakness/decrepitude due to Crohn's disease
mmçtr	Esophageal achalasia	state of being in Esophageal achalasia	state of manifesting/displaying a symptom of Esophageal achalasia	state of physical or mental incapacity/impairment/weakness/decrepitude due to Esophageal achalasia
mmçtř	Microscopic colitis	state of being in Microscopic colitis	state of manifesting/displaying a symptom of Microscopic colitis	state of physical or mental incapacity/impairment/weakness/decrepitude due to Microscopic colitis
mmçth	Ulcerative colitis	state of being in Ulcerative colitis	state of manifesting/displaying a symptom of Ulcerative colitis	state of physical or mental incapacity/impairment/weakness/decrepitude due to Ulcerative colitis
mmfpw	Antiphospholipid syndrome (APS, APLS) / Hughes syndrome	state of being in Antiphospholipid syndrome (APS, APLS) / Hughes syndrome	state of manifesting/displaying a symptom of Antiphospholipid syndrome (APS, APLS) / Hughes syndrome	state of physical or mental incapacity/impairment/weakness/decrepitude due to Antiphospholipid syndrome (APS, APLS) / Hughes syndrome
mmfpy	Aplastic anemia	state of being in Aplastic anemia	state of manifesting/displaying a symptom of Aplastic anemia	state of physical or mental incapacity/impairment/weakness/decrepitude due to Aplastic anemia
mmfpl	Autoimmune hemolytic anemia	state of being in Autoimmune hemolytic anemia	state of manifesting/displaying a symptom of Autoimmune hemolytic anemia	state of physical or mental incapacity/impairment/weakness/decrepitude due to Autoimmune hemolytic anemia
mmfpr	Autoimmune lymphoproliferative syndrome / Canale-Smith syndrome	state of being in Autoimmune lymphoproliferative syndrome / Canale-Smith syndrome	state of manifesting/displaying a symptom of Autoimmune lymphoproliferative syndrome / Canale-Smith syndrome	state of physical or mental incapacity/impairment/weakness/decrepitude due to Autoimmune lymphoproliferative syndrome / Canale-Smith syndrome
mmfpř	Autoimmune neutropenia	state of being in Autoimmune neutropenia	state of manifesting/displaying a symptom of Autoimmune neutropenia	state of physical or mental incapacity/impairment/weakness/decrepitude due to Autoimmune neutropenia
mmfph	Autoimmune thrombocytopenic purpura / Idiopathic Thrombocytopenic Purpura (ITP)	state of being in Autoimmune thrombocytopenic purpura / Idiopathic Thrombocytopenic Purpura (ITP)	state of manifesting/displaying a symptom of Autoimmune thrombocytopenic purpura / Idiopathic Thrombocytopenic Purpura (ITP)	state of physical or mental incapacity/impairment/weakness/decrepitude due to Autoimmune thrombocytopenic purpura / Idiopathic Thrombocytopenic Purpura (ITP)
mmfkw	Cold agglutinin disease / Autoimmune hemolytic anemia	state of being in Cold agglutinin disease / Autoimmune hemolytic anemia	state of manifesting/displaying a symptom of Cold agglutinin disease / Autoimmune hemolytic anemia	state of physical or mental incapacity/impairment/weakness/decrepitude due to Cold agglutinin disease / Autoimmune hemolytic anemia
mmfky	Essential mixed cryoglobulinemia	state of being in Essential mixed cryoglobulinemia	state of manifesting/displaying a symptom of Essential mixed cryoglobulinemia	state of physical or mental incapacity/impairment/weakness/decrepitude due to Essential mixed cryoglobulinemia
mmfkl	Evans syndrome	state of being in Evans syndrome	state of manifesting/displaying a symptom of Evans syndrome	state of physical or mental incapacity/impairment/weakness/decrepitude due to Evans syndrome
mmfkr	Pernicious anemia	state of being in Pernicious anemia	state of manifesting/displaying a symptom of Pernicious anemia	state of physical or mental incapacity/impairment/weakness/decrepitude due to Pernicious anemia
mmfkř	Pure red cell aplasia	state of being in Pure red cell aplasia	state of manifesting/displaying a symptom of Pure red cell aplasia	state of physical or mental incapacity/impairment/weakness/decrepitude due to Pure red cell aplasia
mmfkh	Thrombocytopenia / Neonatal thrombocytopenia	state of being in Thrombocytopenia / Neonatal thrombocytopenia	state of manifesting/displaying a symptom of Thrombocytopenia / Neonatal thrombocytopenia	state of physical or mental incapacity/impairment/weakness/decrepitude due to Thrombocytopenia / Neonatal thrombocytopenia
mmftw	Adiposis dolorosa / Dercum's disease	state of being in Adiposis dolorosa / Dercum's disease	state of manifesting/displaying a symptom of Adiposis dolorosa / Dercum's disease	state of physical or mental incapacity/impairment/weakness/decrepitude due to Adiposis dolorosa / Dercum's disease
mmfty	Adult-onset Still's disease	state of being in Adult-onset Still's disease	state of manifesting/displaying a symptom of Adult-onset Still's disease	state of physical or mental incapacity/impairment/weakness/decrepitude due to Adult-onset Still's disease
mmftl	Ankylosing spondylitis	state of being in Ankylosing spondylitis	state of manifesting/displaying a symptom of Ankylosing spondylitis	state of physical or mental incapacity/impairment/weakness/decrepitude due to Ankylosing spondylitis
mmftr	CREST syndrome	state of being in CREST syndrome	state of manifesting/displaying a symptom of CREST syndrome	state of physical or mental incapacity/impairment/weakness/decrepitude due to CREST syndrome
mmftř	Drug-induced lupus	state of being in Drug-induced lupus	state of manifesting/displaying a symptom of Drug-induced lupus	state of physical or mental incapacity/impairment/weakness/decrepitude due to Drug-induced lupus
mmfth	Enthesitis-related arthritis	state of being in Enthesitis-related arthritis	state of manifesting/displaying a symptom of Enthesitis-related arthritis	state of physical or mental incapacity/impairment/weakness/decrepitude due to Enthesitis-related arthritis
mmţpw	Eosinophilic fasciitis / Shulman's syndrome	state of being in Eosinophilic fasciitis / Shulman's syndrome	state of manifesting/displaying a symptom of Eosinophilic fasciitis / Shulman's syndrome	state of physical or mental incapacity/impairment/weakness/decrepitude due to Eosinophilic fasciitis / Shulman's syndrome
mmţpy	Felty syndrome	state of being in Felty syndrome	state of manifesting/displaying a symptom of Felty syndrome	state of physical or mental incapacity/impairment/weakness/decrepitude due to Felty syndrome
mmţpl	IgG4-related autoimmune disease / IgG4-related systemic sclerosing disease / IgG4-associated multifocal systemic fibrosis / IgG4 syndrome / Hyper-IgG4 disease / Systemic IgG4-related plasmacytic syndrome	state of being in IgG4-related autoimmune disease / IgG4-related systemic sclerosing disease / IgG4-associated multifocal systemic fibrosis / IgG4 syndrome / Hyper-IgG4 disease / Systemic IgG4-related plasmacytic syndrome	state of manifesting/displaying a symptom of IgG4-related autoimmune disease / IgG4-related systemic sclerosing disease / IgG4-associated multifocal systemic fibrosis / IgG4 syndrome / Hyper-IgG4 disease / Systemic IgG4-related plasmacytic syndrome	state of physical or mental incapacity/impairment/weakness/decrepitude due to IgG4-related autoimmune disease / IgG4-related systemic sclerosing disease / IgG4-associated multifocal systemic fibrosis / IgG4 syndrome / Hyper-IgG4 disease / Systemic IgG4-related plasmacytic syndrome
mmţpr	Juvenile arthritis / Juvenile rheumatoid arthritis / Juvenile idiopathic arthritis	state of being in Juvenile arthritis / Juvenile rheumatoid arthritis / Juvenile idiopathic arthritis	state of manifesting/displaying a symptom of Juvenile arthritis / Juvenile rheumatoid arthritis / Juvenile idiopathic arthritis	state of physical or mental incapacity/impairment/weakness/decrepitude due to Juvenile arthritis / Juvenile rheumatoid arthritis / Juvenile idiopathic arthritis
mmţpř	Lyme disease (chronic)	state of being in Lyme disease (chronic)	state of manifesting/displaying a symptom of Lyme disease (chronic)	state of physical or mental incapacity/impairment/weakness/decrepitude due to Lyme disease (chronic)
mmţkw	Mixed connective tissue disease (MCTD)	state of being in Mixed connective tissue disease (MCTD)	state of manifesting/displaying a symptom of Mixed connective tissue disease (MCTD)	state of physical or mental incapacity/impairment/weakness/decrepitude due to Mixed connective tissue disease (MCTD)
mmţky	Palindromic rheumatism / Hench-Rosenberg syndrome	state of being in Palindromic rheumatism / Hench-Rosenberg syndrome	state of manifesting/displaying a symptom of Palindromic rheumatism / Hench-Rosenberg syndrome	state of physical or mental incapacity/impairment/weakness/decrepitude due to Palindromic rheumatism / Hench-Rosenberg syndrome
mmţkl	Parry–Romberg syndrome	state of being in Parry–Romberg syndrome	state of manifesting/displaying a symptom of Parry–Romberg syndrome	state of physical or mental incapacity/impairment/weakness/decrepitude due to Parry–Romberg syndrome
mmţkr	Parsonage–Turner syndrome	state of being in Parsonage–Turner syndrome	state of manifesting/displaying a symptom of Parsonage–Turner syndrome	state of physical or mental incapacity/impairment/weakness/decrepitude due to Parsonage–Turner syndrome
mmţkř	Psoriatic arthritis	state of being in Psoriatic arthritis	state of manifesting/displaying a symptom of Psoriatic arthritis	state of physical or mental incapacity/impairment/weakness/decrepitude due to Psoriatic arthritis
mmţtw	Reactive arthritis / Reiter's syndrome	state of being in Reactive arthritis / Reiter's syndrome	state of manifesting/displaying a symptom of Reactive arthritis / Reiter's syndrome	state of physical or mental incapacity/impairment/weakness/decrepitude due to Reactive arthritis / Reiter's syndrome
mmţty	Relapsing polychondritis / Atrophic polychondritis / systemic chondromalacia / chronic atrophic polychondritis / Meyenburg-Altherr-Uehlinger syndrome / generalized chondromalacia / systemic chondromalacia	state of being in Relapsing polychondritis / Atrophic polychondritis / systemic chondromalacia / chronic atrophic polychondritis / Meyenburg-Altherr-Uehlinger syndrome / generalized chondromalacia / systemic chondromalacia	state of manifesting/displaying a symptom of Relapsing polychondritis / Atrophic polychondritis / systemic chondromalacia / chronic atrophic polychondritis / Meyenburg-Altherr-Uehlinger syndrome / generalized chondromalacia / systemic chondromalacia	state of physical or mental incapacity/impairment/weakness/decrepitude due to Relapsing polychondritis / Atrophic polychondritis / systemic chondromalacia / chronic atrophic polychondritis / Meyenburg-Altherr-Uehlinger syndrome / generalized chondromalacia / systemic chondromalacia
mmţtl	Retroperitoneal fibrosis	state of being in Retroperitoneal fibrosis	state of manifesting/displaying a symptom of Retroperitoneal fibrosis	state of physical or mental incapacity/impairment/weakness/decrepitude due to Retroperitoneal fibrosis
mmţtr	Rheumatic fever	state of being in Rheumatic fever	state of manifesting/displaying a symptom of Rheumatic fever	state of physical or mental incapacity/impairment/weakness/decrepitude due to Rheumatic fever
mmţtř	Rheumatoid arthritis	state of being in Rheumatoid arthritis	state of manifesting/displaying a symptom of Rheumatoid arthritis	state of physical or mental incapacity/impairment/weakness/decrepitude due to Rheumatoid arthritis
mmzpw	Sarcoidosis	state of being in Sarcoidosis	state of manifesting/displaying a symptom of Sarcoidosis	state of physical or mental incapacity/impairment/weakness/decrepitude due to Sarcoidosis
mmzpy	Schnitzler syndrome	state of being in Schnitzler syndrome	state of manifesting/displaying a symptom of Schnitzler syndrome	state of physical or mental incapacity/impairment/weakness/decrepitude due to Schnitzler syndrome
mmzpl	Systemic lupus erythematosus (SLE) / Lupus	state of being in Systemic lupus erythematosus (SLE) / Lupus	state of manifesting/displaying a symptom of Systemic lupus erythematosus (SLE) / Lupus	state of physical or mental incapacity/impairment/weakness/decrepitude due to Systemic lupus erythematosus (SLE) / Lupus
mmzpr	Undifferentiated connective tissue disease (UCTD) / Latent lupus, incomplete lupus	state of being in Undifferentiated connective tissue disease (UCTD) / Latent lupus, incomplete lupus	state of manifesting/displaying a symptom of Undifferentiated connective tissue disease (UCTD) / Latent lupus, incomplete lupus	state of physical or mental incapacity/impairment/weakness/decrepitude due to Undifferentiated connective tissue disease (UCTD) / Latent lupus, incomplete lupus
mmzkw	Dermatomyositis / Juvenile dermatomyositis	state of being in Dermatomyositis / Juvenile dermatomyositis	state of manifesting/displaying a symptom of Dermatomyositis / Juvenile dermatomyositis	state of physical or mental incapacity/impairment/weakness/decrepitude due to Dermatomyositis / Juvenile dermatomyositis
mmzky	Fibromyalgia	state of being in Fibromyalgia	state of manifesting/displaying a symptom of Fibromyalgia	state of physical or mental incapacity/impairment/weakness/decrepitude due to Fibromyalgia
mmzkl	Inclusion body myositis	state of being in Inclusion body myositis	state of manifesting/displaying a symptom of Inclusion body myositis	state of physical or mental incapacity/impairment/weakness/decrepitude due to Inclusion body myositis
mmzkr	Myositis	state of being in Myositis	state of manifesting/displaying a symptom of Myositis	state of physical or mental incapacity/impairment/weakness/decrepitude due to Myositis
mmztw	Myasthenia gravis	state of being in Myasthenia gravis	state of manifesting/displaying a symptom of Myasthenia gravis	state of physical or mental incapacity/impairment/weakness/decrepitude due to Myasthenia gravis
mmzty	Neuromyotonia / Isaacs' syndrome	state of being in Neuromyotonia / Isaacs' syndrome	state of manifesting/displaying a symptom of Neuromyotonia / Isaacs' syndrome	state of physical or mental incapacity/impairment/weakness/decrepitude due to Neuromyotonia / Isaacs' syndrome
mmztl	Paraneoplastic cerebellar degeneration	state of being in Paraneoplastic cerebellar degeneration	state of manifesting/displaying a symptom of Paraneoplastic cerebellar degeneration	state of physical or mental incapacity/impairment/weakness/decrepitude due to Paraneoplastic cerebellar degeneration
mmztr	Polymyositis	state of being in Polymyositis	state of manifesting/displaying a symptom of Polymyositis	state of physical or mental incapacity/impairment/weakness/decrepitude due to Polymyositis
nnspw	Acute disseminated encephalomyelitis (ADEM) / Perivenous encephalomyelitis / Acute hemorrhagic leukoencephalitis (AHL, AHLE) / Acute necrotizing encephalopathy (ANE) / Acute hemorrhagic encephalomyelitis (AHEM) / Acute necrotizing hemorrhagic leukoencephalitis (ANHLE) / Weston-Hurst syndrome / Hurst's disease	state of being in Acute disseminated encephalomyelitis (ADEM) / Perivenous encephalomyelitis / Acute hemorrhagic leukoencephalitis (AHL, AHLE) / Acute necrotizing encephalopathy (ANE) / Acute hemorrhagic encephalomyelitis (AHEM) / Acute necrotizing hemorrhagic leukoencephalitis (ANHLE) / Weston-Hurst syndrome / Hurst's disease	state of manifesting/displaying a symptom of Acute disseminated encephalomyelitis (ADEM) / Perivenous encephalomyelitis / Acute hemorrhagic leukoencephalitis (AHL, AHLE) / Acute necrotizing encephalopathy (ANE) / Acute hemorrhagic encephalomyelitis (AHEM) / Acute necrotizing hemorrhagic leukoencephalitis (ANHLE) / Weston-Hurst syndrome / Hurst's disease	state of physical or mental incapacity/impairment/weakness/decrepitude due to Acute disseminated encephalomyelitis (ADEM) / Perivenous encephalomyelitis / Acute hemorrhagic leukoencephalitis (AHL, AHLE) / Acute necrotizing encephalopathy (ANE) / Acute hemorrhagic encephalomyelitis (AHEM) / Acute necrotizing hemorrhagic leukoencephalitis (ANHLE) / Weston-Hurst syndrome / Hurst's disease
nnspy	Acute motor axonal neuropathy	state of being in Acute motor axonal neuropathy	state of manifesting/displaying a symptom of Acute motor axonal neuropathy	state of physical or mental incapacity/impairment/weakness/decrepitude due to Acute motor axonal neuropathy
nnspl	Anti-N-Methyl-D-Aspartate (Anti-NMDA) Receptor Encephalitis	state of being in Anti-N-Methyl-D-Aspartate (Anti-NMDA) Receptor Encephalitis	state of manifesting/displaying a symptom of Anti-N-Methyl-D-Aspartate (Anti-NMDA) Receptor Encephalitis	state of physical or mental incapacity/impairment/weakness/decrepitude due to Anti-N-Methyl-D-Aspartate (Anti-NMDA) Receptor Encephalitis
nnspr	Balo concentric sclerosis / Balo disease / Schilders disease	state of being in Balo concentric sclerosis / Balo disease / Schilders disease	state of manifesting/displaying a symptom of Balo concentric sclerosis / Balo disease / Schilders disease	state of physical or mental incapacity/impairment/weakness/decrepitude due to Balo concentric sclerosis / Balo disease / Schilders disease
nnspř	Bickerstaff's encephalitis	state of being in Bickerstaff's encephalitis	state of manifesting/displaying a symptom of Bickerstaff's encephalitis	state of physical or mental incapacity/impairment/weakness/decrepitude due to Bickerstaff's encephalitis
nnsph	Chronic inflammatory demyelinating polyneuropathy / Relapsing polyneuropathy (CRP) / chronic inflammatory demyelinating polyradiculoneuropathy / Chronic inflammatory demyelinating polyneuritis	state of being in Chronic inflammatory demyelinating polyneuropathy / Relapsing polyneuropathy (CRP) / chronic inflammatory demyelinating polyradiculoneuropathy / Chronic inflammatory demyelinating polyneuritis	state of manifesting/displaying a symptom of Chronic inflammatory demyelinating polyneuropathy / Relapsing polyneuropathy (CRP) / chronic inflammatory demyelinating polyradiculoneuropathy / Chronic inflammatory demyelinating polyneuritis	state of physical or mental incapacity/impairment/weakness/decrepitude due to Chronic inflammatory demyelinating polyneuropathy / Relapsing polyneuropathy (CRP) / chronic inflammatory demyelinating polyradiculoneuropathy / Chronic inflammatory demyelinating polyneuritis
nnskw	Guillain–Barré syndrome / Miller–Fisher syndrome / Landry's paralysis	state of being in Guillain–Barré syndrome / Miller–Fisher syndrome / Landry's paralysis	state of manifesting/displaying a symptom of Guillain–Barré syndrome / Miller–Fisher syndrome / Landry's paralysis	state of physical or mental incapacity/impairment/weakness/decrepitude due to Guillain–Barré syndrome / Miller–Fisher syndrome / Landry's paralysis
nnsky	Hashimoto's encephalopathy / Steroid-responsive encephalopathy associated with autoimmune thyroiditis (SREAT) / Nonvasculitic autoimmune meningoencephalitis (NAIM) / Encephalopathy Associated with Autoimmune Thyroid Disease (EAATD)	state of being in Hashimoto's encephalopathy / Steroid-responsive encephalopathy associated with autoimmune thyroiditis (SREAT) / Nonvasculitic autoimmune meningoencephalitis (NAIM) / Encephalopathy Associated with Autoimmune Thyroid Disease (EAATD)	state of manifesting/displaying a symptom of Hashimoto's encephalopathy / Steroid-responsive encephalopathy associated with autoimmune thyroiditis (SREAT) / Nonvasculitic autoimmune meningoencephalitis (NAIM) / Encephalopathy Associated with Autoimmune Thyroid Disease (EAATD)	state of physical or mental incapacity/impairment/weakness/decrepitude due to Hashimoto's encephalopathy / Steroid-responsive encephalopathy associated with autoimmune thyroiditis (SREAT) / Nonvasculitic autoimmune meningoencephalitis (NAIM) / Encephalopathy Associated with Autoimmune Thyroid Disease (EAATD)
nnskl	Idiopathic inflammatory demyelinating diseases	state of being in Idiopathic inflammatory demyelinating diseases	state of manifesting/displaying a symptom of Idiopathic inflammatory demyelinating diseases	state of physical or mental incapacity/impairment/weakness/decrepitude due to Idiopathic inflammatory demyelinating diseases
nnskr	Lambert–Eaton myasthenic syndrome	state of being in Lambert–Eaton myasthenic syndrome	state of manifesting/displaying a symptom of Lambert–Eaton myasthenic syndrome	state of physical or mental incapacity/impairment/weakness/decrepitude due to Lambert–Eaton myasthenic syndrome
nnskř	Multiple sclerosis, pattern II / Primary progressive multiple sclerosis / Relapsing-remitting multiple sclerosis / disseminated sclerosis / encephalomyelitis disseminata	state of being in Multiple sclerosis, pattern II / Primary progressive multiple sclerosis / Relapsing-remitting multiple sclerosis / disseminated sclerosis / encephalomyelitis disseminata	state of manifesting/displaying a symptom of Multiple sclerosis, pattern II / Primary progressive multiple sclerosis / Relapsing-remitting multiple sclerosis / disseminated sclerosis / encephalomyelitis disseminata	state of physical or mental incapacity/impairment/weakness/decrepitude due to Multiple sclerosis, pattern II / Primary progressive multiple sclerosis / Relapsing-remitting multiple sclerosis / disseminated sclerosis / encephalomyelitis disseminata
nnskh	Oshtoran syndrome	state of being in Oshtoran syndrome	state of manifesting/displaying a symptom of Oshtoran syndrome	state of physical or mental incapacity/impairment/weakness/decrepitude due to Oshtoran syndrome
nnstw	Pediatric Autoimmune Neuropsychiatric Disorder Associated with Streptococcus (PANDAS)	state of being in Pediatric Autoimmune Neuropsychiatric Disorder Associated with Streptococcus (PANDAS)	state of manifesting/displaying a symptom of Pediatric Autoimmune Neuropsychiatric Disorder Associated with Streptococcus (PANDAS)	state of physical or mental incapacity/impairment/weakness/decrepitude due to Pediatric Autoimmune Neuropsychiatric Disorder Associated with Streptococcus (PANDAS)
nnsty	Progressive inflammatory neuropathy	state of being in Progressive inflammatory neuropathy	state of manifesting/displaying a symptom of Progressive inflammatory neuropathy	state of physical or mental incapacity/impairment/weakness/decrepitude due to Progressive inflammatory neuropathy
nnstl	Restless legs syndrome	state of being in Restless legs syndrome	state of manifesting/displaying a symptom of Restless legs syndrome	state of physical or mental incapacity/impairment/weakness/decrepitude due to Restless legs syndrome
nnstr	Stiff-person syndrome	state of being in Stiff-person syndrome	state of manifesting/displaying a symptom of Stiff-person syndrome	state of physical or mental incapacity/impairment/weakness/decrepitude due to Stiff-person syndrome
nnstř	Sydenham's chorea	state of being in Sydenham's chorea	state of manifesting/displaying a symptom of Sydenham's chorea	state of physical or mental incapacity/impairment/weakness/decrepitude due to Sydenham's chorea
nnsth	Transverse myelitis	state of being in Transverse myelitis	state of manifesting/displaying a symptom of Transverse myelitis	state of physical or mental incapacity/impairment/weakness/decrepitude due to Transverse myelitis
nnšpw	Autoimmune retinopathy	state of being in Autoimmune retinopathy	state of manifesting/displaying a symptom of Autoimmune retinopathy	state of physical or mental incapacity/impairment/weakness/decrepitude due to Autoimmune retinopathy
nnšpy	Autoimmune uveitis	state of being in Autoimmune uveitis	state of manifesting/displaying a symptom of Autoimmune uveitis	state of physical or mental incapacity/impairment/weakness/decrepitude due to Autoimmune uveitis
nnšpl	Cogan syndrome	state of being in Cogan syndrome	state of manifesting/displaying a symptom of Cogan syndrome	state of physical or mental incapacity/impairment/weakness/decrepitude due to Cogan syndrome
nnšpr	Glaucoma	state of being in Glaucoma	state of manifesting/displaying a symptom of Glaucoma	state of physical or mental incapacity/impairment/weakness/decrepitude due to Glaucoma
nnšpř	Graves' ophthalmopathy	state of being in Graves' ophthalmopathy	state of manifesting/displaying a symptom of Graves' ophthalmopathy	state of physical or mental incapacity/impairment/weakness/decrepitude due to Graves' ophthalmopathy
nnškw	Intermediate uveitis / Pars planitis / peripheral uveitis	state of being in Intermediate uveitis / Pars planitis / peripheral uveitis	state of manifesting/displaying a symptom of Intermediate uveitis / Pars planitis / peripheral uveitis	state of physical or mental incapacity/impairment/weakness/decrepitude due to Intermediate uveitis / Pars planitis / peripheral uveitis
nnšky	Ligneous conjunctivitis	state of being in Ligneous conjunctivitis	state of manifesting/displaying a symptom of Ligneous conjunctivitis	state of physical or mental incapacity/impairment/weakness/decrepitude due to Ligneous conjunctivitis
nnškl	Mooren's ulcer	state of being in Mooren's ulcer	state of manifesting/displaying a symptom of Mooren's ulcer	state of physical or mental incapacity/impairment/weakness/decrepitude due to Mooren's ulcer
nnškr	Neuromyelitis optica / Devic's disease	state of being in Neuromyelitis optica / Devic's disease	state of manifesting/displaying a symptom of Neuromyelitis optica / Devic's disease	state of physical or mental incapacity/impairment/weakness/decrepitude due to Neuromyelitis optica / Devic's disease
nnškř	Opsoclonus myoclonus syndrome	state of being in Opsoclonus myoclonus syndrome	state of manifesting/displaying a symptom of Opsoclonus myoclonus syndrome	state of physical or mental incapacity/impairment/weakness/decrepitude due to Opsoclonus myoclonus syndrome
nnštw	Optic neuritis	state of being in Optic neuritis	state of manifesting/displaying a symptom of Optic neuritis	state of physical or mental incapacity/impairment/weakness/decrepitude due to Optic neuritis
nnšty	Scleritis	state of being in Scleritis	state of manifesting/displaying a symptom of Scleritis	state of physical or mental incapacity/impairment/weakness/decrepitude due to Scleritis
nnštl	Susac's syndrome / Retinocochleocerebral vasculopathy	state of being in Susac's syndrome / Retinocochleocerebral vasculopathy	state of manifesting/displaying a symptom of Susac's syndrome / Retinocochleocerebral vasculopathy	state of physical or mental incapacity/impairment/weakness/decrepitude due to Susac's syndrome / Retinocochleocerebral vasculopathy
nnštr	Sympathetic ophthalmia	state of being in Sympathetic ophthalmia	state of manifesting/displaying a symptom of Sympathetic ophthalmia	state of physical or mental incapacity/impairment/weakness/decrepitude due to Sympathetic ophthalmia
nnštř	Tolosa–Hunt syndrome	state of being in Tolosa–Hunt syndrome	state of manifesting/displaying a symptom of Tolosa–Hunt syndrome	state of physical or mental incapacity/impairment/weakness/decrepitude due to Tolosa–Hunt syndrome
nnšph	Autoimmune inner ear disease (AIED)	state of being in Autoimmune inner ear disease (AIED)	state of manifesting/displaying a symptom of Autoimmune inner ear disease (AIED)	state of physical or mental incapacity/impairment/weakness/decrepitude due to Autoimmune inner ear disease (AIED)
nnškh	Ménière's disease	state of being in Ménière's disease	state of manifesting/displaying a symptom of Ménière's disease	state of physical or mental incapacity/impairment/weakness/decrepitude due to Ménière's disease
nnçpw	Behçet's disease, Hughes–Stovin syndrome	state of being in Behçet's disease, Hughes–Stovin syndrome	state of manifesting/displaying a symptom of Behçet's disease, Hughes–Stovin syndrome	state of physical or mental incapacity/impairment/weakness/decrepitude due to Behçet's disease, Hughes–Stovin syndrome
nnçpy	Eosinophilic granulomatosis with polyangiitis (EGPA)	state of being in Eosinophilic granulomatosis with polyangiitis (EGPA)	state of manifesting/displaying a symptom of Eosinophilic granulomatosis with polyangiitis (EGPA)	state of physical or mental incapacity/impairment/weakness/decrepitude due to Eosinophilic granulomatosis with polyangiitis (EGPA)
nnçpl	Giant cell arteritis / Cranial arteritis / temporal arteritis	state of being in Giant cell arteritis / Cranial arteritis / temporal arteritis	state of manifesting/displaying a symptom of Giant cell arteritis / Cranial arteritis / temporal arteritis	state of physical or mental incapacity/impairment/weakness/decrepitude due to Giant cell arteritis / Cranial arteritis / temporal arteritis
nnçpr	Granulomatosis with polyangiitis (GPA)	state of being in Granulomatosis with polyangiitis (GPA)	state of manifesting/displaying a symptom of Granulomatosis with polyangiitis (GPA)	state of physical or mental incapacity/impairment/weakness/decrepitude due to Granulomatosis with polyangiitis (GPA)
nnçpř	IgA vasculitis (IgAV) / Anaphylactoid purpura / Henoch-Schonlein purpura / purpura rheumatica / Schönlein–Henoch purpura	state of being in IgA vasculitis (IgAV) / Anaphylactoid purpura / Henoch-Schonlein purpura / purpura rheumatica / Schönlein–Henoch purpura	state of manifesting/displaying a symptom of IgA vasculitis (IgAV) / Anaphylactoid purpura / Henoch-Schonlein purpura / purpura rheumatica / Schönlein–Henoch purpura	state of physical or mental incapacity/impairment/weakness/decrepitude due to IgA vasculitis (IgAV) / Anaphylactoid purpura / Henoch-Schonlein purpura / purpura rheumatica / Schönlein–Henoch purpura
nnçkw	Kawasaki disease / Kawasaki syndrome / lymph node syndrome / mucocutaneous lymph node syndrome	state of being in Kawasaki disease / Kawasaki syndrome / lymph node syndrome / mucocutaneous lymph node syndrome	state of manifesting/displaying a symptom of Kawasaki disease / Kawasaki syndrome / lymph node syndrome / mucocutaneous lymph node syndrome	state of physical or mental incapacity/impairment/weakness/decrepitude due to Kawasaki disease / Kawasaki syndrome / lymph node syndrome / mucocutaneous lymph node syndrome
nnçky	Leukocytoclastic vasculitis	state of being in Leukocytoclastic vasculitis	state of manifesting/displaying a symptom of Leukocytoclastic vasculitis	state of physical or mental incapacity/impairment/weakness/decrepitude due to Leukocytoclastic vasculitis
nnçkl	Lupus vasculitis	state of being in Lupus vasculitis	state of manifesting/displaying a symptom of Lupus vasculitis	state of physical or mental incapacity/impairment/weakness/decrepitude due to Lupus vasculitis
nnçkr	Rheumatoid vasculitis	state of being in Rheumatoid vasculitis	state of manifesting/displaying a symptom of Rheumatoid vasculitis	state of physical or mental incapacity/impairment/weakness/decrepitude due to Rheumatoid vasculitis
nnçkř	Microscopic polyangiitis (MPA) / Microscopic polyarteritis / microscopic polyarteritis nodosa	state of being in Microscopic polyangiitis (MPA) / Microscopic polyarteritis / microscopic polyarteritis nodosa	state of manifesting/displaying a symptom of Microscopic polyangiitis (MPA) / Microscopic polyarteritis / microscopic polyarteritis nodosa	state of physical or mental incapacity/impairment/weakness/decrepitude due to Microscopic polyangiitis (MPA) / Microscopic polyarteritis / microscopic polyarteritis nodosa
nnçtw	Podoconiosis / non-filarial elephantiasis	state of being in Podoconiosis / non-filarial elephantiasis	state of manifesting/displaying a symptom of Podoconiosis / non-filarial elephantiasis	state of physical or mental incapacity/impairment/weakness/decrepitude due to Podoconiosis / non-filarial elephantiasis
nnçty	Polyarteritis nodosa (PAN) / Panarteritis nodosa / periarteritis nodosa / Kussmaul disease / Kussmaul–Maier disease	state of being in Polyarteritis nodosa (PAN) / Panarteritis nodosa / periarteritis nodosa / Kussmaul disease / Kussmaul–Maier disease	state of manifesting/displaying a symptom of Polyarteritis nodosa (PAN) / Panarteritis nodosa / periarteritis nodosa / Kussmaul disease / Kussmaul–Maier disease	state of physical or mental incapacity/impairment/weakness/decrepitude due to Polyarteritis nodosa (PAN) / Panarteritis nodosa / periarteritis nodosa / Kussmaul disease / Kussmaul–Maier disease
nnçtl	Polymyalgia rheumatica	state of being in Polymyalgia rheumatica	state of manifesting/displaying a symptom of Polymyalgia rheumatica	state of physical or mental incapacity/impairment/weakness/decrepitude due to Polymyalgia rheumatica
nnçtr	Urticarial vasculitis	state of being in Urticarial vasculitis	state of manifesting/displaying a symptom of Urticarial vasculitis	state of physical or mental incapacity/impairment/weakness/decrepitude due to Urticarial vasculitis
nnçtř	Vasculitis	state of being in Vasculitis	state of manifesting/displaying a symptom of Vasculitis	state of physical or mental incapacity/impairment/weakness/decrepitude due to Vasculitis
nnţpw	Chronic fatigue syndrome	state of being in Chronic fatigue syndrome	state of manifesting/displaying a symptom of Chronic fatigue syndrome	state of physical or mental incapacity/impairment/weakness/decrepitude due to Chronic fatigue syndrome
nnţpy	Complex regional pain syndrome / Amplified Musculoskeletal Pain Syndrome / Reflex Neurovascular Dystrophy / Reflex sympathetic dystrophy	state of being in Complex regional pain syndrome / Amplified Musculoskeletal Pain Syndrome / Reflex Neurovascular Dystrophy / Reflex sympathetic dystrophy	state of manifesting/displaying a symptom of Complex regional pain syndrome / Amplified Musculoskeletal Pain Syndrome / Reflex Neurovascular Dystrophy / Reflex sympathetic dystrophy	state of physical or mental incapacity/impairment/weakness/decrepitude due to Complex regional pain syndrome / Amplified Musculoskeletal Pain Syndrome / Reflex Neurovascular Dystrophy / Reflex sympathetic dystrophy
nnţpl	Eosinophilic esophagitis	state of being in Eosinophilic esophagitis	state of manifesting/displaying a symptom of Eosinophilic esophagitis	state of physical or mental incapacity/impairment/weakness/decrepitude due to Eosinophilic esophagitis
nnţpr	Gastritis	state of being in Gastritis	state of manifesting/displaying a symptom of Gastritis	state of physical or mental incapacity/impairment/weakness/decrepitude due to Gastritis
nnţpř	Interstitial lung disease	state of being in Interstitial lung disease	state of manifesting/displaying a symptom of Interstitial lung disease	state of physical or mental incapacity/impairment/weakness/decrepitude due to Interstitial lung disease
nnţkw	POEMS syndrome	state of being in POEMS syndrome	state of manifesting/displaying a symptom of POEMS syndrome	state of physical or mental incapacity/impairment/weakness/decrepitude due to POEMS syndrome
nnţky	Raynaud's phenomenon	state of being in Raynaud's phenomenon	state of manifesting/displaying a symptom of Raynaud's phenomenon	state of physical or mental incapacity/impairment/weakness/decrepitude due to Raynaud's phenomenon
nnţkl	Primary immunodeficiency	state of being in Primary immunodeficiency	state of manifesting/displaying a symptom of Primary immunodeficiency	state of physical or mental incapacity/impairment/weakness/decrepitude due to Primary immunodeficiency
nnţkr	Pyoderma gangrenosum	state of being in Pyoderma gangrenosum	state of manifesting/displaying a symptom of Pyoderma gangrenosum	state of physical or mental incapacity/impairment/weakness/decrepitude due to Pyoderma gangrenosum
nnţkř	IPEX syndrome / X-linked polyendocrinopathy / immunodeficiency and diarrhea-syndrome (XLAAD)	state of being in IPEX syndrome / X-linked polyendocrinopathy / immunodeficiency and diarrhea-syndrome (XLAAD)	state of manifesting/displaying a symptom of IPEX syndrome / X-linked polyendocrinopathy / immunodeficiency and diarrhea-syndrome (XLAAD)	state of physical or mental incapacity/impairment/weakness/decrepitude due to IPEX syndrome / X-linked polyendocrinopathy / immunodeficiency and diarrhea-syndrome (XLAAD)
ňňspw	Agammaglobulinemia	state of being in Agammaglobulinemia	state of manifesting/displaying a symptom of Agammaglobulinemia	state of physical or mental incapacity/impairment/weakness/decrepitude due to Agammaglobulinemia
ňňspy	Amyloidosis	state of being in Amyloidosis	state of manifesting/displaying a symptom of Amyloidosis	state of physical or mental incapacity/impairment/weakness/decrepitude due to Amyloidosis
ňňspl	Amyotrophic lateral sclerosis (ALS) / Lou Gehrig's disease / Motor Neuron Disease	state of being in Amyotrophic lateral sclerosis (ALS) / Lou Gehrig's disease / Motor Neuron Disease	state of manifesting/displaying a symptom of Amyotrophic lateral sclerosis (ALS) / Lou Gehrig's disease / Motor Neuron Disease	state of physical or mental incapacity/impairment/weakness/decrepitude due to Amyotrophic lateral sclerosis (ALS) / Lou Gehrig's disease / Motor Neuron Disease
ňňspr	Anti-tubular basement membrane nephritis	state of being in Anti-tubular basement membrane nephritis	state of manifesting/displaying a symptom of Anti-tubular basement membrane nephritis	state of physical or mental incapacity/impairment/weakness/decrepitude due to Anti-tubular basement membrane nephritis
ňňspř	Arterio-venous malformation	state of being in Arterio-venous malformation	state of manifesting/displaying a symptom of Arterio-venous malformation	state of physical or mental incapacity/impairment/weakness/decrepitude due to Arterio-venous malformation
ňňsph	Atherosclerosis	state of being in Atherosclerosis	state of manifesting/displaying a symptom of Atherosclerosis	state of physical or mental incapacity/impairment/weakness/decrepitude due to Atherosclerosis
ňňskw	Atopic allergy	state of being in Atopic allergy	state of manifesting/displaying a symptom of Atopic allergy	state of physical or mental incapacity/impairment/weakness/decrepitude due to Atopic allergy
ňňsky	Atopic dermatitis	state of being in Atopic dermatitis	state of manifesting/displaying a symptom of Atopic dermatitis	state of physical or mental incapacity/impairment/weakness/decrepitude due to Atopic dermatitis
ňňskl	Autoimmune peripheral neuropathy	state of being in Autoimmune peripheral neuropathy	state of manifesting/displaying a symptom of Autoimmune peripheral neuropathy	state of physical or mental incapacity/impairment/weakness/decrepitude due to Autoimmune peripheral neuropathy
ňňskr	Blau syndrome	state of being in Blau syndrome	state of manifesting/displaying a symptom of Blau syndrome	state of physical or mental incapacity/impairment/weakness/decrepitude due to Blau syndrome
ňňskř	Castleman's disease	state of being in Castleman's disease	state of manifesting/displaying a symptom of Castleman's disease	state of physical or mental incapacity/impairment/weakness/decrepitude due to Castleman's disease
ňňskh	Central hypoventilation syndrome, Congenital central hypoventilation syndromd, Acquired central hypoventilation syndrome / Ondine’s curse	state of being in Central hypoventilation syndrome, Congenital central hypoventilation syndromd, Acquired central hypoventilation syndrome / Ondine’s curse	state of manifesting/displaying a symptom of Central hypoventilation syndrome, Congenital central hypoventilation syndromd, Acquired central hypoventilation syndrome / Ondine’s curse	state of physical or mental incapacity/impairment/weakness/decrepitude due to Central hypoventilation syndrome, Congenital central hypoventilation syndromd, Acquired central hypoventilation syndrome / Ondine’s curse
ňňstw	Chronic obstructive pulmonary disease (including emphysema, chronic bronchitis)	state of being in Chronic obstructive pulmonary disease (including emphysema, chronic bronchitis)	state of manifesting/displaying a symptom of Chronic obstructive pulmonary disease (including emphysema, chronic bronchitis)	state of physical or mental incapacity/impairment/weakness/decrepitude due to Chronic obstructive pulmonary disease (including emphysema, chronic bronchitis)
ňňsty	Chronic recurrent multifocal osteomyelitis / Majeed syndrome	state of being in Chronic recurrent multifocal osteomyelitis / Majeed syndrome	state of manifesting/displaying a symptom of Chronic recurrent multifocal osteomyelitis / Majeed syndrome	state of physical or mental incapacity/impairment/weakness/decrepitude due to Chronic recurrent multifocal osteomyelitis / Majeed syndrome
ňňstl	Complement component 2 deficiency	state of being in Complement component 2 deficiency	state of manifesting/displaying a symptom of Complement component 2 deficiency	state of physical or mental incapacity/impairment/weakness/decrepitude due to Complement component 2 deficiency
ňňstr	Congenital heart block	state of being in Congenital heart block	state of manifesting/displaying a symptom of Congenital heart block	state of physical or mental incapacity/impairment/weakness/decrepitude due to Congenital heart block
ňňstř	Contact dermatitis	state of being in Contact dermatitis	state of manifesting/displaying a symptom of Contact dermatitis	state of physical or mental incapacity/impairment/weakness/decrepitude due to Contact dermatitis
ňňsth	Cushing's syndrome	state of being in Cushing's syndrome	state of manifesting/displaying a symptom of Cushing's syndrome	state of physical or mental incapacity/impairment/weakness/decrepitude due to Cushing's syndrome
ňňšpw	Cutaneous leukocytoclastic angiitis	state of being in Cutaneous leukocytoclastic angiitis	state of manifesting/displaying a symptom of Cutaneous leukocytoclastic angiitis	state of physical or mental incapacity/impairment/weakness/decrepitude due to Cutaneous leukocytoclastic angiitis
ňňšpy	Dego's disease	state of being in Dego's disease	state of manifesting/displaying a symptom of Dego's disease	state of physical or mental incapacity/impairment/weakness/decrepitude due to Dego's disease
ňňšpl	Cerebral palsy	state of being in Cerebral palsy	state of manifesting/displaying a symptom of Cerebral palsy	state of physical or mental incapacity/impairment/weakness/decrepitude due to Cerebral palsy
ňňšpr	Eczema	state of being in Eczema	state of manifesting/displaying a symptom of Eczema	state of physical or mental incapacity/impairment/weakness/decrepitude due to Eczema
ňňšpř	Eosinophilic gastroenteritis	state of being in Eosinophilic gastroenteritis	state of manifesting/displaying a symptom of Eosinophilic gastroenteritis	state of physical or mental incapacity/impairment/weakness/decrepitude due to Eosinophilic gastroenteritis
ňňšph	Erythroblastosis fetalis	state of being in Erythroblastosis fetalis	state of manifesting/displaying a symptom of Erythroblastosis fetalis	state of physical or mental incapacity/impairment/weakness/decrepitude due to Erythroblastosis fetalis
ňňškw	Fibrodysplasia ossificans progressiva	state of being in Fibrodysplasia ossificans progressiva	state of manifesting/displaying a symptom of Fibrodysplasia ossificans progressiva	state of physical or mental incapacity/impairment/weakness/decrepitude due to Fibrodysplasia ossificans progressiva
ňňšky	Gastrointestinal pemphigoid	state of being in Gastrointestinal pemphigoid	state of manifesting/displaying a symptom of Gastrointestinal pemphigoid	state of physical or mental incapacity/impairment/weakness/decrepitude due to Gastrointestinal pemphigoid
ňňškl	Gout	state of being in Gout	state of manifesting/displaying a symptom of Gout	state of physical or mental incapacity/impairment/weakness/decrepitude due to Gout
ňňškr	Hypogammaglobulinemia	state of being in Hypogammaglobulinemia	state of manifesting/displaying a symptom of Hypogammaglobulinemia	state of physical or mental incapacity/impairment/weakness/decrepitude due to Hypogammaglobulinemia
ňňškř	Idiopathic giant-cell myocarditis / Giant cell myocarditis	state of being in Idiopathic giant-cell myocarditis / Giant cell myocarditis	state of manifesting/displaying a symptom of Idiopathic giant-cell myocarditis / Giant cell myocarditis	state of physical or mental incapacity/impairment/weakness/decrepitude due to Idiopathic giant-cell myocarditis / Giant cell myocarditis
ňňškh	Idiopathic pulmonary fibrosis / Fibrosing alveolitis	state of being in Idiopathic pulmonary fibrosis / Fibrosing alveolitis	state of manifesting/displaying a symptom of Idiopathic pulmonary fibrosis / Fibrosing alveolitis	state of physical or mental incapacity/impairment/weakness/decrepitude due to Idiopathic pulmonary fibrosis / Fibrosing alveolitis
ňňštw	IgA nephropathy / IgA nephrits / Berger's disease / Synpharyngitic Glomerulonephritis	state of being in IgA nephropathy / IgA nephrits / Berger's disease / Synpharyngitic Glomerulonephritis	state of manifesting/displaying a symptom of IgA nephropathy / IgA nephrits / Berger's disease / Synpharyngitic Glomerulonephritis	state of physical or mental incapacity/impairment/weakness/decrepitude due to IgA nephropathy / IgA nephrits / Berger's disease / Synpharyngitic Glomerulonephritis
ňňšty	Irritable bowel syndrome	state of being in Irritable bowel syndrome	state of manifesting/displaying a symptom of Irritable bowel syndrome	state of physical or mental incapacity/impairment/weakness/decrepitude due to Irritable bowel syndrome
ňňštl	Ligneous conjunctivitis	state of being in Ligneous conjunctivitis	state of manifesting/displaying a symptom of Ligneous conjunctivitis	state of physical or mental incapacity/impairment/weakness/decrepitude due to Ligneous conjunctivitis
ňňštr	Narcolepsy	state of being in Narcolepsy	state of manifesting/displaying a symptom of Narcolepsy	state of physical or mental incapacity/impairment/weakness/decrepitude due to Narcolepsy
ňňštř	Pellucid marginal degeneration (PMD)	state of being in Pellucid marginal degeneration (PMD)	state of manifesting/displaying a symptom of Pellucid marginal degeneration (PMD)	state of physical or mental incapacity/impairment/weakness/decrepitude due to Pellucid marginal degeneration (PMD)
ňňšth	Rapid-onset obesity with hypthalamic dysregulation, hypoventilation, and autonomic dysregulation (ROHHAD)	state of being in Rapid-onset obesity with hypthalamic dysregulation, hypoventilation, and autonomic dysregulation (ROHHAD)	state of manifesting/displaying a symptom of Rapid-onset obesity with hypthalamic dysregulation, hypoventilation, and autonomic dysregulation (ROHHAD)	state of physical or mental incapacity/impairment/weakness/decrepitude due to Rapid-onset obesity with hypthalamic dysregulation, hypoventilation, and autonomic dysregulation (ROHHAD)
ňňzpw	Rasmussen's encephalitis	state of being in Rasmussen's encephalitis	state of manifesting/displaying a symptom of Rasmussen's encephalitis	state of physical or mental incapacity/impairment/weakness/decrepitude due to Rasmussen's encephalitis
ňňzpy	Serum sickness	state of being in Serum sickness	state of manifesting/displaying a symptom of Serum sickness	state of physical or mental incapacity/impairment/weakness/decrepitude due to Serum sickness
ňňzpl	Spina bifida	state of being in Spina bifida	state of manifesting/displaying a symptom of Spina bifida	state of physical or mental incapacity/impairment/weakness/decrepitude due to Spina bifida
ňňzpr	Spondyloarthropathy	state of being in Spondyloarthropathy	state of manifesting/displaying a symptom of Spondyloarthropathy	state of physical or mental incapacity/impairment/weakness/decrepitude due to Spondyloarthropathy
ňňzpř	Sweet's syndrome	state of being in Sweet's syndrome	state of manifesting/displaying a symptom of Sweet's syndrome	state of physical or mental incapacity/impairment/weakness/decrepitude due to Sweet's syndrome
ňňzph	Takayasu's arteritis	state of being in Takayasu's arteritis	state of manifesting/displaying a symptom of Takayasu's arteritis	state of physical or mental incapacity/impairment/weakness/decrepitude due to Takayasu's arteritis
mmzbw	intellectual disability / intellectual developmental disorder / global development delay	state of being in intellectual disability / intellectual developmental disorder / global development delay	state of manifesting/displaying a symptom of intellectual disability / intellectual developmental disorder / global development delay	state of physical or mental incapacity/impairment/weakness/decrepitude due to intellectual disability / intellectual developmental disorder / global development delay
mmzby	autism spectrum disorder	state of being in autism spectrum disorder	state of manifesting/displaying a symptom of autism spectrum disorder	state of physical or mental incapacity/impairment/weakness/decrepitude due to autism spectrum disorder
mmzbl	attention-deficit hyperactivity disorder	state of being in attention-deficit hyperactivity disorder	state of manifesting/displaying a symptom of attention-deficit hyperactivity disorder	state of physical or mental incapacity/impairment/weakness/decrepitude due to attention-deficit hyperactivity disorder
mmzbr	bipolar disorder	state of being in bipolar disorder	state of manifesting/displaying a symptom of bipolar disorder	state of physical or mental incapacity/impairment/weakness/decrepitude due to bipolar disorder
mmzbř	mania	state of being in mania	state of manifesting/displaying a symptom of mania	state of physical or mental incapacity/impairment/weakness/decrepitude due to mania
mmzgw	monopolar depression, depressive disorder	state of being in monopolar depression, depressive disorder	state of manifesting/displaying a symptom of monopolar depression, depressive disorder	state of physical or mental incapacity/impairment/weakness/decrepitude due to monopolar depression, depressive disorder
mmzgy	generalized anxiety disorder	state of being in generalized anxiety disorder	state of manifesting/displaying a symptom of generalized anxiety disorder	state of physical or mental incapacity/impairment/weakness/decrepitude due to generalized anxiety disorder
mmzgl	social anxiety disorder	state of being in social anxiety disorder	state of manifesting/displaying a symptom of social anxiety disorder	state of physical or mental incapacity/impairment/weakness/decrepitude due to social anxiety disorder
mmzgr	panic disorder	state of being in panic disorder	state of manifesting/displaying a symptom of panic disorder	state of physical or mental incapacity/impairment/weakness/decrepitude due to panic disorder
mmzgř	separation anxiety disorder	state of being in separation anxiety disorder	state of manifesting/displaying a symptom of separation anxiety disorder	state of physical or mental incapacity/impairment/weakness/decrepitude due to separation anxiety disorder
mmzdw	acute stress disorder	state of being in acute stress disorder	state of manifesting/displaying a symptom of acute stress disorder	state of physical or mental incapacity/impairment/weakness/decrepitude due to acute stress disorder
mmzdy	adjustment disorder	state of being in adjustment disorder	state of manifesting/displaying a symptom of adjustment disorder	state of physical or mental incapacity/impairment/weakness/decrepitude due to adjustment disorder
mmzdl	PTSD	state of being in PTSD	state of manifesting/displaying a symptom of PTSD	state of physical or mental incapacity/impairment/weakness/decrepitude due to PTSD
mmzdr	reactive adjustment disorder	state of being in reactive adjustment disorder	state of manifesting/displaying a symptom of reactive adjustment disorder	state of physical or mental incapacity/impairment/weakness/decrepitude due to reactive adjustment disorder
mmzdř	dissociative amnesia	state of being in dissociative amnesia	state of manifesting/displaying a symptom of dissociative amnesia	state of physical or mental incapacity/impairment/weakness/decrepitude due to dissociative amnesia
nnzbw	dissociative identity disorder	state of being in dissociative identity disorder	state of manifesting/displaying a symptom of dissociative identity disorder	state of physical or mental incapacity/impairment/weakness/decrepitude due to dissociative identity disorder
nnzby	depersonalization/derealization disorder	state of being in depersonalization/derealization disorder	state of manifesting/displaying a symptom of depersonalization/derealization disorder	state of physical or mental incapacity/impairment/weakness/decrepitude due to depersonalization/derealization disorder
nnzbl	somatic symptom disorder	state of being in somatic symptom disorder	state of manifesting/displaying a symptom of somatic symptom disorder	state of physical or mental incapacity/impairment/weakness/decrepitude due to somatic symptom disorder
nnzbr	conversion disorder	state of being in conversion disorder	state of manifesting/displaying a symptom of conversion disorder	state of physical or mental incapacity/impairment/weakness/decrepitude due to conversion disorder
nnzbř	factitious disorder (e.g., Munchausen syndrome)	state of being in factitious disorder (e.g., Munchausen syndrome)	state of manifesting/displaying a symptom of factitious disorder (e.g., Munchausen syndrome)	state of physical or mental incapacity/impairment/weakness/decrepitude due to factitious disorder (e.g., Munchausen syndrome)
nnzgw	anorexia nervosa	state of being in anorexia nervosa	state of manifesting/displaying a symptom of anorexia nervosa	state of physical or mental incapacity/impairment/weakness/decrepitude due to anorexia nervosa
nnzgy	bulimia	state of being in bulimia	state of manifesting/displaying a symptom of bulimia	state of physical or mental incapacity/impairment/weakness/decrepitude due to bulimia
nnzgl	rumination disorder	state of being in rumination disorder	state of manifesting/displaying a symptom of rumination disorder	state of physical or mental incapacity/impairment/weakness/decrepitude due to rumination disorder
nnzgr	pica	state of being in pica	state of manifesting/displaying a symptom of pica	state of physical or mental incapacity/impairment/weakness/decrepitude due to pica
nnzgř	binge-eating disorder	state of being in binge-eating disorder	state of manifesting/displaying a symptom of binge-eating disorder	state of physical or mental incapacity/impairment/weakness/decrepitude due to binge-eating disorder
nnzdw	prasomnia (e.g., sleepwalking, night terrors)	state of being in prasomnia (e.g., sleepwalking, night terrors)	state of manifesting/displaying a symptom of prasomnia (e.g., sleepwalking, night terrors)	state of physical or mental incapacity/impairment/weakness/decrepitude due to prasomnia (e.g., sleepwalking, night terrors)
nnzdy	kleptomania	state of being in kleptomania	state of manifesting/displaying a symptom of kleptomania	state of physical or mental incapacity/impairment/weakness/decrepitude due to kleptomania
nnzdl	pyromania	state of being in pyromania	state of manifesting/displaying a symptom of pyromania	state of physical or mental incapacity/impairment/weakness/decrepitude due to pyromania
nnzdr	intermittent explosive disorder	state of being in intermittent explosive disorder	state of manifesting/displaying a symptom of intermittent explosive disorder	state of physical or mental incapacity/impairment/weakness/decrepitude due to intermittent explosive disorder
nnzdř	conduct disorder	state of being in conduct disorder	state of manifesting/displaying a symptom of conduct disorder	state of physical or mental incapacity/impairment/weakness/decrepitude due to conduct disorder
ňňzbw	oppositional defiant disorder	state of being in oppositional defiant disorder	state of manifesting/displaying a symptom of oppositional defiant disorder	state of physical or mental incapacity/impairment/weakness/decrepitude due to oppositional defiant disorder
ňňzby	substance addiction	state of being in substance addiction	state of manifesting/displaying a symptom of substance addiction	state of physical or mental incapacity/impairment/weakness/decrepitude due to substance addiction
ňňzbl	gambling disorder	state of being in gambling disorder	state of manifesting/displaying a symptom of gambling disorder	state of physical or mental incapacity/impairment/weakness/decrepitude due to gambling disorder
ňňzbr	sex addiction	state of being in sex addiction	state of manifesting/displaying a symptom of sex addiction	state of physical or mental incapacity/impairment/weakness/decrepitude due to sex addiction
ňňzbř	delirium	state of being in delirium	state of manifesting/displaying a symptom of delirium	state of physical or mental incapacity/impairment/weakness/decrepitude due to delirium
ňňzgw	neurocognitive disorder	state of being in neurocognitive disorder	state of manifesting/displaying a symptom of neurocognitive disorder	state of physical or mental incapacity/impairment/weakness/decrepitude due to neurocognitive disorder
ňňzgy	schizophrenia	state of being in schizophrenia	state of manifesting/displaying a symptom of schizophrenia	state of physical or mental incapacity/impairment/weakness/decrepitude due to schizophrenia
ňňzgl	catatonia	state of being in catatonia	state of manifesting/displaying a symptom of catatonia	state of physical or mental incapacity/impairment/weakness/decrepitude due to catatonia
ňňzgr	obsessive-compulsive disorder (OCD)	state of being in obsessive-compulsive disorder (OCD)	state of manifesting/displaying a symptom of obsessive-compulsive disorder (OCD)	state of physical or mental incapacity/impairment/weakness/decrepitude due to obsessive-compulsive disorder (OCD)
ňňzgř	body-dysmorphic disorder	state of being in body-dysmorphic disorder	state of manifesting/displaying a symptom of body-dysmorphic disorder	state of physical or mental incapacity/impairment/weakness/decrepitude due to body-dysmorphic disorder
ňňzdw	hoarding disorder	state of being in hoarding disorder	state of manifesting/displaying a symptom of hoarding disorder	state of physical or mental incapacity/impairment/weakness/decrepitude due to hoarding disorder
ňňzdy	excoriation disorder	state of being in excoriation disorder	state of manifesting/displaying a symptom of excoriation disorder	state of physical or mental incapacity/impairment/weakness/decrepitude due to excoriation disorder
ňňzdl	personality disorder	state of being in personality disorder	state of manifesting/displaying a symptom of personality disorder	state of physical or mental incapacity/impairment/weakness/decrepitude due to personality disorder
ňňzdr	antisocial personality disorder	state of being in antisocial personality disorder	state of manifesting/displaying a symptom of antisocial personality disorder	state of physical or mental incapacity/impairment/weakness/decrepitude due to antisocial personality disorder
ňňzdř	avoidant personality disorder	state of being in avoidant personality disorder	state of manifesting/displaying a symptom of avoidant personality disorder	state of physical or mental incapacity/impairment/weakness/decrepitude due to avoidant personality disorder
mmzvl	borderline personality disorder	state of being in borderline personality disorder	state of manifesting/displaying a symptom of borderline personality disorder	state of physical or mental incapacity/impairment/weakness/decrepitude due to borderline personality disorder
mmzvr	dependent personality disorder	state of being in dependent personality disorder	state of manifesting/displaying a symptom of dependent personality disorder	state of physical or mental incapacity/impairment/weakness/decrepitude due to dependent personality disorder
mmzvř	histrionic personality disorder	state of being in histrionic personality disorder	state of manifesting/displaying a symptom of histrionic personality disorder	state of physical or mental incapacity/impairment/weakness/decrepitude due to histrionic personality disorder
nnzvl	narcissistic personality disorder	state of being in narcissistic personality disorder	state of manifesting/displaying a symptom of narcissistic personality disorder	state of physical or mental incapacity/impairment/weakness/decrepitude due to narcissistic personality disorder
nnzvr	obsessive-compulsive personality disorder	state of being in obsessive-compulsive personality disorder	state of manifesting/displaying a symptom of obsessive-compulsive personality disorder	state of physical or mental incapacity/impairment/weakness/decrepitude due to obsessive-compulsive personality disorder
nnzvř	paranoid personality disorder	state of being in paranoid personality disorder	state of manifesting/displaying a symptom of paranoid personality disorder	state of physical or mental incapacity/impairment/weakness/decrepitude due to paranoid personality disorder
ňňzvl	schizoid personality disorder	state of being in schizoid personality disorder	state of manifesting/displaying a symptom of schizoid personality disorder	state of physical or mental incapacity/impairment/weakness/decrepitude due to schizoid personality disorder
ňňzvr	schizotypal personality disorder	state of being in schizotypal personality disorder	state of manifesting/displaying a symptom of schizotypal personality disorder	state of physical or mental incapacity/impairment/weakness/decrepitude due to schizotypal personality disorder
ňňzvř	Tourette syndrome	state of being in Tourette syndrome	state of manifesting/displaying a symptom of Tourette syndrome	state of physical or mental incapacity/impairment/weakness/decrepitude due to Tourette syndrome
řd	remedy/heal/restore	medically treating/remedying	recuperation/healing/recovery	restoration
řdv	medication/medicine	administering a medicine/medicaton orally in solid form (e.g., pill, tablet, capsule, etc.)	administering a medicine/medication orally in liquid form (e.g., cough syrup, chemical dissolved in liquid, etc.)	administering a medicine/medication via injection
škl	psychiatric treatment/manipulation	psychiatric treatment or therapeutic psychological therapy	subliminal psychological manipulation	brainwashing [i.e., psychological manipulation to the extent that a person’s personality/motivations/values/memories/beliefs, etc. are changed for covert or nefarious purposes]
dgw	bandage/dressing/patch	bandage	pad/compress/dressing	patch
dgy	material used as bandage or patch	(adhesive) tape	rubber(-like) patch	flim(-like material)
šw	lifeform	living being/lifeform	vitality (activity consistent with being alive)	being brought to life/biological reproduction
fst	prokaryotic non-visible life form	bacterium	archaeon	virus
sv	eukaryotic life form	plant	animal	non-plant non-animal eukaryote
kst	non-plant/animal eukaryote	protist (protozoan, amoeboid, protophytic alga, slime mold)	fungus	chromist (brown alga, diatom, water mold)
lḑ	tree/shrub/bush	tree	shrub	bush
lḑr	tree	conifer	non-conifer evergreen	deciduous tree
lḑl	primitive (non-vascular) plant	alga	moss	hornwort/lichen/liverwort
zhw	grass/stalk-like plant	grass	stalk-like plant	cereal grain
ztç	fern-like plant	fern	eusporangiate fern (whisk fern, grapefern, horsetail, adder’s tongue)	lycopod (club moss, firmoss, spike moss, quillwort)
lmy	flowering plant	flowering plant/tree/bush	herb	vine/liana
vn	basic animal type	land/air animal	waterlife animal	amphibian
tn	mammal	placental mammal	marsupial	monotreme (e.g., platypus, easter bunny)
l	human being	adult human	human child	adolescent human
ţl	animal of the air	🐦 bird	flying insect	🦇 bat
zz	reptile	lizard/skink/monitor	🐍 snake/legless lizard	🐢 turtle/tortoise
jxw	amphibian	🐸 frog/toad (Salientian)	salamander/newt (Caudatan)	snake-/worm-like amphibian (Gymnophione/caecilian)
fň	non-plant waterlife form	swimming waterlife (e.g., fish, eel, whale, octopus)	crawling waterlife (e.g., crustacean)	sessile waterlife (e.g., shellfish, sea urchin, starfish)
pft	fish	skate/ray	🦈 shark	🐠/🐟 fish (lobe-/ray-finned)
ngl	not gonna lie, that’s a mollusc	not gonna lie, that’s a snail or slug	not gonna lie, that’s a bivalve (e.g. a clam, mussel, scallop, oyster, cockle)	not gonna lie, that’s a non-cephalopod mollusc (e.g. a nautilus, a chiton, a solenogaster)
ngw	worm	🪱 annelid/nematode worm	flatworm/tapeworm	fluke/leech
ngř	marine invertebrate	cephalopod (e.g., octopus, squid, cuttlefish, argonaut)	sea sponge	cnidarian, ctenophore, placozoan (e.g., jellyfish, coral, sea anemone, hydra, comb jelly)
žj	arthropod	hexapod/chelicerate (springtail, conehead, dipluran, horseshoe crab, sea spider)	crustacean	myriapod (millipede, centipede)
zt	arachnid	🕷️ spider/harvester (harvestman, daddy longlegs)	🦂 scorpion/solifuge (wind scorpion, camel spider, sun spider)	tick/mite
ḑp	large decapodian crustacean	🦞 lobster/crayfish	🦀 crab	🦐 shrimp/prawn
gll	bug insect	🪲 beetle	🐜 ant	bug-like insect
zzc	stinging flying insect	🐝 bee	wasp/hornet/sawfly	🦟 gnat/midge/mosquito
nnz	flying insect	🪰 fly	louse/aphid/thrip	lacewing-like insect (e.g., stonefly, alderfly, fishfly, antlion, owlfly)
nv	butterfly/moth	🦋 butterfly	moth	🐛 caterpillar
kstw	fungus/mushroom	edible mushroom	non-harmful fungus	🍄 harmful fungus/mushroom
ksty	fungus-related lifeform	yeast	mold (fungus)	lichen
kstf	protist	non-amoeboid protozoan	amoeboid life-form	protophytic algae or slime mold
vžg	gametophyte/sporophyte/zygote	gametophyte	sporophyte	zygote
žň	non-mammalian life stage	newborn	pupal stage	birth/hatching/emergence
rr	feline	🐈 cat (Felis catus)	wildcat (genus Felis except Felis catus)	leopard, fishing, rusty-spotted, or Palla’s cat, manul (genera Prionailurus, Otocolobus)
rrw	large feline	🐅 tiger (Panthera tigris)	🦁 lion (Panthera leo)	jaguar (Panthera onca)
rry	leopard	🐆 leopard (Panthera pardus)	snow leopard (Panthera uncia)	clouded leopard (genus Neofelis)
rrm	lynx feline	bobcat (Lynx rufus)	Eurasian/Iberian lynx (Lynx lynx, Lynx pardinus)	Canada lynx (Lynx canadensis)
rrn	leopardus feline	ocelot (Leopardus pardalis)	margay (Leopardus wiedii)	oncilla, Pampas cat, kodkod, tigrina (genus Leopardus except Leopardus pardalis, Leopardus wiedii)
rrl	puma-like feline	cheetah (genus Acinonyx)	cougar/panther/catamount (genus Puma)	jaguarundi (genus Herpailurus)
rrf	bay cat feline	bay cat (Catopuma badia)	Asian golden cat (Catopuma temminckii)	marbled cat (genus Pardofelis)
rrţ	caracal feline	caracal (Caracal caracal)	African golden cat (Caracal aurata)	serval (genus Leptailurus)
rrc	unusual feliorm	African palm civet (genus Nandinia)	banded linsang (Prionodon linsang)	spotted linsang (Prionodon pardicolor)
zv	common canine	🐕 domestic dog, dingo (Canis familiaris, Canis lupus dingo)	🐺 gray wolf (Canis lupus)	coyote/American jackal (Canis latrans)
zvy	other canine	African wolf, Asian wolf, jackal (genus Canis, Lupulella except Canis familiaris, Canis lupus, Canis latrans)	dhole, Asiatic wild dog (genus Cuon)	African wild dog/painted wolf (genus Lycaon)
zvw	fox	🦊 red fox (Vulpes vulpes)	fox (genus Vulpes except Vulpes vulpes)	bat-eared fox (genus Otocyon)
zvl	South American cerdocyonine fox/dog/wolf	South American fox (genus Lycalopex)	bush dog (genus Speothos)	unusual cerdocyonine (genus Chrysocyon, Cerdocyon, Atelocynus)
zvr	unusual canine	gray fox (Urocyon cinereoargenteus)	island fox (Urocyon littoralis)	raccoon dog (genus Nyctereutes)
nç	goat-like animal	🐐 domestic goat (Capra hircus)	ibex (genus Capra except Capra hircus, Capra caucasica, Capra cylindricornis, Capra falconeri)	wild goat, tahr, tur, markhor (Capra caucasica, Capra cylindricornis, Capra falconeri, genus Hemitragus, Arabitragus, Ammotragus)
nçw	sheep-like animal	🐑 domestic sheep (Ovis aries)	wild sheep, mouflon, argali, urial, dall (genus Ovis except Ovis aries)	bharal, dwarf blue sheep, Nilgiri tahr (genus Nilgritragus, Pseudois)
nçl	unusual caprinoid animal	serow (genus Capricornis)	goral (genus Nemorhaedus)	mountain goat, chamois (genera Oreamnos, Rupicapra)
nçr	ovibovine	musk-ox (genus Ovibos)	takin (genus Budorcas except Budorcas taxicolor bedfordi)	golden takin (Budorcas taxicolor bedfordi)
nçř	antelope	antelope (genus Hippotragus)	gemsbok (genus Oryx)	addax (genus Addax)
nçf	alcelaphine antelope	hartebeest (genus Alcelaphus)	wildebeest (genus Connochaetes)	topi, bontebok, blesbok, tsessebe, korrigum, hirola (genera Damaliscus, Beatragus)
nçţ	antelope-like animal	impala (genus Aepyceros)	gazelle, springbok (genera Gazella, Eudorcas, Nanger, Procapra, Antidorcas)	dibatag, gerenuk, blackbuck (genera Litocranius, Antilope, Ammodorcas, Pantholops, Saiga)
nçv	dwarf antelope	dik-dik (genus Madoqua)	Bates’ pygmy antelope, suni, royal antelope (genera Neotragus, Nesotragus)	beira, klipspringer, oribi, steenbok, grysbok (genera Dorcatragus, Oreotragus, Ourebia, Raphicerus)
nçm	duiker	duiker (genus Cephalophus)	blue duiker, Maxwells’s duiker, Walter’s duiker (genus Philantomba)	common duiker (genus Sylvicapra)
nçn	reduncine antelope	reedbuck (genus Redunca, Pelea)	waterbuck (Kobus ellipsiprymnus)	kob, puku, lechwe (genus Kobus except Kobus ellipsiprymnus)
mv	cattle	🐮 cow/bull, cattle, auroch (genus Bos subgenus Bos)	gaur, gayal/mithun, banteng (genus Bos subgenus Bibos)	yak, kouprey (genus Bos subgenus Poephagus, Novibos)
mvy	bison	🦬 American plains bison (Bison bison bison)	American wood bison (Bison bison athabascae)	European bison/wisent (Bison bonasus)
mvw	water buffalo	🐃 Asian water buffalo (Bubalus bubalus, Bubalus arnee)	anoa, tamaraw (Bubalus depressicornis, Bubalus mindorensis, Bubalus quarlesi)	African water buffalo (genus Syncerus)
mvl	tragelaphine bovine	eland (genus Taurotragus)	kudu, nyala (genus Tragelaphus)	bongo, sitatunga, kéwel, imbabala/bushbuck (genus Tragelaphus)
mvr	giraffe/okapi/saola	🦒 giraffe (genus Giraffa)	okapi (genus Okapia)	saola (genus Pseudoryx)
mvm	bovine hybrid	dzo/yakow (Bos grunniens × Bos taurus)	beefalo/zubron (Bos taurus × Bison bison)	yakalo (Bos grunniens × Bison bison)
mvř	pronghorn/chevrotain/mouse-deer	pronghorn (genus Antilocapra)	chevrotain (genera Hyemoschus, Moschiola)	mouse-deer (genus Tragulus)
mvn	unusual bovine	nilgai (genus Boselaphus)	four-horned antelope/chousingha (genera Tetracerus)	bovine/ovid-like animal
lv	cervine	🦌 deer (genera Cervus, Rusa except Cervus canadensis)	American elk/wapiti (Cervus canadensis)	hog, fallow, or swamp deer, chital, thamin (genera Dama, Axis, Rucervus, Elaphurus)
lvw	large capreoline	🫎 moose/Eurasian elk (genus Alces)	reindeer/caribou (genus Rangifer)	marsh deer (genus Blastocerus)
lvy	small caperoline	brocket (genus Mazama)	taruca, huemul (genus Hippocamelus)	roe, pampas, white-tailed, or mule deer, pudu (genera Capreolus, Ozotoceros, Pudu, Odocoileus, Hydropotes, Pudella)
lvr	muntjac/tufted deer/musk deer	muntjac (genus Muntiacus)	tufted deer (genus Elaphodus)	musk deer (genus Moschus)
rh	black/grizzly/big brown bear	black bear (Ursus americanus)	🐻 grizzly bear (Ursus arctos horribilus)	big brown bear (Ursus arctos except Ursus arctos horribilus)
rhm	polar/sun/sloth bear	🐻‍❄️ polar bear (Ursus maritimus)	sun bear (Helarctos malayanus)	sloth bear (Melursus ursinus)
rhn	panda/spectacled bear	🐼 giant panda (Ailuropoda melanoleuca melanoleuca)	Qinling panda (Ailuropoda melanoleuca qinlingensis)	spectacled bear (genus Tremarctos)
čt	procyonine	🦝 raccoon (genus Procyon)	coati (genera Nasua, Nasuella)	ringtail cat, cacomistle (genus Bassariscus)
čtw	unusual procynoid	kinkajou (genus Potos)	olingo (genus Bassaricyon except Bassaricyon neblina)	olinguito (Bassaricyon neblina)
čty	mustelid	weasel/polecat/stoat/European mink (genus Mustela, Neogale except Mustela furo, Neogale vison)	ferret (Mustela furo)	American mink (Neogale vison)
čtl	gulonine	marten/sable/fisher (genera Martes, Pekania)	wolverine (genus Gulo)	tayra (genus Eira)
čtr	otter	🦦 sea otter (genus Enhydra)	river otter (genus Lontra)	unusual otter (genera Aonyx, Lutra, Hydrictis, Lutrogale, Pteronura)
čtř	badger	🦡 American badger (genus Taxidea)	European/Asian/Japanese badger (genus Meles)	hog badger (genus Arctonyx)
čtf	skunk	🦨 skunk (genera Mephitus, Spilogale)	hognose skunk (genus Conepatus)	stink badger (genus Mydaus)
čtç	ictonychinea	grison (genus Galactis)	striped polecast, marbled polecat (genera Ictonyx, Vormela)	Patagonian weasel, African striped weasel (genus Lyncodon, Poecilogale)
čth	unusual musteloid	red panda (genus Ailurus)	ferret-badger (genera Melogale)	honey badger (genus Mellivora)
px	suid (pig)	🐖 pig (Sus domesticus)	boar (Sus scrofa)	warty/bearded pig (genus Sus except Sus domesticus, Sus scrofa) ඞ
pxw	unusual suid	pygmy hog (genus Porcula)	bushpig, red river hog (genus Potamochoerus)	babirusa (genus Babyrousa)
pxl	suid-like animal	warthog (genus Phacochoerus)	giant forest hog (genus Hylochoerus)	peccary/javelina/skunk pig (genus Tayassu, Catagonus, Dicotyles)
vḑ	hippo	🦛 hippopotamus (genus Hippopotamus)	pigmy hippo (genus Choeropsis)	n/a
bž	cetacean	🐋 baleen whale (Mysticeti)	toothed whale (Odontoceti)	🐬 dolphin/porpoise/narwhal (Delphinida)
bžw	sperm whale	sperm whale (genus Physeter)	pygmy sperm whale (Kogia breviceps)	dwarf sperm whale (Kogia sima)
bžy	river dolphin	Asian river dolphin (genera Platanista, Lipotes)	South American river dolphin (genus Inia)	La Plata dolphin/franciscana (genus Pontoporia)
bžl	beaked whale	giant beaked whale (genus Berardius)	bottlenose whale (genus Hyperoodon)	small beaked whale (genera Indopacetus, Mesoplodon, Tasmacetus, Ziphius)
bžr	oceanic dolphin	dolphin (genera Delphinus, Tursiops, Lissodelphis, Sotalia, Sousa, Stenella, Cephalorhyncus, Grampus, Lagenodelphis, Lagenorhyncus, Steno)	killer whale (genus Orcinus)	pygmy killer whale, false killer whale (genera Feresa, Pseudorca)
bžř	unusual oceanic dolphin	pilot whale (genus Globicephala)	melon-headed whale (genus Peponocephala)	snubfin dolphin (genus Orcaella)
bžm	porpoise	porpoise (genus Phocoena)	finless porpoise (genus Neophocoena)	Dall's porpoise (genus Phocoenoides)
bžn	monodont delphinoid	beluga whale, white whale (genus Delphinapterus)	narwhal (genus Monodon)	n/a
ňļw	camel	🐪 dromedary camel (Camelis dromedarius)	🐫 domesticated bactrian camel (Camelus bactrianus)	wild bactrian camel (Camelus ferus)
ňļy	laminid	🦙 llama, guanaco (Lama glama, Lama guanicoe)	alpaca (Lama pacos)	vicuña (Lama vicugna)
pẓ	rhinoceros	🦏 Indian/Javan rhino (genus Rhinoceros)	Sumatran rhino (genus Dicerorhinus)	African white, black rhino (genera Ceratotherium, Diceros)
xj	tapir	Central American tapir (Tapirus bairdii)	South American tapir, mountain tapir (Tapirus terrestris, Tapirus pinchaque)	Asian tapir (Tapirus indicus)
xc	equine	🐎 horse (Equus ferus)	ass/donkey, kiang, onager (Equus africanus, Equus hemionus, Equus kiang)	🦓 zebra (Equus grevyi, Equus quagga, Equus zebra)
xcw	equine hybrid	mule (Equus africanus asinus♂ × Equus ferus caballus♀)	hinny (Equus ferus caballus♂ × Equus africanus asinus♀)	"zebroid (Equus ""zebra"" × Equus ""equine"")"
zb	viverrid	civet (Viverrinae, Hemigalinae)	bearcat (Paradoxurinae)	genet/oyan (Genettinae)
zby	hyaena	spotted hyaena (genus Crocuta)	striped hyaena, brown hyaena (genera Hyaena, Parahyaena)	aardwolf (genus Proteles)
zbw	mongoose	mongoose (Herpestinae)	mongoose, meerkat, kusimanse, dwarf mongoose (Mungotinae)	fossa, falanouc, vontsira, Malagasy mongoose, Malagasy civet (Eupleridae)
dx	hedgehog	🦔 common hedgehog (genus Erinaceus)	African hedgehog (genus Atelerix)	Asian hedgehog (genera Hemiechinus, Mesechinus, Paraechinus)
dxw	moonrat/gymnure	moonrat (genus Echinosorex)	gymnure (genera Hylomys, Neohylomys, Podogymnura)	shrew gymnure, shrew hedgehog (genus Neotetracus)
dxl	shrew	white-toothed, large-headed, armored/hero, or forest shrew (Crocidurinae)	African shrew (Myosoricinae)	red-toothed shrew (Soricinae)
dxr	mole/shrew-mole/desman/solenodon	mole, shrew-mole (Talpidae except genera Desmana, Galemys)	desman (genera Desmana, Galemys)	solenodon (genera Atopogale, Solenodon)
bz	rabbit/hare/pika	🐇 rabbit/bunny/coney (Leporidae except genus Lepus)	hare, jackrabbit (genus Lepus)	pika (genus Ochotona)
bzw	beaver	🦫 North American beaver (Castor canadensis)	Eurasian beaver (Castor fiber)	mountain beaver (genus Aplodontia)
bzy	chipmunk/marmot/prarie dog	🐿️ chipmunk (genera Tamias, Eutamias, Neotamias)	marmot (genus Marmota)	prarie dog (genus Cynomys)
bzl	squirrel	ground squirrel, Asian ornate squirrel, Oriental giant squirrel (Ratufinae, Callosciurinae, Xerinae except Marmotina, Tamiina)	tree squirrel, neotropical pygmy squirrel (Sciurini, Sciurillinae)	flying squirrel (Pteromyini)
bzr	vole/lemming/muskrat	vole, water vole, mole-vole, snow vole, tree vole, heather vole (Arvicolini, Ellobiusini, Myodini, Phenacomyini, Pliomyini, Prometheomyini)	lemming, steppe lemming, bog lemming, collared lemming (Lemmini, Lagurini, Dicrostonychini)	muskrat (genera Ondatra, Neofiber)
bzř	hamster	🐹 hamster (genera Cricetus, Allocricetulus, Cansumys, Tscherskia)	golden hamster (genus Mesocricetus)	dwarf hamster (genera Cricetulus, Nothocricetulus, Phodopus, Urocricetus)
bzm	rat	🐀 rat (Murinae, Lophiomyinae, Leimacomyinae)	cotton, rice, marsh, fish-eating, water, forest, swamp, bunny, cony, giant, vesper, or climbing rat, tapecua (Sigmodontinae, Tylomyini)	wood, isthmus, hamster, (giant) pouched, tufted-tail, short-tailed, brush-furred, or link rat, antsangy (Neotominae, Nyctomyini, Nesomyidae, Deomyinae)
bzn	mouse	🐁 mouse (Muridae)	South Americal water, bristly, spiny, cane, montaine, arboreal, climbing, Oldfield, grass, long-clawed, bolo, cerrado, chaco, vesper, big-eared, chincilla, gerbil, or leaf-eared mouse, brucie, hocidudo (Sigmodontinae)	pygmy, deer, harvest, grasshopper, pouched, climbing, African fat, big-footed, island, (pygmy) rock, brush-furred, or spiny mouse, voalavo (Neotominae, Nesomyidae, Deomyinae)
bzk	dormouse	dormouse (genera Glirulus, Glis)	African dormouse (genus Graphiurus)	Asian dormouse (genera Chaetocauda, Dryomys, Eliomys, Muscardinus, Myomimus, Selevinia)
bzkw	porcupine	Old World porcupine (genera Hystrix, Atherurus, Trychis)	North American porcupine (genus Erethizon)	South American prehensile-tailed porcupine, Brazilian bristle-spined porcupine (genera Coendou, Chaetomys)
bzky	gopher	western/Mexican pocket gopher (genera Cratogeomys, Pappogeomys, Thomomys, Zygogeomys)	eastern pocket gopher (genus Geomys)	giant pocket gopher, taltuza (genera Orthogeomys, Heterogeomys)
bzkl	heteromyid	spiny pocket mouse (genus Heteromys)	kangaroo rat, kangaroo mouse (genera Dipodomys, Microdipodops)	pocket mouse (genera Perognathus, Chaetodipus)
bzkr	dipodid	birch mouse (genus Sicista)	jumping mouse (genera Eozapus, Napaeozapus, Zapus)	jerboa (Dipodidae)
bzkř	platacanthomyid	spiny dormouse (genus Platacanthomys)	Chinese pygmy dormouse (genus Typhlomys)	n/a
bzkf	spalacid	zokor (genera Myospalax, Eospalax)	bamboo rat/root rat, African mole-rat (genera Rhizomys, Cannomys, Tachyoryctes)	blind mole-rat (genus Spalax, Nannospalax)
bzkç	unusual rodent	mouse-like hamster (genus Calmyscus)	springhare (genus Pedetes)	dassie rat (genus Petromus)
bzkţ	gerbil/jirds/tateril	gerbil, pygmy gerbil (genera Dipodillus, Pachyuromys, Desmodilliscus, Ammodillus, Gerbillus, Microdillus, Desmodillus, Gerbilliscus, Gerbillurus, Tatera)	jird, sand rat (genera Brachionis, Meriones, Psammomys, Rhombomys, Sekeetamys)	tateril (genus Taterillus)
bzkh	anomalurine scaly-tailed flying squirrel	scaly-tailed flying squirrel (genus Anomalurus)	long-eared flying mouse, pygmy scaly-tailed flying squirrel (genus Idiurus)	Cameroon scaly-tailed flying squirrel (genus Zenkerella)
bzkhw	niche African rodent	gundi (genera Ctenodactylus, Felovia, Massoutiera, Pectinator)	cane rat (genus Thryonomys)	blesmol/mole-rat (genera Georychus, Cryptomys, Fukomys, Heliophobius, Bathyergus, Heterocephalus)
bzd	chinchilla/viscacha/pacarana	chinchilla (genus Chinchilla)	viscacha (genera Lagidium, Lagostomus)	pacarana (genus Dinomys)
bzdl	agouti/acouchi/paca	agouti (genus Dasyprocta)	acouchi (genus Myoprocta)	paca (genus Cuniculus)
bzdr	guinea pig/cavy/capybara	guinea pig/cavy (genera Cavia, Galea, Microcavia)	Patagonian cavy/mara (genera Dolichotis, Pediolagus)	capybara, rock capy (genera Hydrochoerus, Kerodon)
bzdř	octodontid	Andean rock rat (genus Aconaemys)	degu (genera Octodon, Octodontomys)	viscacha rat (genera Octomys, Pipanacoctomys, Tympanoctomys)
bzdw	echimyid	spiny rat, spiny tree-rat, punaré, armored rat, guiara (Echimyidae except Capromyinae and Myocastorinae)	hutia (Capromyinae)	nutria/coypu (genus Myocastor)
bzdy	unusual South American rodent	tuco-tuco (genus Ctenomys)	chinchilla-rat (genera Abrocoma, Cuscomys)	coruro (genus Spalocopus)
bh	bat	microbat (Microchiroptera)	megabat/fruit-bat (Megachiroptera)	flying fox (genera Pteropus, Acerodon)
jňw	treeshrew	Indian treeshrew (genus Anathana)	Asian treeshrew (genus Dendrogale, Tupaia)	pen-tailed treeshrew (genus Ptilocercus)
lgw	ape	🐒 chimpanzee, bonobo (genus Pan)	🦍 gorilla (genus Gorilla)	🦧 orangutan (genus Pongo)
lgy	gibbon	dwarf gibbon, crested gibbon (genera Hylobates, Nomascus)	hoolock gibbon (genus Hoolock)	siamang (genus Symphalangus)
lgl	lemur	lemur, indri, sifaka, aye-aye (Lemuridae, Lepilemuridae, Indriidae, Daubentoniidae)	dwarf lemur, mouse lemur (Cheirogaleidae)	colugo/flying lemur (Cynocephalidae)
lgr	baboon/macaque/mangabey	baboon (genus Papio)	macaque (genus Macaca)	mangabey (genera Lophocebus, Cercocebus)
lgř	unusual baboon-like monkey	drill, mandrill (genus Mandrillus)	gelada (genus Theropithecus)	kipunji (genus Rungwecebus)
lgz	allouattine/aotid	howler monkey (genus Alouatta)	gray-necked night monkey/owl monkey/douroucoulis (Aotus var. lemurinus)	red-necked night monkey/owl monkey/douroucoulis (Aotus var. azarae)
lgzb	pitheciid	titi (genera Plecturocebus, Callicebus, Cheracebus)	uakari (genus Cacajao)	saki, bearded saki (genera Pithecia, Chiropotes)
lgzv	ateline	spider monkey (genus Ateles)	muriqui/woolly spider monkey (genus Brachyteles)	woolly monkey (genus Laothrix)
lgzw	colobus	black-and-white colobus (genus Colobus)	red colubus (genus Piliocolobus)	olive colobus (genus Procolobus)
lgzy	langur/lutung/surilli	lutung/langur/leaf monkey, pig-tailed langur (genera Trachypithecus, Simias)	gray langur (genus Semnopithecus)	surilli (genus Presbytis)
lgzl	odd-nosed monkey	douc (genus Pygathrix)	snub-nosed monkey (genus Rhinopithecus)	proboscis monkey (genus Nasalis)
lgzr	capuchin/squirrel monkey	gracile capuchin monkey (genus Cebus)	robust capuhin monkey (genus Sapajus)	squirrel monkey (genus Saimiri)
lgzř	cercopithecine	guenon, mona monkey (genus Cercopithecus, Allochrocebus)	talapoin (genus Miopithecus)	grivet, vervet, malbrouck, swamp monkey, patas monkey (genera Chlorocebus, Allenopithecus, Erythrocebus)
lgzm	loris/potto/angwantibo	loris (genera Loris, Nycticebus, Xanthonycticebus)	potto, false potto (genera Perodicticus, Pseudopotto)	angwantibo (genus Arctocebus)
lgzn	galago/bushbaby	galago/bushbaby (genera Galago, Galagoides, Paragalago)	needle-clawed bushbaby (genus Euoticus)	greater galago, thick-tailed bushbaby, squirrel galago (genera Otolemur, Sciurocheirus)
lgzg	tarsier	Southeast Asian tarsier (genus Tarsius)	western tarsier (genus Cephalopachus)	Philippine tarsier (genus Carlito)
lgzd	marmoset/tamarin	marmoset (genera Cebuella, Mico, Callithrix, Callimico)	tamarin (genus Saguinus, Leontocebus)	lion tamarin (genus Leontopithecus)
vxl	"phocid (""earless""/""true"") seal"	Arctic/Northern seal (Phocinae)	Antarctic seal (Miroungini, Lobodontini)	monk seal (Monachini)
vxr	"otariid (""eared"") seal"	fur seal (genera Arctocephalus, Callorhinus)	sea lion (genera Neophoca, Phocarctos, Zalophus, Otaria, Eumetopias)	walrus (genus Odobenus)
zḑw	pangolin/scaly anteater	Asian scaly anteater (genus Manis)	African tree pangolin and long-tailed pangolin (genus Phataginus)	African giant pangolin and ground pangolin (genus Smutsia)
zkţ	elephant shrew/sengi	elephant shrew (genus Elephantulus, Galegeeska)	sengi (genera Macroscelides, Petrodomus, Petrosaltator)	checkered elephant shrew/giant sengi (genus Rhynchocyon)
zkţw	tenrec	common tenrec (genus Tenrec)	shrew tenrec (genera Microgale, Nesogale)	large-eared tenrec, hedgehog tenrec, streaked tenrec, rice tenrec (genera Geogale, Setifer, Hemicentetes, Echinops, Oryzorictes)
zkţy	african insectivore	aardvark (genus Orycteropus)	otter shrew (genera Potamogale, Micropotamogale)	golden mole (Chrysochloridae)
gm	elephant/mammoth	African elephant (genus Loxodonta)	🐘 Asian elephant (genus Elephas)	🦣 mammoth (genus Mammuthus)
gmw	hyrax	rock hyrax (genus Procavia)	bush hyrax (genus heterohyrax)	tree hyrax (genus Dendrohyrax)
gmy	manatee/dugong	manatee/sea cos (genus Trichechus)	dugong (genus Dugong)	Steller's sea cow (genus Hydrodamalis)
vcw	armadillo	naked-tailed armadillo, giant armadillo, three-banded armadillo, long-nosed armadillo (genera Cabassous, Priodontes, Tolypeutes, Dasypus)	hairy armadillo, six-banded armadillo, pichi (genera Eupractus, Zaedyus, Chaetophractus)	fairy armadillo (genera Calyptophractus, Chlamyphorus)
ňdw	New World anteater	giant anteater (genus Myrmecophaga)	silky anteater (genus Cyclopes)	tamandua (genus Tamandua)
ňdy	sloth	three-toed sloth (genus Bradypus)	Linnaeus' two-toed sloth/unau (Choloepus didactylus)	Hoffmann's two-toed sloth (Choloepus hoffmanni)
mztļ	opossum	opossum (Didelphidae)	shrew opossum/rat opossum (Caenolestidae)	colocolo opossum/monito del monte (genus Dromiciops)
rdk	daysurine marsupial 1	quoll (genus Dasyurus)	dasyure (genus Myoictis)	speckled dasyure (genus Neophascogale)
rdkw	daysurine marsupial 2	mulgara (genus Dasycercus)	kaluta (genus Dasykaluta)	kowari (genus Dasyuroides)
rdky	daysurine marsupial 3	false antechinus (genus Pseudantechinus)	marsupial shrew (genus Phascolosorex)	dibbler (genus Parantechinus)
rdkl	phascogaline marsupial	antechinus (genus Antechinus)	wambenger (genus Phascogale)	Habbema, black-tailed, short-furred, broad-striped, or long-nosed dasyure (genera Murexia)
rdkr	sminthopsine marsupial	dunnart (genus Sminthopis)	planigale (genus Planigale)	kultarr, ningaui (genera Antechinomys, Ningaui)
rdkř	dasyuromorph	Tasmanian devil (genus Sarcophilus)	numbat (genus Myrmecobius)	thylacine, Tasmanian tiger (genus Thylacinus)
rdkf	phalangeriform possum	cuscus (Phalageridae)	brushtail possum, scaly-tailed possum (Trichosurinae; genera Trichosurus, Wyulda)	pygmy possum (Burramyidae; genera Burramys, Cercartetus)
rdkţ	petauroid possum	ring-tailed possum (Pseudocheiridae)	triok, glider (Petauridae)	honey possum, feathertail glider, feather-tailed possum (Tarsipedidae, Acrobatidae)
kţxw	peramelemorph/notoryctemorph	bandicoot (Peramelinae)	bilby (genus Macrotis)	marsupial mole (genus Notoryctes)
ljxw	wombat/koala	wombat (genus Vombatus)	hairy-nosed wombat (genus Lasiorhinus)	🐨 koala (genus Phascolarctos)
lmkw	kangaroo/wallaroo/wallaby	🦘 kangaroo (genera Macropus, Osphranter)	wallaroo (genus Osphranter)	wallaby (genus Notamacropus, Onychogalea, Wallabia)
lmky	potoroiform	rat-kangaroo, musky rat-kangaroo (genera Aepyprymnus, Hypsiprymnodon)	bettong (genus Bettongia)	potoroo (genus Potorous)
lmkl	macropodid	tree-kangaroo, dingiso, tenkile (genus Dendrolagus)	dorcopsis, hare-wallaby (genera Dorcopsis, Dorcopsulus, Lagorchestes)	banded hare-wallaby/mernine/munning (genus Lagostrophus)
lmkr	macropodine	rock-wallaby, monjon, nabarlek (genus Petrogale)	quokka (genus Setonix)	pademelon (genus Thylogale)
lcx	monotreme	platypus (genus Ornithorhyncus)	short-beaked echidna (genus Tachyglossus)	long-beaked echidna (genus Zaglossus)
zzč	turtle/tortoise	snake-necked, side-necked, twist-necked, swamp, snapping, big-headed, or helmeted turtle (Pleurodira turtles)	pond, box, water, river, leaf, roofed, mud, sea, leatherback, softshell, or pignose turtle (Polycryptodira turtles)	tortoise (Testudinidae)
zzw	pleurodontine lizard	iguana, chuckwalla (Iguanidae, Liolaemidae, Oplurinae)	collared, leopard, wood, clubtail, earless, spiny, tree, side-blotched, or horned lizard (Crotaphytinae, Hoplocercinae, Phrynosomatinae, Polychrotinae, Leiosauridae)	neotropical ground lizard, lava lizard, Pacific iguana, whorltail iguana, thornytail iguana (Tropiduridae)
zzy	distinctive pleurodontine lizard	basilisk, helmeted iguana, casquehead iguana (genera Basiliscus, Corytophanes, Laemanctus)	anole (Dactyloidae, Polychrotidae)	curly tailed lizard (genus Leiocephalus)
zzl	agamide lizard	frilled lizard, agama, mastigure, dabb lizard (Agamidae, Uromasticinae)	dragon lizard, fan-throated lizard, lyreshead lizard, gliding lizard, sailfin lizard (Amphibolurinae, Draconinae, and Hydrosaurinae)	butterfly lizard (Leiolepidinae)
zzr	other iguana-like animal	chameleon (Chamaeleonidae)	tuatara (genus Sphenodon)	n/a
zzř	paleoanguimorph	monitor lizard (genera Veranus, Lanthanotus except V. veranus komodoensis)	komodo dragon (Veranus veranus komodoensis)	Chinese crocodile lizard (genus Shinisaurus)
zzm	non-anguioid neoanguimorph	beaded lizard (genus Heloderma except H. suspectum)	gila monster (Heloderma suspectum)	knob-scaled lizard (genus Xenosaurus)
zzn	anguioid	galliwasp (genera Celestus, Diploglossus)	slowworm, glass lizard, scheltopusik, American legless lizard (Anguinae, Anniellidae)	alligator lizard (genera Gerrhonotus, Abronia, Elgaria)
zzf	teiform lizard	jungle-runner, whiptail lizard, desert tegu (Teiinae)	false monitor, Caiman lizard, tegu (Tupinambinae)	spectacled lizard, microteiid (Gymnophthalmidae)
zzv	laceretibaenian lizard	wall lizard, true lizard, lacerta (Lacertidae)	worm lizard (Amphisbaenia)	Mexican mole lizard (genus Bipes)
zzň	scinciform lizard	skink (Scincidae)	plated lizard, girdled lizard/spinytail lizard (Gerrhosauridae, Cordylidae)	night lizard (genera Cricosaura, Lepidophyma, Xantusia)
zzh	gecko (and close relatives)	gecko (Carphodactylidae)	legless lizard, snake-lizard, flap-footed lizard (Pygopodidae)	blind skink (genera Dibamus, Anelytropsis)
zzg	python-like snake	python (Pythonidae)	sunbeam snake (genus Xenopeltis)	Mexican python (genus Loxocemus)
zzb	boa-like snake	boa, anaconda (Boidae)	spinejaw snake (genus Xenophidion)	splitjaw snake (genera Bolyeria, Casarea)
zzd	viper	viper, asp (Viperinae)	pit viper, lancehead, rattlesnake, moccasin, bushmaster, temple viper (Crotalinae)	Fea's viper (genus Azemiops)
zzt	lesser-known proteroglyph snake	Indo-Australian water snake, mudsnake, bockadam (Homalopsidae)	colubrid snake (Colubridae)	lamprophiid snake (Lamprophiidae)
zzp	rare caenophid snake	wart snake/file snake/elephant trunk snake/dogface snake (genus Acrochordus)	xenodermid snake (Xenodermidae)	pareid snake (Pareidae)
zzḑ	non-caenophid and non-constricting booide snake	blind snake, thread snake, dawn blind snake (Scolecophid, Anomelapididae)	pipe snake (Cylindrophiidae, Anomochiidae, Aniliidae)	shield-tailed snake (Uropeltidae)
zzk	elapid snake 1	cobra (genera Naja, Pseudohaje, Walterinnesia, Boulengerina, Aspidelaps)	king cobra (genus Ophiophagus)	ring-necked spitting cobra/rinkhal (genus Hemachatus)
zzkw	elapid snake 2	mamba (genus Dendroaspis)	krait (genus Bungarus)	African garter snake/venemous garter snake (genus Elapsoidea)
zzky	elapid snake 3	Old World coral snake (genera Calliophis, Hemibungaris, Sinomicrurus)	New World coral snake (genera Leptomicrurus, Micruroides, Micrurus)	Soloman coral snake, Australian coral snake (genera Salomonelaps, Simoselaps)
zzkl	elapid snake 4	sea krait (genus Laticauda)	tiger snake (genus Notechis)	burrowing snake (genus Antaioserpens)
zzkr	elapid snake 5	mudsnake (genera Ephalophis, Hydrelaps)	sea snake (genus Hydrophis)	other sea snake (genera Acalyptophis, Aipysurus, Astrotia, Emydocephalus, Enhydrina, Kerilia, Kolpophis, Lapemis, Parahydrophis, Pelamis, Praescutata, Rhinoplocephalus, Thalassophis)
zzkř	elapid snake 6	taipan (genus Oxyuranus)	Fiji snake/bolo snake/bola (genus Ogmodon)	black snake/king brown snake (genus Pseudechis)
zzkf	elapid snake 7	death adder (genus Acanthophis)	collared adder (genus Aspidomorphus)	copperhead (genus Austrelaps)
zzkţ	elapid snake 8	rainforest crowned snake (genus Cacophis)	shovel-nosed snake (genus Brachyurophis)	whipsnake (genus Demansia)
zzkç	elapid snake 9	bardick (genus Echiopsis)	grass snake (genera Drysdalia, Elapognathus)	ornamental snake (genus Denisonia)
zzks	elapid snake 10	harlequin snake (genus Homoroselaps)	New Guinea forest snake (genus Toxicocalamus)	Hediger's snake (genus Parapistocalamus)
zzkš	elapid snake 11	swamp snake, broad-headed snake, pale-headed snake, Lake Cronin snake, dugite, brown snake, rough-scaled snake, bandy-bandy/hoop snake (genera Hemiaspis, Hoplocephalus, Paroplocephalus, Pseudonaja, Tropidechis, Vermicella)	hooded snake, monk snake, black-backed snake, curl snake, myall snake, spotted snake, copper snake, short-tailed snake, whip snake, Dwyer’s snake, Rosens’s snake (genus Suta)	small-eyed snake (genera Loveridgelaps, Microphechis)
gzw	crocodilian	crocodile (genera Crocodylus, Osteolaemus, Mecistops)	alligator, caiman (genera Alligator, Caiman, Paleosuchus)	gharial (genera Gavialis, Tomistoma)
gzy	sauropsid	dinosaur, pterosaur, aphanosaur (Avemetarsalia except birds)	extinct non-dinsosaurian reptile (Eureptilia except Avemetarsalia)	parareptile (extinct non-reptilian sauropsids)
nxl	frog/toad	frog (Neobatrachia, Mesobatrachia except Bufonidae)	toad (Bufonidae)	small primitive frog/toad (Archaeobatrachia)
nxr	salamander/newt/siren	salamander, mudpuppy/olm (Salamandrinae, Cryptobranchidae, Hynobiidae)	newt (Pleurodelinae)	siren, dwarf siren (genera Siren, Pseudobranchus)
nsd	paleognath 1	ostrich (genus Struthio)	rhea (genus Rhea)	emu (genus Dromaius)
nsdw	paleognath 2	cassowary (genus Casuarius)	kiwi (genus Apteryx)	tinamou (genus Tinamus)
nsdy	megapodiid (brushturkey/scrubfowl)	brushturkey (genera Talegalla, Alectura, Aepypodius)	malleefowl (genus Leipoa)	scrubfowl, maleo, megapode (genera Macrocephalon, Eulipoa, Megapodius)
nsdl	cracid (guan/curassow)	guan, chachalaca (Cracidae)	horned guan (genus Oreophasis)	curassow (Cracinae)
nsdr	odontophorid/numidid (New World quail/guineafowl)	New World quail (Odontophorinae)	stone partridge, Nahan’s partridge (genus Ptilopachus)	guineafowl (Numididae)
nsp	chicken/turkey	🐔 chicken (G.g. domesticus)	junglefowl (genus Gallus)	🦃 turkey, wild turkey, ocellated turkey (genus Meleagris)
nspw	tetraogalline (partridge/quail)	quail (genera Coturnix, Anurophasis, Synoicus, Excalfactoria, Ophrysia, Perdicula)	(Old World) partridge (genera Ammoperdix, Margaroperdix, Alectoris)	snowcock (genus Tetraogallus)
nspy	partridge-like bird	Asiatic/jungle/wood partridge (Rollulinae)	francolin, spurfowl (genera Pternistis, Dendroperdix, Francolinus, Galloperdix, Peliperdix, Scleroptila)	partridge, monal-partridge (genera Arborophila, Bambusicola, Haematortyx, Lerwa, Perdix, Tetraophasis, Tropicoperdix)
nspl	phasianine (pheasant) 1	pheasant (genus Phasianus)	horned pheasant (genus Tragopan)	blood pheasant (genus Ithaginis)
nspr	phasianine (pheasant) 2	peafowl/peacock/peahen (genera Pavo, Afropavo)	peacock-pheasant (genus Polyplectron)	long-tailed pheasant (genus Syrmaticus)
nspř	phasianine (pheasant) 3	great argus (genus Argusianus)	crested argus (genus Rheinardia)	cheer/Wallich’s pheasant (genus Catreus)
nspf	phasianine (pheasant) 4	ruffed pheasant, golden pheasant (genus Chrysolophus)	eared pheasant (genus Crossoptilon)	monal (genus Lophophorus)
nspv	phasianine (pheasant) 5	gallopheasant, fireback (genus Lophura)	koklass (genus Pucrasia)	n/a
nspç	tetraonine (grouse)	grouse, capercaillie (genera Falcipennis, Dendragapus, Tetrao, Tetrastes, Bonasa, Centrocercus)	ptarmigan (genus Lagopus)	prairie grouse, prairie chicken (genus Tympanuchus)
nsg	duck 1	🦆 dabbling duck, mallard, teal, shoveler, pintail, widgeon, gadwall, Asian/Madagascar/East African/Pacific duck (Anatinae)	seaduck, merganser, smew, eider, scoter, goldeneye, bufflehead, long-tailed duck, harlequin duck (Mergininae)	black-headed duck, masked duck, stiff-tailed duck (genera Heteronetta, Nomonyx, Oxyura)
nsgw	duck 2	whistling duck, white-backed duck (genera Dendrocygna, Thalassornis)	freckled duck (genus Stictonetta)	steamer duck (genus Tachyeres)
nsgl	tadornine (shelduck/sheldgoose)	blue, torrent, pink-eared, Mandarin, wood, Muscovy, maned, or knob-billed duck, shelduck, ringed teal, Salvadorini’s teal (genera Tadorna, Radjah, Hymenolaimus, Merganetta, Malacorhynchus, Aix, Carina, callonetta, Chenonetta, Salvadorina, Sarkidiornis)	Egyptian, Orinoco, Andean, blue-winged, or spur-winged goose, sheldgoose (genera Alopochen, Neochen, Chloephaga, Cyanochen, Plectropterus)	diving duck, pochard, scaup, canvasback, marbled teal (genera Aythya, Netta, Marmaronetta)
nsgy	goose	🪿 goose (genus Anser)	black, Canada, barnacle, or cackling goose, nene, brant (genus Branta)	Cape Barren goose (genus Cereopsis)
nsgr	swan	🦢 swan (genus Cygnus)	black-and-yellow-billed swan (genus Olor)	coscoroba swan (genus Coscoroba)
nsgř	anseriform	screamer (genera Anhima, Chauna)	magpie goose (genus Anseranas)	pygmy goose (genus Nettapus)
nsb	dove	🕊️ dove (Turturini, Claravinae, Phabini)	quail-dove, zenaida dove (Zenaidini)	cuckoo-dove (genera Reinwardtoena, Turacoena, Macropygia)
nsbw	pigeon	pigeon (Raphini, Treronini, Ptilinopini)	American pigeon (genus Patagioenas)	phabine pigeon (genera Ocyphaps, Petrophassa, Leucosarcia)
nsby	unusual columbiform bird	mesite (genera Monias, Mesitornis)	sandgrouse (Pteroclidae)	🦤 dodo (genus Rhaphus)
nsbl	gruiform	crane (genera Grus, Belearica)	limpkin/carrao/courlan/crying bird (genus Aramus)	trumpeter (genus Psophia)
nsbr	rallid (rail) 1	rail, weka (genera Rallus, Lewinia, Gallirallus, Rallicula, Dryolimnas, Gymnocrex, Hypotaenidia, Pardirallus, Aramides, Himantornis, Megacrex, Coturnicops)	crake, sora, bush-hen, watercock (genus Crex, Anurolimnas, Mustelirallus, Amaurolimnas, Porzana, Aenigmatolimnus, Amaurornis, Gallicrex, Rallina, Myrcropygia, Laterallus, Mundia, Hapalocrex)	moorhen, marsh hen, gallinule, nativehen, waterhen/swamp chicken (genera Gallinula, Paragallinula, Porphyrio, Tribonyx)
nsbř	rallid (rail) 2	grey-throated rail (genus Canirallus)	flufftail (genus Sarothrura)	Rouget’s rail (genus Rougetius)
nsbv	heliornithid (finfoot)	masked/Asian finfoot (genus Heliopais)	African finfoot (genus Podica)	sungrebe (genus Heliornis)
ňsbv	otidimorph (cuckoo/bustard)	cuckoo, koel, malkoha, coua, yellowbill, roadrunner, coucal, ani (Cuculidae)	turaco, go-away-bird, plantain-eater (Musophagidae)	bustard, florican, korhaan (Otididae)
ňsdv	caprimulgiform (nightjar/nighthawk) 1	nightjar, poorwill, whip-poor-will, pauraque (Caprimulginae, Eurostopodinae)	nighthawk (genera Nyctiprogne, Chordeiles, Lurocalis)	owlet-nightjar (genus Aegotheles)
ňsgv	caprimulgiform (nightjar/nighthawk) 2	frogmouth (genera Podgarus, Batrachostomus, Rigidipenna)	potoo (genus Nyctibius)	oilbird (genus Steatornis)
nsgv	apodid (swift/treeswift)	swift, palm swift, swallow-tail swift, swiftlet (Cypseloidini, Apodini, Collocalliini)	needletail, spinetail, spine-tailed swift (Chaeturini)	treeswift/crested swift (genus Hemiprocne)
nsdv	trochilid (hummingbird)	hummingbird (Trochilinae)	hermit, sicklebill, barbthroat (Phaethornithinae)	n/a
nšt	charadriiform 1	plover (genera Pluvialis, Pluvianus, Charadrius, Thinornis, Phegornis)	ibisbill (genus Ibidorhyncha)	dotterel, wrybill, lapwing (genera Orepholus, Eurodromias, Peltohyas, Erythrogonus, Anarhynchus, Vanellus)
nštw	charadriiform 2	oystercatcher (genus Haematopus)	avocet (genus Recurvirostra)	stilt (genera Cladorhynchus, Himantopus)
nšty	chionidiform	stone-curlew, thick-knee (genera Burhinus, Esacus)	sheathbill/paddy (genus Chionis)	Magellanic plover (genus Pluvianellus)
nštç	jacanid	jacana (genus Actophilornis, Hydrophasianus, Jacana, Metopidius, Microparra)	lotusbird/lilytrotter/comb-crested jacana (genus Irediparra)	n/a
nštf	thinocoroid	painted-snipe (genera Rostratula, Nycticryphes)	seedsnipe (genera Attagis, Thinocorus)	plains-wanderer (genus Pedionomus)
nštl	scolopacids (sandpiper) 1	sandpiper, stint/peep, knot, sanderling, dunlin, ruff, surfbird (genera Calidris, Bartramia, Actitis, Xenus, Prosobonia)	curlew, whimbrel (genus Numenius)	godwit (genus Limosa)
nštr	scolopacids (sandpiper) 2	turnstone (genus Arenaria)	phalarope (genus Phalaropus)	tattler, yellowlegs, shank (genus Tringa)
nštř	scolopacine (snipe)	snipe, jacksnipe (genera Gallinago, Coenocorypha, Lymnocryptes)	dowitcher (genus Limnodromus)	woodcock (genus Scolopax)
nštv	turnicid/glareoloid	buttonquail, quail-plover (genera Turnix, Ortyxelos)	crab-plover (genus Dromas)	pratincole, courser (genera Glareola, Stiltia, Rhinoptilus, Cursorius)
nštm	alcoid (skua/puffin/auklet)	skua, jaeger (genus Stercorarius)	puffin, rhinoceros puffin (genera Fratercula, Cerorhinca)	auklet (genera Aethia, Ptychoramphus)
nštn	alcine (murre/guillemot/auk)	murrelet (genera Brachyramphus, Synthliboramphus)	guillemot, murre/turr (genera Cepphus, Uria)	dovekie/little auk, razorbill/lesser auk (genera Alle, Alca)
nsdř	laroid (gull/tern/noddy/skimmer)	gull/seagull, kittiwake (Larinae)	tern (Sterninae, Gyginae)	noddy, skimmer (genera Anous, Rynchops)
nšk	miradornithid/pedionomid	🦩 flamingo (Phoenicopteridae)	grebe (Podicipedidae)	n/a
nškw	eurypygimorph	tropicbird (genus Phaethon)	sunbittern (genus Eurypyga)	kagu (genus Rhynochetos)
nšky	procellariform (tubenose)	loon/diver (genus Gavia)	albatross, mollymawk (Diomedeidae)	storm petrel (Hydrobatidae, Oceanitidae)
nškl	procellariid (petrel/prion/shearwater)	petrel, fulmar (genera Macronectes, Fulmarus, thalassoica, Daption, Pagodroma, Pterodroma)	prion (genera Pachyptila, Halobaena)	shearwater (genera Calonectris, Puffinus, Ardenna, Bulweria, Pseudobulweria, Lugensa, Procellaria)
nškr	spheniscid (penguin)	🐧 king penguin, emperor penguin (genus Aptenodytes)	crested, rockhopper, macaroni, royal, or fiordland penguin (genus Eudyptes)	Megellanic, Humboldt, Galápagos, African, banded, fairy, gentoo, Adélie, chinstrap, rump-legged/brush-tailed, yellow-eyed, or little penguin (genera Spheniscus, Pygoscelis, Megadyptes, Eudyptula)
nškř	ciconiid (stork)	stork, adjutant (genera Mycteria, Ciconia, Ephippiorhynchus, Leptoptilos)	openbill (genus Anastomus)	jabiru (genus Jabiru)
nškm	suliform (booby/gannet/frigatebird) 1	booby (genera Sula, Papasula)	gannet (genus Morus)	frigatebird (genus Fregata)
nškn	suliform (cormorant/darter) 2	cormorant, shag (genera Phalacrocorax, Microcarbo)	blue-eyed shag (genus Leucocarbo)	darter, snakebird, water turkey (genus Anhinga)
nškç	pelecaniform	pelican (genus Pelecanus)	hamerkop (genus Scopus)	shoebill/whalehead (genus Balaeniceps)
nškf	ardeid (heron/egret/bittern)	heron (Ardeinae, Tigriornithinae)	egret, cattle egret (genera Egretta, Bubulcus)	bittern (Botaurinae)
nškţ	threskornithid (ibis/spoonbill)	ibis (Threskornithinae)	spoonbill (genus Platalea)	n/a
ňsd	vulture/condor	New World vulture (genera Cathartes, Coragyps, Sarcoramphus)	condor (genera Gymnogyps, Vultur)	Old World vulture (Aegypiinae, Gypaetinae)
ňsdw	accipitriform/opisthocomid	osprey (genus Pandion)	secretarybird (genus Sagittarius)	hoatzin (genus Opisthocomus)
ňsdy	accipitriid 1	🦅 eagle, hawk-eagle (Aquilinae)	sea eagle, ern, fish eagle, bald eagle (genus Haliaeetus)	snake-eagle, serpent-eagle, bateleur (Circaetinae)
ňsdl	accipitriid 2	kite (Milvinae, Elaninae)	honey buzzard, kite (Perninae)	harpy eagle, crested eagle (genera Harpia, Morphnus, Harpyopsis)
ňsdr	accipitriid 3	hawk, buzzard, buzzard-eagle (Buteoninae)	hawk, goshawk, sparrowhawk (Acciptrinae, Melieraxinae)	harrier, harrier-hawk (genera Circus, Polyboroides)
mskw	owl	owl, including screech, eared, horned, or eagle-owl (Strigidae)	barn owl, grass owl, masked owl (genus Tyto)	bay owl (genus Phodilus)
msky	coraciimorph	mousebird (genera Colius, Urocolius)	cuckoo roller/courol (genus Leptosomus)	trogon, quetzal (Trogonidae)
mskl	bucerotiform	hornbill, ground hornbill (Bucerotidae, Bucorvidae)	hoopoe, wood hoopoe (genera Phoenuculus, Upupa)	scimitarbill (genus Rhinopomastus)
ňsp	picid (woodpecker)	woodpecker (Picinae)	piculet (genera Picumnus, Sasia, Nesoctites)	wryneck (genus Jynx)
ňspw	piciform 1	honeyguide, honeybird (Indicatoridae)	barbet, toucan-barbet (Megalaimidae, Lybiidae, Captonidae, Semnornithidae)	toucan, toucanet, araçari (Ramphastidae)
ňspy	piciform 2	jacamar (Galbulidae)	puffbird (genera Notharchus, Bucco, Nystalus, Hypnelus, Malacoptila, Chelidoptera)	nunbird, nunlet, monklet (genera Monasa, Hapaloptila, Nonnula, Micromonacha)
ňspl	coraciiform 1	roller, dollarbird (genera Coracias, Eurystomus)	ground roller (Brachypteraciidae)	bee-eater (genera Merops, Meropogon, Nyctyornis)
ňspr	coraciiform 2	kingfisher, kookaburra (Alcedinidae)	tody (genus Todus)	motmot (Momotidae)
ňspř	falconiform/cariamiform	falcon, falconet, kestrel, hobby, gyrfalcon (Falconinae)	caracara (Polyborinae)	seriema (genera Cariama, Chunga)
ňspf	psittacoid (parrot)	🦜 parrot, parakeet, macaw, amazon, rosella, bluebonnet, racket-tail (Psittacoidae)	lory, lorikeet (Loriinae)	budgerigar/budgie (genus Melopsittacus)
ňspv	cacatuid (cockatoo)	cockatoo, corella, galah (Cacatuinae)	black cockatoo (genus Calyptorhynchus)	cockatiel/weiro/quarrion (genus Nymphicus)
ňspç	strigopoid (New Zealand parrot)	kaka (genus Nestor)	kea (Nestor notabilis)	kakapo (genus Strigops)
ňsgw	sapayoid/acanthisittid bird	sapayoa (genus Sapayoa)	rifleman (genus Acanthisitta)	New Zealand rock wren (genus Xenicus)
ňsgy	eurylaimoid bird	broadbill (Eurylaimidae, Calyptomenidae)	pitta (genera Pitta, Hydrornis, Erythropitta)	asity, sunbird-asity (genera Philepitta, Neodrepanis)
ňsgl	tyrannioid bird 1	manakin, tyrant-manakin, piprites (Pipridae)	cotinga, plantcutter, berryeater, fruiteater, cock-of-the-rock, bellbird, piha, fruitcrow, capuchinbird, umbrellabird (Cotingidae)	sharpbill, flycatcher, mylobius, tityra, schiffornis, mourner, purpletuft, laniisoma, xenopsaris, becard (Tityridae)
ňsgr	tyrannioid bird 2	flycatcher, tyrant, tyrannulet, kiskadee (Tyrannidae)	spadebill (genus Platyrinchus)	flatbill (genera Rhynchocyclus, Tolmomyias, Ramphotrigon)
ňsbw	formicaroid bird 1	crescentchest (genus Malanopareia)	antbird, antshrike, antwren, antvireo (Thamnophilidae)	gnateater, antpitta (genera Conopophaga, Pittasoma)
ňsby	formicaroid bird 2	antpitta (Grallariidae)	tapaculo, huet-huet, turca, gallito, bamboowren, bristlefront (Rhynocryptidae)	antthrush (genera Formicarius, Chamaeza)
ňsbl	furnariid (neotropical ovenbird) 1	neotropical ovenbird, hornero, reedhaunter, rushbird, streamcreeper, earthcreeper, barbtail, tuftedcheeks (Furnariini)	treerunner, xenops, earthcreeper, palmcreeper (Pygarrhichnini plus Xenops and Berlepschia)	foliage-gleaner, hookbill, treehunter, great xenops (Philydorini)
ňsbr	furnariid (neotropical ovenbird) 2	spintail, treerunner, rayadito, wiretail, tit-spinetail, thornbird, firweoodgatherer, brushrunner, cacholote, false canastero, wren-spinetail, prickletail, plushcrown, graveteiro, softtail, barbtail, reedhaunter (Synallaxini)	leaftosser, miner (genera Sclerurus, Geositta)	woodcreeper (Dendrocolaptines)
ňst	menuroid bird	lyrebird (genus Menura)	scrubbird (genus Atrichornis)	n/a
ňstw	climacterioid bird	bowerbird (genera Archboldia, Amblyomis, Prionodura, Sericulus, Ptilonorhynchus, Chlamydera)	catbird (genera Ailuroedus, Scenopoeetes)	Australian treecreeper (genera Climacteris, Cormobates)
ňsty	malurid (Australian wren)	fairywren (Malurini)	emu-wren (genus Stipiturus)	grasswren (genus Amytornis)
ňstl	acanthizid (Australian warbler) 1	scrubwren (genera Sericornis, Aethomyias, Neosericornis)	fernwren (genus Orescopus)	fieldwren, heathwren (genera Hylacola, Calamanthus)
ňstr	acanthizid (Australian warbler) 2	thornbill (genus Acanthiza)	whiteface (genus Aphelocephala)	goldenface (genus Pachycare)
ňstř	acanthizid (australian warbler) 3	gerygone (genus Gerygone)	scrubtit (genus Acanthornis)	weebill (genus Smicornis)
ňstç	acanthizid (australian warbler) 4	pilotbird (genus Pyncoptilus)	redthroat, speckled warbler (genus Pyrrholaemus)	rockwarbler, mouse-warbler (genus Origma)
ňstm	meliphagoid bird	bristlebird (genus Dasyornis)	pardalote/peep-wren (genus Pardalotes)	honeyeater, myzomela, chat, friarbird, kikau, straightbill, wattlebird, melidectes, myza (Meliphagidae)
ňstn	orthoychoid bird	logrunner (genus Orthonyx)	chowchilla (Orthonyx spaldingii)	Australasian babbler/pseudo-babbler (genus Pomatostomus)
ňstf	corviform bird	quail-thrush, jewel-babbler (Cinclosomatidae)	cuckooshrike, triller, minivet (Campephagidae)	sitella (Neosittidae)
ňstv	mohouid	whitehead (Mohoua albicilla)	pipipi/brown creeper (Mohoua novaeseelandiae)	yellowhead (Mohoua ochrocephala)
ňsk	oriolid	oriole (genus Oriolus)	figbird (genus Sphecotheres)	pitohui (genus Pitohui)
ňskw	orioloid bird 1	whistler, strike-thrush (Pachycephalidae)	Australo-Papuan bellbird (Oreocidae)	crested shriketit (genus Falcunculus)
ňsky	orioloid bird 2	whipbird, wedgebill (genera Psophodes, Androphobus)	painted berrypicker (genera Paramythia, Oreocharis)	wattled ploughbill (genus Eulacestoma)
ňskl	vireonid 1	vireo (genus Vireo)	shrike-vireo (genus Vireolanius)	greenlet (genera Hylophilus, Tunchiornis, Pachysylvia)
ňskr	vireonid 2	peppershrike (genus Cyclarhis)	shrike-babbler (genus Pteruthius)	white-bellied epornis (genus Epornis)
ňskř	artamid	woodswallow (genus Artamus)	peltops (genus Peltops)	butcherbird, currawong, Australian magpie (genera Melloria, Cracticus, Strepara, Gymnorhina)
ňskm	malaconotoid bird 1	boatbill (genus Machaerirhynchus)	mottled berryhunter/whistler (genus Rhagologus)	iora (genus Aegithina)
ňskn	malaconotoid bird 2	bristled shrike/bald-headed wood-shrike/Bornean bristlehead (genus Pityriasis)	bush-shrike, boubou, gonolek (genera Malaconotus, Laniarius, Telophorus, Chlorophoneus, Rhodophoneus)	brubru, puffback, tchagra (genera Nilaus, Dryoscopus, Bocagia, Tchagra)
ňskç	platysteirid	wattle-eye (genus Platysteira)	batis (genus Batis)	white-tailed shrike (genus Lanioturdus)
ňskf	vangid 1	vanga (genera Vanga, Calicalicus, Schetba, Xenopirostris, Falculea, Artamella, Leptopterus, Cyanolanius, Oriolia, Tylas, Hypositta)	newtonia (genus Newtonia)	woodshrike (genus Tephrodornis)
ňskv	vangid 2	helmetshrike (genus Prionops)	philentoma (genus Philentoma)	flycatcher, flycatcher-shrike, shrike-flycatcher, Crossley’s babbler (genera Bias, Pseudobias, Hemipus, Megabyas, Mystacornis)
nst	corvine (crow)	crow, raven, rook (genus Corvus)	jackdaw (genus Coloeus)	nutcracker (genus Nucifraga)
nstw	corvid 1	magpie (genus Pica, Cyanopica, Cissa, Urocissa)	Old World jay (genus Garrulus)	treepie (genera Dendrocitta, Crypsirina, Temnurus, Platysmurus)
nsty	corvid 2	ground jay/chough (genus Podoces)	piacpiac (genus Ptilostomus)	bush crow (genus Zavattariornis)
nstl	corvid 3	jay, blue-jay, Steller’s jay (genera Cyanocorax, Cyanocitta, Cyanolyca)	brown jay (genus Psilorhinus)	magpie-jay (genus Calocitta)
nstr	corvid 4	scrub-jay, pinyon jay (genera Aphelocoma, Gymnorhinus)	Canada jay, Siberian jay, Sichuan jay (genus Perisoreus)	chough (genus Pyrrhocorax)
nstm	corvoid 1	shrike (Laniidae)	monarch, crested flycatcher, paradise flycatcher (Terpsiphoninae)	monarch, shrikebill, magpie-lark, torrent-lark, broad-billed flycatcher, ‘elepaio (Monarchinae)
nstn	corvoid 2	drongo, balicassiao (genus Dicrurus)	blue-caped ifrit (genus Ifrita)	melampitta (genus Melampitta)
nstř	rhipidurid	fantail, wagtail (genus Rhipidura)	silktail (genus Lamprolia)	drongo fantail/pygmy drongo (genus Chaetorhynchus)
nstň	corcoracid (mudnester)	white-winged chough (genus Corcorax)	apostlebird (genus Struthidea)	n/a
nstç	paradisaeid (bird-of-paradise) 1	bird-of-paradise (genera Paradisaea, Pteridophora, Semioptera, Seleucidis, Cicinnurus, Paradisornis)	sicklebill (genera Epimachus, Drepanornis)	riflebird, superb bird-of-paradise (genera Lophorina)
nstf	paradisaeid (bird-of-paradise) 2	manucode (genera Manucodia, Phonygammus)	astrapia (genus Astrapia)	parotia (genus Parotia)
nstv	paradisaeid (bird-of-paradise) 3	paradise-crow (genus Lycocorax)	paradigalla (genus Paradigalla)	n/a
mst	passerid 1	berrypecker (genera Melanocharis, Rhamphocharis)	longbill (genera Toxorhamphus, Oedistoma)	satinbird (genera Cnemophilus, Loboparadisea)
mstw	passerid 2	stitchbird/hihi (genus Notiomystis)	Austrolasian robin, flyrobin (Petroicidae)	kokako, saddleback, huia (genera Callaeas, Philestumus, Heteralocha)
msty	eupetoid bird	rockfowl/bald crow (genus Picathartes)	rockjumper (genus Chaetops)	railbabbler (genus Eupetes)
mstl	paroid bird	fairy flycatcher, crested flycatcher, canary-flycatcher (Stenostiridae)	hyliota (genus Hyliota)	penduline tit, verdin (Remizidae)
mstr	parid (tit/titmouse/chickadee)	tit, chickadee (genera Parus, Melaniparus, Sittiparus, Pardaliparus, Periparus, Sylviparus, Cephalopyrus, Machlolophus, Melanochlora, Pseudopodoces, Cyanistes, Poecile)	titmouse (genus Baeolophus)	crested tit (genus Lophophanus)
mstř	macrosphenid (African warbler)	longbill (genus Macrosphenus)	crombec (genus Sylvietta)	rockrunner, grass warbler, grassbird (genera Achaetops, Sphenoeacus, Cryptillas, Melocichla)
msp	sylvioid bird 1	lark, skylark, sparrow-lark, hoopoe-lark (Alaudidae)	nicator (genus Nicator)	bearded reedling/parrotbill/tit (genus Panurus)
mspw	sylvioid bird 2	cupwing/wren-babbler (genus Pnoepyga)	reed warbler, swamp warbler, millerbird (genus Acrocephalus)	grass warbler, grassbird, bush warbler, grasshopper warbler, malia (Locustellidae)
mspy	sylvioid bird 3	black-capped donacobius (genus Donacobius)	Madagascar warbler, yellowbrow, bernieria, wedge-tailed jery (Bernieridae)	leaf warbler, chiffchaff (genus Phylloscopus)
mspl	sylvioid bird 4	bulbul, greenbul, bristlebill, brownbul, leaflove (Pycnonotidae)	bush warbler, stubtail, tesia, broad-billed warbler (Cettiidae)	hylia (genera Hylia, Pholidornis)
mspr	sylvioid bird 5	Old World warbler, blackcap, whitethroat, parisoma (genus Sylvia)	Abyssian catbird (genera Myzornis, Parphasma)	bushtit, tit-warbler (Aegithalidae)
mspř	sylvioid bird 6	babbler, thrushbabbler, fulvetta (genera Myzornis, Pseudoalcippe, Horizorhinus, Lioptilus, Fulvetta, Chrysomma, Moupinia, Rhopophilus)	parrotbill (genera Conostoma, Cholornis, Suthora, Sinosuthora, Neosuthora, Chleuasicus, Psittiparus, Paradoxornis)	wrentit (genus Chamaea)
mspç	sylvioid bird 7	Old World babbler, wren-, scimitar-, tit-, tawny-bellied, chestnutcapped, wedge-billed, or dark-fronted babbler (Timaliidae)	babbler, grass babbler, fulvetta, wren-babbler, iliadopsis, grassbird (Pellorneidae)	laughingthrush, babbler, cutia, crocia, barwing, minla, sibia, liocichla, babax (Leiothrichidae)
mspţ	sylvioid bird 8	streaked scrub warbler (Scotocercidae)	little yellow flycatcher, Livingstone's flycatcher, chestnut-capped flycatcher (genus Erythrocercus)	other sylvioid bird
mspf	hirundid (swallow/martin)	swallow, cliff swallow (genera Hirundo, Cecropsis, Alopochelidon, Neochelidon, Atticora, Haplocheledon, Notiochelidon, Tachycineta, Cheramoeca, Petrochelidon)	martin, river martin, crag martin, house martin (genera Delichon, Progne, Ptyonoprogne, Riparia, Phedina, Pseudochelidon)	saw-wing (genus Psalidoprocne)
ňsb	cisticolid (African/Asian warbler) 1	cisticola (genus Cisticola)	jery (genus Neomixis)	African/Asian warbler (genera Oreophilais, Incana, Drymocichla, Spiloptila, Phyllolais, Malcorus, Hypergerus, Eminia, Euryptila, Bathmocercus, Sceopmycter, Artisomus, Poliolais)
ňsbř	cisticolid (African/Asian warbler) 2	prinia (genera Prinia, Schistolais, Phragmacia)	apalis (genera Apalis, Oreolais)	tailorbird (genus Orthotomus)
ňsg	cisticolid (African/Asian warbler) 3	miniature babbler (genus Micromacronus)	green longtail (genus Urolais)	wren-warbler (genus Calamonastes)
ňsgř	cisticolid (African/Asian warbler) 4	camaroptera (genus Camaroptera)	eremomela (genus Eremomela)	n/a
nsk	turdid (thrush/blackbird)	thrush, Old World blackbird, ouzel, fieldfare, redwing, American robin (genus Turdus)	bluebird (genus Sialia)	grandala, solitaire, cochoa, fruithunter (Turdidae)
nskw	erithacine 1	European robin/robin redbreast (genus Erithacus)	alethe (genus Chamaetylas)	robin-chat, cave chat, ground robin (genera Cossypha, Cossyphicula)
nsky	erithacine 2	forest robin, robin-chat (genera Swynnertonia, Pogonocichla, Stiphromis)	akalat (genus Sheppardia)	palm thrush (genus Cichladusa)
nskl	saxicoline 1	nightingale, thrush nightingale, redstart, bluethroat (genus Luscinia)	shortwing (genera Heinrichia, Heteroxenicus, Brachypteryx)	blue robin, bush robin, bluetail, blue-fronted robin (genera Irania, Larvivora, Vauriella, Myiomela, Tarsiger, Cinclidium)
nskr	saxicoline 2	chat, stonechat, cliff chat, moorland chat (genera Saxicola, Campicoloides, Pinarochroa, Thamnolaea, Emarginata, Myrmecocichla, Pinarornis, Namibornis)	redstart (genus Phoenicurus)	wheatear (genus Oenanthe)
nskř	saxicoline 3	rubythroat, firethroat, blackthroat (genus Calliope)	forktail (genus Enicurus)	flycatcher, pygmy flycatcher (genera Ficedula, Muscicapella, Humblotia)
nskf	saxicoline 4	whistling thrush (genus Myophonus)	rock thrush (genus Monticola)	n/a
rnsk	muscicapoid bird 1	wren (Troglodytidae)	treecreeper, spotted creeper (genera Certhia, Salpornis)	gnatcatcher, gnatwren (genera Polioptila, Microbates, Ramphocaenus)
rnskw	muscicapoid bird 2	wallcreeper (genus Tichodroma)	nuthatch (genus Sitta)	kinglet/crest (genus Regulus)
rnsky	muscicapoid bird 3	spotted elachura/spotted wren-babbler (genus Elachura)	silky-flycatcher, phainoptila, phainopepla (Ptiliogonatidae)	dipper (genus Cinclus)
rnskl	muscicapoid bird 4	waxwing (genus Bombycilla)	palmchat (genus Dulus)	grey hypocolus (genus Hypocolius)
rnskr	muscicapoid bird 5	mockingbird, catbird, thrasher (Mimidae)	starling, myna, Philippine creeper (Sturnidae)	oxpecker (Buphagidae)
rnskř	muscicapid	Old World flycatcher, forest flycatcher, tit-flycatcher, silverbird (Muscicapini, Niltavinae)	magpie-robin, shama, scrub robin/bush-chat (genera Copsychus, Cercotrichas)	sholakili (genus Sholicola)
rnskf	zosteropid (white-eye)	white-eye, striped babbler, pygmy babbler (Zosteropidae except Yuhina, Sterrhoptilus and Heleia)	yuhina (genera Yuhina, Sterrhoptilus)	heleia (genus Heleia)
ňšt	fringillid (finch)	chaffinch, brambling (genus Fringilla)	grosbeak, hawfinch, bullfinch, rosefinch, drepanid/honeycreeper, greenfinch, twite, linnet, redpoll, crossbill, serin, mountain finch, desert finch, African canary, goldfinch, siskin (Carduellinae)	euphonia, chlorophonia (genus Euphonia, Chlorophonia)
ňštw	estrildoid bird	weaver, bishop, widowbird, fody, quelea, malimbe (Ploceidae)	indigobird, whydah, cuckoo-finch (genera Vidua, Anomalospiza)	waxbill, mannikin, munia, silverbill, twinspot, firefinch, quailfinch, antpecker, nigrita, oliveback, pytilia, crimsonwing, seedcracker, bluebill, cordon-bleu, purple grenadier, avadavat, estrildid finch (Estrildidae)
ňšty	passeriform bird 1	sugarbird (genus Promerops)	spot-throat, dapple-throat, grey-chested babbler (genera Modulatrix, Arcanator, Kakamega)	flowerpecker (genera Dicaeum, Prionochilus)
ňštl	passeriform bird 2	sunbird, spiderhunter (Nectariniidae)	Przewalski’s finch/pinktail (genus Urocynchramus)	fairy-bluebird (genus Irena)
ňštr	passeriform bird 3	leafbird (genus Chloropsis)	olive warbler (genus Peucedramus)	accentor, dunnock, hedge sparrow (genus Prunella)
ňštř	passaroid bird	Old World sparrow, rockfinch, snowfinch, bush sparrow, ibon (Passeridae)	wagtail, longclaw, pipit, shorttail, madanga (Motacillidae)	longspur, bunting (genera Calcarius, Plectrophenax, Rhynchophanes)
ňštç	icterid 1	New World blackbird (genera Agelaius, Xanthspar, Agelasticus, Chrysomus, Nesopsar, Xanthocephalus, Dives, Euphagus, Gymnomystax, Amblyramphus, Curaeus, Anumara, Gnorimopsar, Oreopsar)	grackle (genera Quiscalus, Hypopyrrhus, Lampropsar, Macroagelaius)	New World oriole, troupial (genus Icterus)
ňštf	icterid 2	cowbird, baywing (genera Molothrus, Agelaioides)	meadowlark (genus Sturnella, Leistes)	marshbird (genus Pseudoleistes)
ňštv	icterid 3	oropendola (genus Psarocolius)	cacique (genera Cacicus, Cassiculus, Amblycercus)	bobolink (genus Dolichonyx)
nšp	emberizoid bird 1	American sparrow, towhee, lark bunting, ground sparrow, junco (Passerellidae)	bunting, reed bunting, yellowhammer (genus Emberiza)	rosy thrush-tanager (genus Rhondinocichla)
nšpw	emberizoid bird 2	tanager, white-winged warbler, green-tailed warbler (genera Phaenicophilus, Xenoligea, Microligea)	wrenthrush (genus Zeledonia)	Cuban warbler (genus Teretistris)
nšpy	emberizoid bird 3	New World warbler, wood warbler, oven bird, waterthrush, yellowthroat, whitestart, parula, redstart (Parulidae)	yellow-breasted chat (genus Icteria)	spindalis (genus Spindalis)
nšpl	emberizoid bird 4	micropspingid tanager (genera Mitrospingus, Orthogonys, Lamprospiza)	chat-tanager (genus Calyptophilus)	Puerto Rican tanager (genus Nesospingus)
nšpr	thraupid (tanager) 1	tanager, tanager-finch, conebill, flowerpiercer	bullfinch, orangequit, grassquit, warbler-finch, ground finch, tree finch, bananaquit (Tholospiza finch-like tanager)	mountain tanager (genera Cyanicterus, Bangsia, Buthraupis, Cnemathraupis, Chloromis, Wetmorethraupis, Anisognathus, Dubusia, Pseudosaltator)
nšpř	thraupid (tanager) 2	honeycreeper (genera Tersina, Cyanerpes, Chlorophanes, Iridophanes)	dacnis (genus Dacnis)	seedeater, seed-finch (genera Sporophila, Dolospingus, Oryzoburus)
nšpf	thraupid (tanager) 3	grass-finch, pampa-finch (genera Emberizoides, Embernagra)	hemispingus (genus Hemispingus)	pardusco (genus Nephelornis)
nšpv	thraupid (tanager) 4	plushcap (genus Catamblyrhynchus)	Inca finch (genus Incaspiza)	saltator, many-colored Chaco finch (genera Saltator, Saltatricula)
mstf	cardinalid (cardinal) 1	cardinal (genera Cardinalis, Gubernatrix)	grosbeak (genera Periporphyrus, Caryothraustes, Rhodothraupis, Cyanocompsa, Cyanoloxia, Pheucticus)	cardinalid tanager (genera Chlorothraupis, Habia, Piranga)
mstv	cardinalid (cardinal) 2	North American bunting (genus Passerina)	dickcissel, seedeater (genera Spiza, Amaurospiza)	chat (genus Granatellus)
psgw	hagfish/lancelet	hagfish (genera Rubicundus, Eptatretus, Myxine, Nemamyxine, Neomyxine, Notomyxine)	lancelet (Ampioxiform)	n/a
psgy	tunicate	sea squirt (Phlebobranchian, Aplousobranchian)	salp, pyrosome, doliolid tunicate (Thaliacean)	unusual tunicate (Stolidobranchian, Larvacean)
psgl	lamprey	pouched lamprey (genus Geotria)	Southern topeyed lamprey (genus Mordacia)	Northern lamprey (Petromyzontidae)
psgr	skate (fish)	skate (Rajidae, Gurgesiellidae)	smooth skate/leg skate (Anacanthobatidae)	softnose skate (Arhynchobatidae)
psgř	sawfish	largetooth, common, wide, freshwater, river, or northern sawfish/carpenter shark (Pristis pristis)	knifetooth, pointed, Queensland, green, longcomb, narrowsnout, or olive sawfish (Indo-Pacific species; Anoxypristis cuspidata, Pristis clavata, Pristis zijsron)	smalltooth sawfish (Atlantic species; Pristis pectinata)
psgḑ	electric ray	electric ray (genera Torpedo, Tetronarce)	numbfish, coffin ray (Narcinidae, Hypnidae)	sleeper ray (Narkinae)
psgv	sting ray	stingray; cownose, eagle, manta, devil, butterfly, river, whiptail, deepwater, or sixgill ray (Myliobatoidae)	panray (genus Zanobatis)	thornback (genera Platyrhina, Platyrhinoidis)
psdw	cow shark/frilled shark	sevengill cow shark (genera Heptranchias, Notorhynchus)	sixgill cow shark (genus Hexanchus)	frilled shark (genus Chlamydoselachus)
psdy	squaliform shark 1	dogfish shark (genera Cirrhigaleus, Squalus)	kitefin shark (Dalatiidae)	sleeper shark (Somniosidae)
psdl	squaliform shark 2	lantern shark  (Etmopteridae)	gulper shark (genera Centrophorus, Deania)	rough shark (genus Oxynotus)
psdr	squatinoform shark	angel shark (genus Squatinus)	sawshark (genera Pliotrema, Pristiophorus)	bramble shark, prickly shark (genus Echinorhinus)
psdř	ground shark	requiem shark (Carcharhinidae)	weasel shark (Hemigaleidae)	hammerhead shark, winghead shark, bonnethead, scoophead (genera Eusphyra, Sphyrna)
pssdw	houndshark/bullhead shark	houndshark, barbeled houndshark (genera Musteles, Scylliogaleus, Triakis, Leptocharius)	whiskery shark, school shark, sailback houndshark, blacktip tope (Galeorhininae)	bullhead shark (genus Heterodontus)
pssdy	mackerel shark (lamnid)	great white shark (genus Carcharodon)	mako (genus Isurus)	salmon shark, porbeagle (genus Lamna)
psbw	lamniform shark 1	thresher shark (genus Alopius)	basking shark (genus Cetorhinus)	megamouth shark (genus Megachasma)
psby	lamniform shark 2	goblin shark (genus Mitsukurina)	sand shark, sand tiger shark, grey nurse shark, ragged tooth shark (genera Charcharias, Odontaspis)	crocodile shark (genus Pseudocarcharias)
psbl	carpet shark 1	nurse shark, blind shark (Ginglymostomatidae, Brachaeluridae)	wobbbegong shark (Orectobidae)	bamboo shark (Hemiscylliid; genera Chyloscyllium, Hemiscyllium)
psbr	carpet shark 2	whale shark (genus Rhincodon)	zebra shark (genus Stegostoma)	collared carpet shark (genera Cirrhoscyllium, Parascyllium)
psbř	catshark	catshark (Scyliorhinidae)	finback catshark, ribbontail, harlequin, graceful, or magnificent catshark (Proscylliidae)	false catshark, gollumshark (genera Pseudotriakis, Planonasus, Gollum)
psdv	chimaera	chimaera, rabbitfish, ghostshark, ratfish (genera Chimaera, Hydrolagus)	ploughnose chimaera, Cape elephantfish, Australian ghost shark (genus Callorhinchus)	spookfish, sicklefin chimaera, paddle-nose chimaera, longnose chimaera (genera Harriotta, Neoharriotta, Rhinochimaera)
pssgw	archaic fish	coelacanth (genus Latimeria)	lungfish (Ceratodontidae, Lepidosirenidae)	reedfish, bichir (genera Erpetoichthys, Polypterus)
pssgy	sturgeon/paddlefish	sturgeon (Acipenseridae)	American paddlefish (genus Polyodon)	Chinese paddlefish (genus Psephurus)
pssgl	bowfin/gar	bowfin (genus Amia)	alligator gar, Cuban gar, tropical gar (genus Atractosteus)	spotted gar, longnose gar, shortnose gar, Florida gar (genus Lepisosteus)
pssgr	eel/halosaur	eel, moray, conger (Anguilliform)	deepsea spiny eel (genera Lipogenys, Notacanthus, Polyacanthonotus)	halosaur (genera Aldrovandia, Halosaurus, Halosaropsis)
pssgř	elopiform/albuliform fish	ladyfish, skipjack, jack-rash, tenpounder (genus Elops)	tarpon (genus Megalops)	bonefish (genera Nemoossis, Pterothrissus, Albula)
pssgv	osteoglossoid fish 1	bonytongue, arowana (Arapaimidae, Osteoglossidae)	butterflyfish (genus Pantodon)	mooneye, goldeye (genus Hiodon)
pssgḑ	osteoglossoid fish 2	knifefish, featherback (Notopteridae)	aba aba/freshwater rat-tail (genus Gymnarchus)	elephant fish (Mormyridae)
pst	clupeiform fish	anchovy (Engraulidae)	herring, sprat, sardine, shad (Clupeidae)	denticle, longfin, wolf, or round herring (Clupeiform)
pstw	gonorynchid fish	milkfish (genus Chanos)	beaked salmon/beaked sandfish (genus Gonorynchus)	shellear, hingemouth/snake mudhead (Knerioidae)
psty	cyprinine/alepocephalid fish	goldfish (Carassius auratus)	carp, Crucian carp, Prussian carp, kimbuna (Cyprininae other than Carassius)	smooth-head, slick-head marine smelt (Alepocephalidae)
pstl	leuciscine fish 1	minnow (small Leuciscinae)	shiner (genera Condoma, Coreoleucisccus, Cyprinella, Luxilus, Lythrurus, Notemigonus, Notropis, Pteronotropis)	roach, pigo, kutum, other roach-like fish (genera Hesperoleucus, Rutilus, Samarutilus, Leucos)
pstr	leuciscine fish 2	bream (genera Abramis, Ballerus, Blicca)	dace (genera Chrosomus, Clinostomus, Leuciscus, Margariscus, Leucalburnus, Telestes)	nase, sneep (genera Chondrostoma, Protochondrostoma, Pseudochondrostoma)
pstř	leuciscine fish 3	tench, doctor fish (genus Tica)	stoneroller (genus Campostoma)	chiselmouth (genus Acrocheilus)
pstç	leuciscine fish 4	hardhead (genus Mylopharadon)	Sacramento blackfish (genus Orthodon)	peamouth (genus Mylocheilus)
pstf	leuciscine fish 5	sunbleak, belica, moderlieschen (genus Leucaspius)	sabre carp, sabrefish, ziege, sichel (genus Pelecus)	vimba (genus Vimba)
pstļ	leuciscine fish 6	chub (genera Hybopsis, Semotilus, Squalius, Hemitremia, Platygobio, Nocomis, Couesius, Iotichthys, Snyderichthys, Oregonichthys, Petroleuciscus, Erimystax, Gila, Siphateles, Algansea)	rudd (genus Scardinius)	unusual leuciscine fish
rpst	cyprinid fish 1	bitterling (Acheilognathinae)	bleak (Alburninae)	gudeon, steed (Gobioninae)
rpstw	cyprinid fish 2	barb, barbel, snowtrout, Leptobarbus (Barbinae, Leptobarbinae)	mud carp, labeo, yellowfish (Labeoninae)	sharpbelly (Cultrinae)
rpsty	cyprinid fish 3	carplet, rasbora, flying barb, razorbelly minnow (Danioninae)	grass carp, black carp, bighead carp (Squaliobarbinae, Xenocyprinae)	giant salmon carp, blind barb, mahseer, cavefish, catla, rohtee, unusual cyprinid fish (Psylorhynchidae, unclassified Cyprinidae)
rpstl	cyprinoid fish	sucker fish (Catastomidae)	psylorhynchus (genus Psylorhynchus)	loach, algae-eater (Cobitoidae, Gyrinocheilidae)
rpstr	characiform fish	distichodontid fish (Distichodontidae)	lutefish (genera Citharidium, Citharinops, Citharinus)	South American darter, sailfin tetra (Crenuchidae)
rpstř	alestioid fish	African pike characin (genus Hepsetus)	African tetra (Alestiidae)	n/a
rpsth	serrasalmid fish	piranha (genera Catoprion, Pristobrycon, Pygocentrus, Pygopristis, Serrasalmus)	pacu	silver dollar fish
řpsm	erythinoid fish 1	tarumania (genus Tarumania)	trahira/tararira (Erythrinidae)	dogtooth characin, vampire/sabretooth tetra (Cynodontidae)
řpsn	erythinoid fish 2	hemiodontid fish (Hemiodontidae)	pardontid fish (Pardontidae)	flannel-mouthed characin (Prochilodontidae)
řpsň	erythinoid fish 3	headstander (genera Caenotropus, Chilodus)	toothless characin (Curimatidae)	anostomid fish (Anostomidae)
řpsmw	characid fish 1	characin fish, tetra	characin-like fish (Stevardiinae, Characinae)	unusual characin-like fish (Spintherobolidae, Stethaprioninae)
řpsnw	characid fish 2	pike-characin (genera Boulengerella, Ctenolucius)	pencil fish, including valadora (Lebiasinidae)	dorado (genus Salminus)
psl	catfish 1	catfish (Siluridae)	armored catfish, pencil catfish, parasitic catfish (Loricaroidae)	velvet catfish (Diplomystoidae)
pslw	catfish 2	shark catfish, African catfish, squeaker (Pangasiidae, Mochokidae, Claroteidae)	eeltail, airbreathing, or naked catfish (Plotosidae, Ictaluridae, Clariidae, Ailiidae, Sisoridae, Bagridae)	banjo catfish, thorny/talking catfish, driftwood catfish, three-barbeled catfish, bumblebee/dwarf marbled catfish, long-whiskered catfish (Doradoidae, Pimelodoidae)
psly	knifefish	electric eel, banded knifefish (Gymnotoidae)	sand knifefish, bluntnose/grass/leaf knifefish (Rhamphichthyoidae)	glass, rattail, or ghost knifefish (Apteronotoidae)
psth	salamanderfish/smelt/galaxia	salamanderfish (genus Lepidogalaxias)	smelt, barreleye (Argentinoidae)	galaxia (Galaxiidae)
psk	salmon/trout/char	Pacific salmon/trout (genus Oncorhynchus)	Atlantic salmon, Brown trout (genus Salmo)	char, long-finned char (genera Salvelinus, Salvethymus)
pskw	salmonid fish	hucho, taimen/huchen, lenok (genera Hucho, Parahucho, Brachymystax)	whitefish (genera Coregonus, Prosopium, Stenodus)	grayling (genus Thymallus)
psky	esociform fish	pike, pickerel (genus Esox)	muskellunge (Esox masquinongy)	mudminnow (Umbridae)
pskl	osmeriform fish	smelt, Australian-New Zealand grayling (Retropnnidae, Osmeridae)	ayu/sweetfish (genus Plecoglossus)	noodlefish/icefish (Salangidae)
pskr	sternoptychid fish	bottlelight, pearlside (Maurolicinae)	constellationfish (genus Valenciennellus)	marine hatchetfish (genera Argyropelecus, Polyipnus, Sternoptyx)
pskř	stomiiform fish	bristlemouth, anglemouth, fangjaw (Gonostomatidae)	barbeled dragonfish, loosejaw, stareater, snaggletooth, viperfish (Stomiidae)	lightfish (Phosichthyidae)
rpskw	alepisauroid fish 1	lancetfish (genus Alepisaurus)	daggertooth (genus Anotopterus)	hammerjaw (genus Omosudis)
rpsky	alepisauroid fish 2	sabertooth (Evermannellidae)	barracudina (Paralepididae)	pearleye (Scopelarchidae)
rpskl	aulopiform fish 1	grinner (genera Bathysauropsis, Bathysauroides)	greeneye (genera Chlorophthalmus, Parasudis)	tripod fish (Ipnopidae)
rpskr	aulopiform fish 2	waryfish (Notosudidae)	deepsea lizardfish (genus Bathysaurus)	telescopefish (genus Gigantura)
rpskř	synodontoid fish 1	lizardfish, Bombay duck/bummalo, sand-diving lizardfish (Synodontidae, Pseudotrichonotus)	flagfin (Aulopidae)	cucumberfish (genus Paraulopus)
pssm	myctophiform/ateleopod fish	lanternfish (Myctophidae)	blackchin (Neoscopelidae)	jellynose/tadpole fish (Ateleopodidae)
pssn	lampriform fish 1	sailfin moonfish (genera Velifer, Metavelifer)	opah/moonfish/sunfish/kingfish (genus Lampris)	tapertail (genus Radiicephalus)
pssň	lampriform fish 2	crestfish (genera Lophotus, Eumecichthys)	ribbonfish (genera Desmodema, Trachipterus, Zu)	oarfish (genera Agrostichthys, Regalecus)
pskç	percopsiform fish	trout-perch (genus Percopsis)	pirate-perch (genus Aphredotus)	cavefish, swampfish, ricefish (Amblyopsidae)
pskf	zeiform fish 1	dory (genera Zeus, Zenopsis)	lookdown, king, or silver dory (genus Cyttus)	zeniontid, capro dory (genera Zenion, Capromimus, Cyttomimus)
pskv	zeiform fish 2	oreo (Oreosomatidae)	parazen (Parazenidae)	tinselfish (Grammicolepididae)
psp	gadid fish 1	cod (genus Gadus)	haddock (genus Melanogrammus)	whiting/merling (genus Merlangius)
pspw	gadid fish 2	tomcod (genus Microgadus)	blue whiting (genus Micromesistius)	pollock (genus Pollachius)
pspy	gadid fish 3	arctic/polar cod (genera Arctogadus, Boreogadus)	saffron cod, navaga, poor cod, pout, pouting (genus Eleginus, Trisopterus)	tadpole fish (genus Raniceps)
pspl	lotid fish 1	burbot/bubbot/lingcod/mariah/eelpout/coneyfish (genus Lota)	cusk/brismak/brosmius/torsk/moonfish (genus Brosme)	ling (genus Molva)
pspr	lotid fish 2	rockling (genus Gaidropsaurus)	fourbeard rockling (genus Enchelyopus)	ciliata fish (genus Ciliata)
pspř	gadiform fish	codlet (genus Bregmaceros)	eucla cod (genus Euclichthys)	eel cod (genera Muraenolepis, Notomuraenobathys)
pspç	morid fish	common mora, googly-eyed cod (genus Mora)	ahuru (genus Auchenoceros)	codling, hakeling, mora, beardie, skulpin, grenadier cod (Moridae)
pspf	paracanthopterygian fish	rattail/grenadier (Macrouridae)	pelagic cod, arrowtail (Melanonidae)	tube-eye/thread-tail (Stylephoridae)
psph	merlucciid fish	hake (Merlucciidae)	blue grenadier (genus Maruronus)	phycid hake (genera Phycis, Urophycis)
psc	beryciform fish 1	alfonsino (genus Beryx)	nannygal (genus Centroberyx)	shellskin alfonsino (genus Ostracoberyx)
psč	beryciform fish 2	flabby whalefish, tapetail, hairyfish (Cetomimidae)	redmouth whalefish (genus Rondeletia)	velvet whalefish (genus Barbourisia)
pšč	beryciform fish 3	ridgehead/bigscale (Melamphaidae)	gibberfish (genus Gibberichthys)	pricklefish (Stephanoberycidae, Hispidoberycidae)
pscw	trachichthyform fish 1	roughy, slimehead, redfish, sawbelly (Trachichthyidae)	sandpaper fish (genus Paratrychichthys)	pineapplefish/pinecone fish (genera Cleidopus, Monocentris)
psčw	trachichthyform fish 2	fangtooth (genus Anoplogaster)	spinyfin (genera Diretmus, Diretmoides, Diretmichthys)	lanternfish/flashlight fish, eyelight fish (Anomalopidae)
pščw	holocentriform/polymixiiform fish	squirrelfish (genera Holocentrus, Neomiphon, Sargocentron)	soldierfish (Myripristinae)	beardfish (genus Polymixia)
lpšt	ophidiiform fish	pearlfish (Carapidae)	brotula, cusk-eel, false brotula, aphyonid (Ophidiidae, Aphyonidae, Parabrotulidae)	viviparous brotula (Bythitidae)
lpštw	kurtiform/batrachoidid fish	nurseryfish (genus Kurtus)	cardinalfish (Apogonidae)	toadfish/frogfish (Batrachoididae)
lpšty	gempylid fish	snoek (genus Thyrsites, Tyrsitoides)	escolar (genera Tongaichthys, Rexichthys, Promethichthys, Lepidocybium, Diplospinus)	snake mackerel, domine, oilfish, sackfish, black gemfish (genera Epinnula, Gempylus, Nealotus, Neoepinnula, Nesiarchus, Paradiplospinus, Rexea, Ruvettus, Thyrsitops)
lpštl	gobioid fish 1	goby (Gobiinae, Benthophilinae, Gobionellinae, Sicydiinae)	eel/worm goby (Amblyopinae)	mudskipper (Oxucerdidae)
lpštr	gobioid fish 2	dartfish (Ptereleotrinae)	sand darter (genera Kraemeria, Gobitrichinotus)	wormfish (Microdesminae)
lpštř	gobioid fish 3	gudgeon (genera Thalasseleotris, Grahamichthys)	sleeper goby/sleeper (Eleotridae, Butidae, Odontobutidae)	blind cave goby (Milyeringidae)
lpštç	gobioid fish 4	loach-goby (genera Protogobius, Rhyacichthys)	infantfish (genus Schindleria)	wriggler/collared wriggler, flathead wriggler (Xenisthmidae)
kţs	scombrid fish	tuna (Thunninae)	mackerel, Spanish mackerel, butterfly kingfish (Scombrinae, Scoberomorinae, Gasterochismatinae)	bonito (Sardini; genera Sarda, Cybiosarda, Gymnosarda)
kţsp	scombriform fish 1	pomfret, fanfish (Bramidae)	butterfish, silver pomfret, harvestfish, Pacific pompano (genera Pampus, Peprilus, Stromateus)	driftfish, fathead, cubehead, cigarfish, man-of-war, bluebottle, ariomma, ariommid (genera Cubiceps, Nomeus, Psenes, Ariomma)
kţst	scombriform fish 2	longfin escolar/black mackerel (genus Scombrolabrax)	amarsipa (genus Amarsipus)	squaretail (genus Tetragonurus)
kţsk	scombriform fish 3	medusafish, ruff, rudderfish, blackfish, barrelfish, butterfish, warehou/trevalla (Centrolophidae)	ragfish (genus Icosteus)	gnomefish (genus Scombrops)
kţsb	scombriform fish 4	barracuda (genus Sphyraena)	swordfish/broadbill (genus Xiphias)	marlin/billfish (Istiophoridae)
kţsg	syngnathiform fish 1	seahorse (genus Hippocampus)	pipefish, pipehorse, seadragon (Syngnathinae)	ghost pipefish (genus Solenostomus)
kţsf	syngnathiform fish 2	seamoth (genus Pegasus, Euypegasus)	trumpetfish (genus Aulostomus)	cornetfish/flutemouth (genus Fistularia)
kţsv	syngnathiform fish 3	goatfish/red mullet (Mullidae)	dragonet (Callionymidae)	slope dragonet (genera Draconetta, Centrodraco)
kţsm	syngnathiform fish 4	snipefish/bellowfish (genus Macroramphosus)	shrimpfish (genera Aeoliscus, Centriscus)	flying/helmet gurnard (genera Dactyloptena, Dactylopterus)
kţsn	synbranchiform fish	swamp eel (Synbranchidae)	earthworm eel (Chaudhuriidae)	spiny eel, fire eel (Mastacembelidae)
kţsň	anabantoid fish (gourami)	gourami (Osphronemidae)	kissing gourami, kisser (genus Helostoma)	climbing gourami/climbing perch (Anabantidae)
kţsh	anabantiform fish	snakefish (Channidae)	chameleonfish (genera Badis, Dario)	Asian leaffish (Nandidae, Pristolepididae)
pţs	carangid fish 1	leerfish/garrick (genus Lichia)	pompano (genus Trachinotus)	queenfish (genus Scomberoides)
pţsp	carangid fish 2	leatherjacket (genera Oligoplites, Parona)	vadigo (genus Campogramma)	rainbow runner/rainbow yellowtail, Spanish jack/Hawaiian salmon (genus Elagatis)
pţst	carangid fish 3	pilot fish (genus Naucrates)	amberjack (genus Seriola)	black-banded trevally (genus Seriolina)
pţsk	carangid fish 4	threadfish, diamond trevally (genus Alectis)	scad (genus Alepes)	cleftbelly trevally (genus Atropus)
pţsb	carangid fish 5	jack, trevally, bludger (genera Caranx, Carangoides, Hemicaranx)	yellowtail scad (genus Atule)	bumper/bumperfish (genus Chloroscombrus)
pţsd	carangid fish 6	round, roughear, Indian, redtail, Japanese, shortfin or mackerel scad, koheru (genus Decapterus)	golden trevally/golden kingfish/king trevally (genus Gnathodon)	torpedo, hardtail, finny, cordyla, or finletted mackerel scad (genus Megalespis)
pţsg	carangid fish 7	fringefin trevally/round-finned trevally/reef herring (genus Pantolebus)	black pomfret (genus Parastromateus)	white trevally, skipjack trevally (genus Pseudocaranx)
pţsf	carangid fish 8	oxeye scad, bigeye scad (genus Selar)	yellowstripe scad/yellowstripe trevally/yellow-banded trevally/smoothtailed trevally/slender-scaled trevally (genus Selaroides)	lookdown, moonfish (genus Selene)
pţsv	carangid fish 9	saurel/jack mackerel (genus Trachurus)	silvermouth trevally, longrakered trevally (genus Ulua)	whitetongue jack, cottonmouth jack, whitemouth jack (genus Uraspis)
pţsm	carangiform fish 1	roosterfish (genus Nematistius)	dolphinfish (genus Coryphaena)	cobia/black kingish/black bonito/lemonfish (genus Rachycentron)
pţsn	carangiform fish 2	remora/suckerfish, lousefish (Echeneidae)	moonfish (genus Mene)	snook (genus Centropomus)
pţsň	carangiform fish 3	threadfin, bobo, barbu, paradise fish (Polynemidae)	beachsalmon (genus Leptobrama)	archerfish (genus Toxotes)
pšk	pleuronectid fish (righteye flounder) 1	Atlantic halibut (Hippoglossus hippoglossus)	Pacific halibut (Hippoglossus stenolepis)	Greenland halibut/Greenland turbot (genus Reinhardtius)
pškw	pleuronectid fish (righteye flounder) 2	American plaice, flathead flounder, flathead sole, Bering flounder (genus Hippoglossoides)	European plaice, Alaska plaice, American smooth flounder (genus Pleuronectes)	scale-eye plaice (genus Acanthopsetta)
pšky	pleuronectid fish (righteye flounder) 3	lemon sole, Pacific Dover sole, slime flounder (genus Microstomus)	petrale sole, shotted halibut (genus Eopsetta)	English sole (genus Parophrys)
pškl	pleuronectid fish (righteye flounder) 4	deepsea sole (genus Embassichthys)	Pacific sand sole (genus Psettichthys)	slender sole (genus Lyopsetta)
pškr	pleuronectid fish (righteye flounder) 5	rocksole, dusky sole, Northern rock sole (genus Lepidopsetta)	butter sole (genus Isopsetta)	roughscale sole (genus Clidoderma)
pškř	pleuronectid fish (righteye flounder) 6	rex sole (Glyptocephalus zachirus)	witch flounder (Glyptocephalus cynoglossus)	blackfin flounder (Glyptocephalus stelleri)
pškç	pleuronectid fish (righteye flounder) 7	curlfin sole, C-O sole, ridge-eyed flounder, ocellated turbot, spotted turbot, horny-head turbot (genus Pleuronichthys)	yellowfin sole, Sakhalin sole, yellowfin sole, common dab, longhead dab, yellowtail flounder, speckled flounder (genus Limanda)	diamond turbot (genus Hypsopsetta)
pškf	pleuronectid fish (righteye flounder) 8	stone flounder (genus Kereius)	Arctic flunder, Far Eastern smooth flounder (genus Liopsetta)	European flounder, starry flounder, Baltic flounder (genus Platichthys)
pškh	pleuronectid fish (righteye flounder) 9	winter, yellow-striped, cresthead, or marbled flounder (genus Pseudopleuronectes)	willowy flounder (genus Tenakius)	barfin flounder, spotted halibut (genus Verasper)
pškţ	pleuronectid fish (righteye flounder) 10	peppered/measles flounder (genus Paralichthodes)	Kamchatka flounder, arrowtooth flounder (genus Atheresthes)	unusual righteye flounder (genera Cleisthenes, Dexistes)
pškm	rhombosoleid fish (Southern hemisphere righteye flounder) 1	shortfin, elongate, Tudor’s, or longsnout flounder (genus Ammotretis)	banded-fin/spotted flounder (genus Azygopus)	Remo flounder (genus Oncopterus)
pškn	rhombosoleid fish (Southern hemisphere righteye flounder) 2	New Zealand brill/turbot (genus Colistium)	speckled/New Zealand sole (genus Peltorhamphus)	southern/New Zealand lemon sole (genus Pelotretis)
pškv	rhombosoleid fish (Southern hemisphere righteye flounder) 3	yellowbelly, sand, black, or greenback flounder (genus Rhombosolea)	Indonesian ocellated flounder (genus Psammodiscus)	Derwent flounder (genus Taratretis)
lpsk	bothid fish (lefteye flounder) 1	scaldfish (genus Arnoglossus)	Pacific eyed, Guinean, Pacific leopard, mottled, flowery, St. Helena, eyed, wide-eyed, leopard, twospot, or Indo-Pacific oval flounder, Plate fish (genus Bothus)	blue, Kobe, broadbrow, or Lord Howe Island flounder (genus Crossorhombus)
lpsb	bothid fish (lefteye flounder) 2	speckled-tail flounder, American spiny flounder (genus Engyophrys)	Krempf’s, Pennant, or threespot flounder (genus Grammatobothus)	fringelip dwarf, Bellona, Bleeker’s, Largescale, Hureau’s, long pectoral fin, olive wide-eyed, Natal, long snout, or seven pelvic ray flounder, Regan’s flatfish (genus Engyprosopon)
lpsg	bothid fish (lefteye flounder) 3	wide-mouthed flounder (genus Kamoharaia)	clear fin-base, Philippine slender, Günther’s, khaki, blackspotted, small headed, or Longarm flounder (genus Laeops)	slim, Asaedae, Acapulco, deepwater, or Pacific deepwater flounder, Merten’s moonflounder, smalltooth moonflounder (genus Monolene)
lpsd	bothid fish (lefteye flounder) 4	crested flounder (genus Lophonectes)	striped-fin flounder (genus Perissias)	unusual lefteye flounder (genera Asterorhombus, Chascanopsetta, Japonolaeops, Neolaeops, Parabothus, Psettina, Taeniopsetta, Tosarhombus, Tricopsetta)
lpsc	paralychthyid fish (large-tooth flounder) 1	Cyclope, three-spot, three-eye, four-eyed, or Gulf of Mexico ocellated flounder (genus Ancylopsetta)	megrim/whiff, sanddab (genus Citharichthys)	Mexican, spotfin, toothed, or God’s flounder (genus Cyclopsetta)
lpsč	paralychthyid fish (large-tooth flounder) 2	fringed, shelf, smallmouth, Peruvian, gray, sole, or Delsman’s flounder (genus Etropus)	shrimp flounder (genus Gastropsetta)	bigmouth, fourspot, or American fourspot flounder (genus Hippoglossina)
lpsy	paralychthyid fish (large-tooth flounder) 3	fine, Cortez, gulf, Brasilian, California, summer, Patagonian, broad, tropical, speckled, or olive flounder, fluke, or bastard halibut (genus Paralichthys)	ringed, peacock, largetooth, cinnamon, four twin-spot, ocellated, deep, Javan, smalltoothed, Malayan, roughscale, fivespot, five-eyed, spiny, or three spotted flounder (genus Pseudorhombus)	Papillose, shoal, beach, longfin, clearspot, channel, oval, or dusky flounder (genus Syacium)
lpsř	paralychthyid fish (large-tooth flounder) 4	Chinese brill (genus Tephrinectes)	fantail flounder (genus Xystreurys)	unusual large-tooth flounder (genera Cephalopsetta, Tarphops, Thysanopsetta)
lpsţ	citharid fish (largescale flounder)	yellow-dabbled flounder (genus Brachypleura)	scale-eyed flounder (genus Lepidoblepharon)	branched ray, twospot largescale, or spotted flounder (genera Citharus, Citharoides)
lpsx	poecilopsettine fish (bigeye flounder)	comb flounder (genus Marleyella)	large-scale, narrow-body, or small-mouth righteye flounder (genus Nematops)	colored, African, tile-colored, or Alcock’s narrow-body righteye flounder, deepwater dab (genus Poecilopsetta)
lpsv	achiropsettid fish (Southern flounder)	finless/prickly flounder, armless flounder (genera Achiropsetta, Neoarchiropsetta)	Antarctic armless flounder (genus Mancopsetta)	pygmy flounder (genus Pseudomancopsetta)
lpsň	samarid fish (crested flounder)	crested flounder, cockattoo righteye flounder, large-scale crested righteye flounder (genus Samaris, Samaretta)	coralline-red flounder, longfinned flounder, Huysman’s, deep-body, Luzon, large-mouth, spotted, New Caledonian, Nielsen’s, Sunier’s, or three-spot righteye flounder (genus Samariscus)	tongue flatfish (genus Plagiopsetta)
pšt	achirid fish (American sole)	drab, plainfin, brown, lined, Mazatlan, American, or network sole (genus Achirus)	fringed, freshwater, spotted-in, scrawled, spotted-cheek, or slipper sole, hogchoker (genus Trinectes)	unusual American sole (genera Apionichthys, Catathyridium, Gymnachirus, Hypoclinemus, Pnictes)
pštw	soleid fish 1	common sole (Solea solea)	Egyptian, elongated, ovate, Senegalese, or Stanaland’s sole (genus Solea)	unusual true sole (genera Achiroides, Barnardichthys, Bathysolea, Brachirus, Dagetichthys, Liachirus, Paradicula, Phyllichthys, Rendahlia, Rhinosolea, Synapturichthys, Synclidopus, Typhlachirus)
pšty	soleid fish 2	yellow sole/solonette (genus Buglossidium)	tufted sole (genus Dexillus)	wedge sole (genus Dicologlossa)
pštl	soleid fish 3	Cape, hook-nosed, bamboo, or true sole (genus Heteromycteris)	Allen’s, Bensbach River, Darwin, Kikori River, tailed, Lorentz River, manyscale, Robert’s, or three-line sole (genus Leptachirus)	bastard, Lusitanian, Frechkop’s, foureyed, thickback, or banded sole (genus Microchirus)
pštr	soleid fish 4	whiskered sole (genus Monochirus)	piebald, peacock, southern peacock, finless, Persian carpet, or estuary sole (genus Pardachirus)	Cadenat’s, Adriatic, sand, blackhand, or Cyclope sole (genus Pegusa)
pštř	soleid fish 5	banded, thickray, wavyband, zebra, or unicorn sole, (genera Aesopia, Pseudoaesopia, Zebria)	poisonous sole (genus Aseraggodes)	west coast sole, mud sole (genus Austroglossus)
pštç	soleid fish 6	whiteblotched, small-head, banded-eye, or snakeskin sole (genus Soleichthys)	Kaup’s, Guinean, Commerson’s, Portuguese, white-margined, or saltpan sole (genus Synaptura)	African solonette (genus Vanstraelenia)
pštf	scophtalmid fish (turbot/brill)	turbot, brill, Black Sea turbot, windowpane flounder (genus Scophthalmus)	megrim/whiff (genus Lepidorhombus)	topknot (genera Phrynorhombus, Zeugopterus)
pšth	pleuronectiform fish	spiny turbot, spottail spiny turbot, Indian halibut (genus Psettodes)	tonguefish (Cynoglossidae)	n/a
pssk	cichliform fish	convict or engineer blenny/globy (genus Pholidichthys)	tilapia (Coelotilapinae, Coptodoninae, Heterotilapinae, Oreochrominae, Pelmatolapiinae, Tilapiinae)	cichlid (Cichlidae)
psskw	aquarium cichlid fish	angelfish (genus Pterophyllum)	convict/zebra cichlid (genus Archocentrus)	discus, pompadour fish (genus Symphysodon)
pssky	sport-fishing cichlid fish	peacock bass (genus Cichla)	oscar, tiger oscar, velvet cichlid, marble cichlid (genus Astronotus)	Mayan cichlid/Mexican mojarra (genus Mayaheros)
psskl	beloniform fish 1	ricefish, medaka (Adrianichthyidae)	needlefish, long tom (Belonidae)	flying fish/cod (Exocoetidae)
psskr	beloniform fish 2	saury (genera Cololabis, Scomberesox)	halfbeak/spipefish, ballyhoo (Hemiramphidae)	viviparous halfbeak (Zenarchopteridae)
psskř	cyprinodontiform fish	killifish, topminnow (Aplocheiloidae, Profundulidae, Fundulidae, Valenciidae)	pupfish (Cyprinodonidae)	springfish, poolfish, goodeid, splitfin, characodon, skiffia (Goodeidae)
lpskw	anablepid fish	four-eyed fish (genus Anableps)	onesided livebearer (genus Jenynsia)	white-eye fish(genus Oxyzygonectes)
lpsky	poeciliid fish	lampeye (Procatopodinae)	banded lampeye (genus Aplocheilichthys)	livebearer (Poeciliinae)
lpskl	atherinopsid fish (neotropical silverside)	topsmelt, topsmelt silverside (genus Atherinops)	jacksmelt, jack silverside (genus Atherinopsis)	grunion (genus Leuresthes)
lpskr	atherinoform fish	unusual neotropical silverside fish (genera Odontesthes, Basilichthys, Colpichthys, Notocheirus)	menidiine silverside (Menidiinae)	Old World silverside (Atherinidae)
lpskř	atherinoid fish	surf sardine, surf sprite, flower of the wave (genus Iso)	priapium fish (Phallostethidae)	pricklenose, bearded, or tusked silverside, McCulloch’s hardyhead (genera Atherion, Dentatherina)
lpst	melanotaeniid fish (rainbowfish)	rainbowfish (Melanotaeninae)	Madagascar rainbowfish, Celebes rainbowfish (Bedotiinae, Telmatherininae)	blue-eye (genera Kiunga, Pseudomugil, Scaturiginichthys)
lpstw	ambassid fish	glassy, perchlet, glass perchlet, glassfish (genera Ambassis, Parambassis, Gymnochanda, Paradoxodacna, Pseudoambassis, Chanda)	four-spined glass perchlet (genus Tetracentrum)	pennyfish (genus Denariusa)
lpsty	mugilid/embiotocid/grammatid fish	grey mullet (Mugilidae)	surfperch/seaperch (Embiotocidae)	basslet (genera Gramma, Lipogramma)
lpstl	plesiopid fish (longfin/roundhead) 1	rockfish (genus Acanthoclinus)	spiny basslet, scottie, longfin (genus Acanthoplesiops)	Batan longfin, Southern longfin (genus Beliops)
lpstr	plesiopid fish (longfin/roundhead) 2	barred spiny basslet (genus Belonepterygion)	shark-tailed eel-blenny, spotted eelblenny (genus Notograptus)	yellow, blue, or Randall’s devilfish (genus Assessor)
lpstř	plesiopid fish (longfin/roundhead) 3	comet/marine betta (genus Calloplesiops)	carp prettyfin (genus Fraudella)	blue devil fish (genus Paraplesiops)
lpstç	plesiopid fish (longfin/roundhead) 4	longfin, prettyfin (genus Plesiops)	Christmas longfin, Steene’s prettyfin (genus Steeneichthys)	hulafish (genus Trachinops)
lpsp	pseudochromid fish (dottyback)	eel-blenny (Congrogadinae)	dottyback (Pseudochrominae, Anisochrominae)	dottyback (Pseudoplesiopinae)
lpspw	pomacentrine fish 1	sergeant, sergeant-major, nightsergeant (genus Abudefduf)	garibaldi fish (genus Hypsypops)	demoiselle/lyretail damselfish (genus Neopomacentrus)
lpspy	pomacentrid fish	clownfish/anemonefish (genera Amphiprion, Premnas)	damselfish (Chrominae, Lepidozyginae)	dascyllus, humbug (genus Dascyllus)
lpspl	pomacentrine fish 2	scalyfin, New Zealand black angelfish (genus Parma)	gregory (genus Stegastes)	damselfish (genera Chrysiptera, Amblyglyphidodon, Neopomacentrus, Cheiloprion, Dischistodus, Hemiglyphidodon, Teixeirichthys, Similiparma, Pomachromis, Plectroglyphidodon, Nexilosus, Microspathodon, Mecaenichthys)
pssp	blennioid fish 1	blenny, rockskipper, combtooth blenny (Blenniidae, Labrisomidae)	pike-blenny, tube-blenny, flagblenny (Chaenopsidae)	sand stargazer (Dactyloscopidae)
psspw	blennioid fish 2	klipfish, cline, weedfish, kelpfish, eel blenny (Clinidae)	triplefin/threefin, triplefin blenny (Tripterygiidae)	n/a
psspy	blennimorphic fish	jawfish (Opistognathidae)	clingfish (Gobiesocidae)	n/a
psspl	labrid fish (wrasse) 1	wrasse (genera Halichoeres and others)	hogfish (genera Bodianus, Lachnolaimus)	cleaner wrasse (genus Labroides)
psspr	labrid fish (wrasse) 2	razorfish (genus Xyrichtys)	rainbow wrasse, coris (genus Coris)	tuskfish (genus Choerodon)
psspř	labrid fish (wrasse) 3	tautog, blackfish (genus Tautoga)	bergall (genus Tautogolabrus)	blue groper (genus Achoerodus)
psspç	labrid fish (wrasse) 4	tubelip wrasse (genus Labrichthys)	yellowtail tubelip (genus Diproctacanthus)	n/a
psspf	labriform fish	cale, weed whiting (Odacidae)	parrotfish (Scaridae)	n/a
psspţ	trachiniform fish 1	weever/weeverfish (genera Trachinus, Echichthys)	sandburrower/burrower, sand diver (Creediidae)	sand lance, sand eel, launce (Ammodytidae)
psspļ	trachiniform fish 2	snaketooth fish/swallower (Chiasmodontidae)	crocodile toothfish, sabre-gill, gaper (genus Champsodon)	torrentfish (genus Cheimarrichthys)
psspv	trachiniform fish 3	southern sandfish, flathead pygmy-stargazer, estuary stargazer (genera Crapatalus, Leptoscopus, Lesueuina)	duckbill (Percophidae)	sandperch, grubfish (Pinguipedidae)
pssph	trachiniform fish 4	sandfish (genera Trichodon, Arctoscopus)	sand-diver (genus Trichonotus)	stargazer (Uranoscopidae)
rpsp	centrarchid fish 1	sunfish (genus Lepomis)	black bass (genus Micropterus)	crappie (genus Pomoxis)
rpspw	centrarchid fish 2	banded sunfish (genus Enneacanthus)	flier (genus Centrarchus)	Sacramento perch (genus Archoplites)
rpspy	centrarchid fish 3	rock, shadow, Roanoke, or Ozark bass (genus Ambloplites)	mud sunfish (genus Acantharchus)	n/a
rpspl	centrarchiform fish 1	marblefish, sea carp, rock cale (Aplodactylidae)	trumpeter, morwong/butterfish/fingerfin/jackassfish/sea carp/snapper/moki (Latridae, Cheilodactylidae)	kelpfish, silver spot (Chironemidae)
rpspr	centrarchiform fish 2	hawkfish (Cirrhitidae)	galjoen (Dichistiidae)	pygmy sunfish (Elassomatidae)
rpspř	centrarchiform fish 3	old wife (genus Enoplosus)	nibbler, drummer, opaleye, parore, blackfish, stripey bream (genera Girella, Graus)	flagtail (genus Kuhlia)
rpsph	centrarchiform fish 4	sea chub (Kyphosinae)	footballer, moonlighter (Kyphosinae)	halfmoon, grey knifefish, blue knifefish, sweep (Scorpindinae)
rpsb	centrarchiform fish 5	knifejaw (Oplegnathidae)	temperate perch, nightfish, pygmy perch, perchlet, mandarin fish, oriental perch (Percichtyidae, Percalatidae, Perciliidae, Sinipercidae)	grunter, tigerperch, terapon, trumpeter (Terapontidae)
pssc	tetradontiform fish 1	puffer, pufferfish, blowfish, globefish, balloonfish, blowie, bubble fish, swellfish, toadfish, toady, honey toad, sugar toad, sea squab, toby, blaasop (Tetradontidae, Triodontidae)	porcupine fish/blowfish, burrfish, swelltoad (Diodontidae)	spikefish, trumpetsnout (Triacanthodidae)
pssč	tetradontiform fish 2	triggerfish, picasso fish (Balistidae)	triplespine/tripodfish (Triacanthidae)	filefish, foolfish, shingle, leatherjacket, scraper (Monacanthidae)
pššč	tetradontiform fish 3	sunfish/mola (genera Mola, Mastrurus, Ranzania)	boxfish, cowfish, trunkfish, turretfish, basketfish (Ostraciidae, Aracanidae)	n/a
psst	scorpaeniform fish 1	scorpionfish, rock fish, red rock cod (Scorpaenidae)	paperfish/leaf scorpionfish (genus Taenionotus)	false scorpionfish (genus Centrogenys)
psstw	scorpaeniform fish 2	lionfish, firefish, turkey fish (genus Dendrochirus)	lionfish (genus Ebosia)	lionfish, zebrafish, firefish, turkeyfish/tastyfish/butterfly-cod (genus Pterois)
pssty	scorpaeniform fish 3	wasp scorpionfish, waspfish (Apistidae, Tetrarogidae)	fortescue (genus Centropogon)	goblinfish, leaf goblinfish (genera Glyptauchen, Neovespicula)
psstl	scorpaeniform fish 4	cobbler/estuary cobbler (genus Gymnapistes)	bullrout/freshwater stonefish/kroki (genus Notesthes)	bearded roguefish (genus Tetraroge)
psstr	scorpaeniform fish 5	poacher, snailfish, starsnout, rockhead (Agonidae, Bathyagoninae, Bothragoninae)	hooknose/pogge/armed bullhead (genus Agonus)	alligatorfish (Anoplagoninae)
psstř	scorpaeniform fish 6	sablefish/butterfish/black cod/blue cod/bluefish/candlefish/coal cod/coalfish/beshow, skilfish (genera Anoplopoma, Erilepsis)	greenling, ling/buffalo cod (Hexagrammidae)	mole sculpin (genus Normanichthys)
psstç	scorpaeniform fish 7	rockfish, rock perch, ocean perch, sea perch, thornyhead, sea ruffe, rockcod (Sebastidae)	gurnard perch, gurnard scorpionfish (genera Neosebastes, Maxillicosta)	sea robin, gurnard, latchet, piper gurnard (Triglidae)
psstf	scorpaeniform fish 8	stonefish, stinger, stingfish, ghoul, devilfish (Synanceidae)	pigfish, horsefish, racehorse (Congiopodidae, Perryenidae)	Australian prowfish, red Indianfish (Pataecidae)
pssth	scorpaeniform fish 9	cofish (Eschmeyeridae)	stinger flathead (Plectrogenidae)	deap-sea bristly scorpionfish (Setarchidae)
psstļ	scorpaeniform fish 10	velvetfish, red velvetfish (Aploactinid, Gnathanacanthidae)	visitor (genus Adventor)	coral croucher, orbicular velvetfish (genus Caracanthus)
pssdl	cottoid fish (sculpin) 1	sculpin, bullhead, cabezon (Cottidae)	Antarctic sculpin (Bathylutichthyidae)	sea raven (Hemitripteridae)
pssdr	cottoid fish (sculpin) 2	scaled sculpin (genus Icelus)	Baikal oilfish (genus Comephorus)	Baikal/bighead sculpin (Cottocomephoridae)
pssdř	cottoid fish (sculpin) 3	deepwater bullhead sculpin (genera Ereunias, Marukawichthys)	blobfish, toadfish, flathead sculpin, tadpole sculpin, fathead sculpin (Psychrolutidae)	grunt-fish/grunt sculpin (genus Rhamphocottus)
pssdv	cottoid fish (sculpin) 4	lumpsucker/lumpfish (Cyclopteridae)	snailfish/sea snail (Liparidae)	deep-water sculpin (Abyssocottidae)
psbv	platycephaloid (flathead) fish	flathead, deep-water flathead, ghost/armoured flathead (Platycephalidae, Bembridae, Parabembridae, Hoplichthyidae)	crocodilefish (genus Papilloculiceps)	armored searobin/gurnard (Peristediidae)
pspţ	gasterosteoid fish	stickleback (Gasterosteidae)	tube-snout (genus Aulorhynchus)	sand-eel, tubenose, sandlance (genera Hypoptychus, Aulichthys)
pssbw	lophiiform fish (anglerfish) 1	angler, goosefish, monkfish, sea-devil (Lophiidae)	handfish/warty angler (Brachionichthyidae)	sea toad/coffinfish, frogmouth (genera Chaunax, Chaunacops)
pssby	lophiiform fish (anglerfish) 2	frogfish (Antennariinae, Lophichthyidae)	anglerfish (Histiophryninae)	four-armed frogfish (genera Tetrabrachium, Dibrachichthys)
pssbl	lophiiform fish (anglerfish) 3	batfish, seabat (Ogcocephalidae)	footballfish (genus Himantolophus)	horned lantern fish/prickly seadevil (genus Centrophryne)
pssbr	lophiiform fish (anglerfish) 4	warty seadevil (genera Ceratias, Cryptopsaras)	double angler/doublespine seadevil (genera Diceratias, Bufoceratias)	toothed/spiny/netbeard seadevil (genus Neoceratias)
pssbř	lophiiform fish (anglerfish) 5	fanfin/hairy anglerfish/fanfin seadevil (genera Caulophryne, Robia)	black seadevil (genus Melanocetus)	wolftrap angler (genera Thaumatichthys, Lasiognathus)
pssbv	lophiiform fish (anglerfish) 6	dreamer, dreamarm, tyrant devil (Oneirodidae)	whipnose/whipnose angler/whipnose seadevil (genera Gigantactis, Rhynchactis)	leftvent/bearded seadevil, netdevil (Linophrynidae)
pšp	percid fish	perch, ruffe, schraetzer, percarina (Percinae)	darter (Etheostomatinae)	sculpin-perch, asprete, walleye, pike-perch, Zander, Sauger, streber, zingel (Luciopercinae)
pšpw	lutjaniform fish	snapper, jobfish, wenchman, pinjalo, beeliner, Chinamanfish (Lutjanidae)	grunt, sargo, porkfish, margate, porgy, bonnetmouth, boga, dara, grunter, piggy, salema, sweetlips, rubberlip, slatey, thicklip, hotlips (Haemulinae, Plectorhynchinae)	fusilier, banana fish (Caesionidae)
pšpy	lobotiform fish	tigerfish, tiger perch, freshwater tripletail (genus Datnioides)	tripletail (genus Lobotes)	barbeled grunter, velvetchin, javelinfish (genus Hapalogenys)
pšpl	acanthuroid fish 1	surgeonfish, sawtail, doctorfish (genera Acanthuris, Ctenochaetus, Prionurus, Paracanthurus)	unicorn fish (genus Naso)	tang (genus Zebrasoma)
pšpr	acanthuroid fish 2	rabbitfish/spinefoot (genus Siganus)	scat fish (genera Scatophagus, Selenotoca)	louvar/luvar (genus Luvaris)
pšpř	acanthuroid fish 3	spadefish, batfish (Ephippidae)	sicklefish, concertina fish (genus Drepane)	Moorish idol (genus Zanclus)
pšpç	priacanthiform/caproiform fish	bigeye, bulleye, bullseye, catalufa, glasseye (Priacanthidae)	bandfish (Cepolidae)	boarfish (genera Capros, Antigonia)
pšpf	spariform fish	sea bream, porgy, picarel, musselcracker, pinfish, oblade, scup, salema, goldline, bogue (Sparidae)	whiptail bream, false snapper, thread-fin bream, monocle bream, whiptail (Nemipteridae)	big-eye, pigface, large-eye, or emperor bream, emperor (Lethrinidae)
pšph	serranid fish (sea bass/grouper)	sea bass, wirrah, koester, seaperch, splitfin, swallowtail, jewelfish, harlequin fish, perchlet, anthias, basslet, goldie, hamlet, comber (Anthiadinae, Liopropomatinae, Serraninae)	grouper, coral grouper, lyretail, hind, mutton hamlet (Epinephelinae)	soapfish, podge, skunkfish (Grammistinae)
pskh	zoarcoid fish 1	wolffish/sea wolf, wolf eel (genera Anarhichas, Anarrhyichthys)	ronquil/ronchil, searcher (genera Bathymaster, Rathbunella, Ronquilus)	eelpout, pout, fish doctor (Zoarcidae)
pskm	zoarcoid fish 2	wrymouth (genus Cryptacanthodes)	graveldiver (genus Scytalina)	quillfish (genus Ptilichthys)
pskţ	zoarcoid fish 3	gunnel (Pholidae)	prickleback/shanny (Stichaeidae)	prowfish (Zaproridae)
pštļ	notothenioid fish 1	cod icefish/notothen, icedevil, toothfish, notie, rockcod, Antarctic silverfish, southern cod, scalyhead (Nototheniidae)	Antarctic dragonfish, ploughfish (Bathydraconidae)	crocodile icefish/white-blooded fish, icefish (Channichthyidae)
pštv	notothenioid fish 2	congoli/tupong, catadromous icefish (Pseudaphritidae)	Patagonian blenny/Falkland’s mullet (Eleginopsidae)	thornfish, bull blenny (Bovichtidae)
pšpļ	notothenioid fish 3	spiny plunderfish/plunderfish (Harpagiferidae)	barbeled plunderfish (Artedidraconidae)	n/a
pšthw	pempheriform fish 1	sweeper, bullseye (genera Pempheris, Parapriacanthus)	slopefish (genus Symphysanodon)	banjofish (genus Banjos)
pškhw	pempheriform fish 2	deepwater cardinalfish (Epigonidae)	armorhead, boarfish (Pentacerotidae)	pearl perch, jewfish (Glaucosomatidae)
pšphw	pempheriform fish 3	oceanic basslet (Howellidae)	deep-sea herring (genera Bathyclupea, Neobathyclupea)	wreckfish, giant sea bass, bass grouper (genera Polyprion, Stereolepis)
rpšk	misc. percomorpharian fish 1	mojarra (Gerreidae)	butterflyfish, coralfish bannerfish, pennantfish, talma, barberfish (Chaetodontidae)	ponyfish, slipmouth, toothpony, slimy (Leiognathidae)
rpškw	misc. percomorpharian fish 2	Asian seabass (genus Lateolabrax)	cavebass, barred seabass, lampfish (genera Dinoperca, Centrarchopos)	splendid perch, groppo (genera Callantias, Grammatonotus)
rpšky	misc. percomorpharian fish 3	temperate bass, white perch (genera Morone, Dicentrarchus)	lanternbelly/temperate ocean bass, rosy seabass/blackthroat seaperch, seabass, splitfin (Acropomatidae)	lates perch, spikey bass, Waigieu seaperch, Waigeo barramundi (Latidae)
rpškl	misc. percomorpharian fish 4	manefish (Caristiidae)	leaffish (genera Monocirrhus, Polycentrus)	marine angelfish (Pomacanthidae)
rpškr	misc. percomorpharian fish 5	ruff/Australian herring, Australian salmon, kahawai (genus Arripis)	tilefish, Quakerfish, blanquillo (Malacanthidae)	combfish (genus Zaniolepis)
rpškř	misc. percomorpharian fish 6	long-finned/yellowfin pike (genus Dinolestes)	jutjaw (genus Parascorpis)	whiting, smelt-whiting, sand borer, sand-smelt, sillago (Sillaginidae)
rpškh	misc. percomorpharian fish 7	drum, croaker, sheephead, wuss fish, shepherd’s pie, gou, Gasper goo, grinder, meagre, kob, mulloway, weakfish, bahaba, corvina, spot, king fish, curbinata, pacora, drummer, red, queenfish, stardrum, totoaba/totuava (Sillaginidae)	moony, mono/Malayan angel, moonyfish, fingerfish, pomfret (genera Monodactylus, Schuettea)	rover, redbait, rubyfish, kali kali (Emmelichthyidae)
rpšg	misc. percomorpharian fish 8	bluefish, tailor, elf (genus Pomatomus)	false trevally (genus Lactarius)	n/a
lmzw	sea star/brittle star/basket star	sea star, starfish (Asteroidea)	brittle star (Ophiuroidea)	basket star (Euryalina)
lmzy	sea urchin/sand dollar	sea urchin (Echinoidea)	sand dollar (Clypeasteroida)	heart urchin (Spantagoida)
lmzl	sea cucumber	sea cucumber (Holothuroidea)	molpadiid sea cucumber (Molpadida)	tentacled sea cucumber (Dendrochirotida, Elasipodida)
lmzr	sea flower	sea lily (Crinoidea)	feather star (Comatulida)	sea daisy (genus Xyloplax)
lmzř	hemichordate	acorn worm (Enteropneusta)	cephalodiscus (genus Cephalodiscus)	rhabdopleura (genus Rhabdopleura)
lmzv	xenacoelomorph	xenoturbella (genus Xenoturbella)	acoel (Acoela)	nemertodermatid acoel (Nemertodermatida)
lţp	annelid	🪱 earthworm	leech	unusual ringed/segmented worm
lţpw	disease-causing nematode 1	trichina worm (genus Trichinella)	anisakis (genus Anisakis)	gnathostoma (genus Gnathostoma)
lţpy	disease-causing nematode 2	large roundworm (genus Ascaris)	loa (genus Loa)	onchocerca (genus Onchocerca)
lţpl	disease-causing nematode 3	dirofilaria (genus Dirofilaria)	eyeworm (genus Thelazia)	gongylonema (genus Gongylonema)
lţpr	disease-causing nematode 4	mansonella (genus Mansonella)	brugia, wuchereria	whipworm (genus Trichuris)
lţpř	disease-causing nematode 5	guinea worm (genus Dracunculus)	cat/dog/fox roundworm (genus Toxocara)	pinworm/threadworm/seatworm (genus Enterobius)
lţpç	disease-causing nematode 6	Old World hookworm (genus Ancylostoma)	New world hookworm (genus Necator)	threadworm (genus Strongyloides)
lţpļ	nematode-like animal	nematode/roundworm	horsehair/Gordian worm (Nematomorpha)	velvet worm (Onychophora)
lţb	microspcopic ecdysozoan	tardigrade/water bear (Tardigrada)	loriciferan (Loricifera)	mud dragon/spiny crown worm (Kinorhyncha)
lţbw	priapulid worm	penis worm (genera Priapulus, Priapulosis)	tubiluchide penis worm (genus Tubilucus)	giant penis worm (genus Halicryptus)
lţby	rotifer	rotifer (Eurotatoria)	monogonant rotifer (Monogonanta)	seisonid rotifer (genera Seison, Paraseison)
lţbl	gnathifer	thorny-headed/spiny-headed worm (Acanthocephala)	arrow worm (Chaetognatha)	symbion (Cycliophora)
lţbr	unsusual spiralia	jaw worm (Gnathostomulida)	limnognathia (Micrognathozoan)	gastrotrich/hairyback (Gastrotricha)
lţtw	cestoda (tapeworm) 1	pork/beef/Asian tapeworm (genus Taenia)	broad/fish tapeworm (genus Diphyllobothrium)	dwarf/rat tapeworm (genus Hymenolepis)
lţty	cestoda (tapeworm) 2	cat/dog/racoon tapeworm (genus Spirometra)	echinococcus (genus Echinococcus)	other tapeworm
lţtl	trematode (fluke) 1	blood fluke (genus Schistosoma)	trichobilharzia (genus Trichobilharzia)	paragonimus (genus Paragonimus)
lţtr	trematode (fluke) 2	common liver fluke (genus Fasciola)	Chinese liver fluke (genus Chlonorchis)	lancet liver fluke (genus Dicrocoelium)
lţtř	trematode/flatworm	Southeast Asian liver fluke (genus Opisthorchis)	other trematode	other flatworm/planarian
lţtç	bryozoan/entoproct	moss animal (Bryozoa/Ectoprocta)	entoproct/kamptozoan (Entoprocta/Kamptozoa)	n/a
lţtļ	annelid-related animal 1	horseshoe worm (genera Phononis, Actinotrocha)	brachiopod (Brachiopoda)	peanut worm (Sipuncula)
lţth	annelid-related animal 2	ribbon worm, proboscis worm (Nemertean)	myzostomid (Myzostomida)	dicyemid/rhombozoan (Dicyemida/Rhombozoa)
ţpw	snail	terrestrial snail	sea snail/whelk	limpet
ţpy	distinctive sea snail	abalone	conch (sea snail with pointed/spired/horned shell)	sea butterfly (Thecosomata)
ţpl	slug	slug	sea slug/nudibranch	sea hare (Aplysiida)
ţpr	clam	clam	cockle (mollusc)	file shell (Limidae)
ţpř	myid/hiatellid	soft-shell clam (Myida)	geoduck (Hiatellidae)	shipworm (genus Teredo)
ţpç	oyster	oyster, foam/honeycomb oyster (Ostreida)	hammer, pearl, tree, winged, or feather oyster, pulvinitid (Pteriida)	dimyarian oyster (Dimyidae)
ţpf	mussel/scallop	freshwater mussel (Unionida)	saltwater mussel (Mytilida)	scallop, glass scallop, mud scallop (Pectinida)
ţps	pteriomorph 1	jingle shell/saddle oyster (Anomiidae)	windowpane shell/oyster (genus Placuna)	pen shell (Pinnidae)
ţpš	pteriomorph 2	ark shell/ark clam/bittersweet (Arcida)	kittenpaw (genus Plicatula)	spiny/thorny oyster (genus Spondylus)
ţpţ	octopod	🐙 octopus (Octopoda)	vampire squid (genus Vampyroteuthis)	argonaut/paper nautilus (genus Argonauta)
ţpļ	squid/cuttlefish	🦑 squid (Myopsida, Oegopsida)	bobtail squid, ram’s horn squid (Sepiolida, Spirulida)	cuttlefish (Sepiida)
ţpss	nautilus/chiton/scaphopod	chambered nautilus (genera Allonautilus, Nautilus)	chiton/sea cradle (Polyplacophora)	tusk shell/tooth shell (Scaphopoda)
ţpšš	unusual mollusc	solenogaster (Solenogastres)	caudofoveate (Caudofoveata)	monoplacophoran (Monoplacophora)
kfw	porifera (sea sponge) 1	calcareous sponge (Calcarea)	glass sponge (Hexactinellida)	coralline sponge (Demospongiae)
kfy	porifera (sea sponge) 2	spiculate sponge (Plakinidae)	slime sponge, aspiculate sponge (genera Oscarella, Pseudocorticium)	n/a
kfm	ctenophore/placozoan	comb jelly, Venus girdle (Tentaculate)	beroid/cigar comb jelly (genera Beroe, Neis)	placozoan (genera Trichoplax, Hoilungia, Polyplacotoma)
kfl	sea anemone	sea anemone (Actiniaria)	zoanthid coral (Zoantharia)	tube-dwelling anemone (Penicillaria, Spirularia)
kfr	hexacoralline coral	stony/hard coral (Scleractinia)	mushroom coral, elephant ear anemone (Corallimorpharia)	black/thorn coral (Antipatharia)
kfř	octocoralline coral	sea pen, sea pansy (Pennatulacea)	soft coral, sea fan, sea whip, gorgonian (Alcyonaea)	soft coral (genera Heliopora, Nanipora)
kft	jellyfish	🪼 jellyfish (Coronamedusae, Discomedusae)	box jellyfish (Cubozoa)	stalked jellyfish (Stauromedusae)
kfp	hydrozoan	hydroid, polyp (Hydrozoa in hydroid or polypoid stage)	hydrozoan jelly, medusa (Hydrozoa in medusoid stage)	siphonophore/colonial hydrozoan, Portuguese man o’war (Siphonophorae)
kfn	parasitic cnidarian	polypodium (genus Polypodium)	myxosporean myxozoan (Myxosporea)	saccosporid myxozoan (genera Buddenbrockia, Tetracapsuloides)
ztf	extinct arthropods	trilobite (Artiopoda)	great appendage arthropod (Megacheira)	other extinct arthropod (Dinocaridida)
zňw	asian trapdoor spider	Japanese/Ryuku Island trapdoor spider, kimura spider (genera Heptathela, Ryuthela)	Chinese/Vietnamese trapdoor spider (genera Ganthela, Sinothela, Songthela, Vinathela, Qiongthela)	Thai/Malaysian/Burmese/Laotian trapdoor spider (genus Liphistius)
zmř	mygalomorphic atypoid spider	folding trapdoor spider (genera Aliatypus, Antrodiaetus, Atypoides)	purseweb spider/atypical tarantula (genera Atypus, Calommata, Sphodros)	sheet funnel-web spider/dwarf tarantula (genera Hexura, Hexurella, Mecicobothrium, Megahexura)
zmw	avicularioidea 1	actinopod spider, mouse spider (genera Actinopus, Missulena, Plesiolena)	Australian funnel-web spider (genera Atrax, Hadronyche, Illawarra)	funnel-web tarantula (Hexathelidae, Macrothelidae, Porrhothelidae)
zmy	avicularioidea 2	curtain-web spider (Dipluridae, Euagridae, Ischnothelidae, Microhexuridae, Microstigmatidae)	macrothelid funnel-web spider (genus Macrothele)	porrhothelid curtain-web spider (genus Porrhothele)
zml	avicularioidea 3	cork-lid trapdoor spider (genera Cteniza, Cyrtocarenum, Stasimopus)	halonoproctid trapdoor spider (Halonoproctidae)	funnel-web tarantula (Nemesiidae, Anamidae, Bemmeridae, Entypesidae, Pycnothelidae)
zmr	avicularioidea 4	wafer trapdoor spider (Cyrtaucheniidae)	euctenizid trapdoor spider (Euctenizidae)	armoured trapdoor spider (Idiopidae)
znw	avicularioidea 5	brushed trapdoor spider/trapdoor baboon spider (Barychelidae)	tree trapdoor spider (Migidae)	microstigmatid spider (Microstigmatidae)
zny	avicularioidea 6	tarantula (Theraphosidae)	baldlegged spider (genera Anisaspis, Anisaspoides, Paratropis, Stormtropis)	glabropelmatine baldlegged spider (genus Melloina)
bzpw	primitive araneomorphic spider 1	lampshade spider (genera Ectatosticta, Hypochilus)	crevice weaver spider (Filistatidae)	austrochilid spider (genera Austrochilus, Thaida)
bzpy	primitive araneomorphic spider 2	large-clawed spider (Gradungulidae except Hickmania)	Tasmanian cave spider (genus Hickmania)	leptonetid spider (Leptonetidae)
bzpl	synspermiatic (haplogyne) spider 1	coneweb spider (genera Diguetia, Segestrioides)	plectreurid spider (genera Kibramoa, Plectreurys)	pacullid spider (Pacullidae)
bzpr	synspermiatic (haplogyne) spider 2	armoured spider (Tetrablemmidae)	daddy long-legs/cellar spider/carpenter spider/vibrating spider/skull spider (Phlocidae)	caponiid spider (Caponiidae)
bzpř	synspermiatic (haplogyne) spider 3	woodlouse hunter/cell spider/sowbug-eating spider (Dysderidae)	tube-dwelling spider/tubeweb spider (Segestriidae)	orsolobid spider (Orsolobidae)
bzpf	synspermiatic (haplogyne) spider 4	goblin spider/dwarf hunting spider (Oonopidae)	midget ground weaver spider (Ochyroceratidae)	tragloraptor spider (genus Tragloraptor)
bzpļ	synspermiatic (haplogyne) spider 5	recluse spider, violin spider, sand spider (genera Loxosceles, Hexophthalma, Sicarius)	false violin spider (genera Drymusa, Izithunzi)	periegops spider (genus Periegops)
bzpç	synspermiatic (haplogyne) spider 6	spitting spider (Scytodidae)	long-legged cave spider (Telemidae)	other synspemiatic (haplogyne) spider (other Synspermiata)
bzph	palpimanoid spider 1	assassin spider/pelican spider (Archaeidae)	stenochild spider (genera Colopea, Stenochilus)	palp-foot spider (Palpimanidae)
bzphw	palpimanoid spider 2	mecysmaucheniid spider (Mecysmaucheniidae)	huttonia spider (genus Huttonia)	n/a
spw	entelegyne spider 1	tangle-web spider/cobweb spider/comb-footed spider, common house spider, widow (Theridiidae)	orb-weaver spider (Araneidae)	long-jawed orb weaver/long jawed spider (Tetragnathidae)
spy	entelegyne spider 2	spurred orb-weaver spider (Mysmenidae)	dwarf orb-weaver (Symphytognathidae)	arkyid orb-weaver, triangular spider/ambush spider (genera Arkys, Demadiana)
spř	entelegyne spider 3	anapid spider (Anapidae)	scaffold web spider (Nesticidae)	sheet weaver spider/money spider/dwarf spider (Linyphiidae)
spf	entelegyne spider 4	ray spider (Theridiosomatidae)	cyatholipid spider (Cyatholipidae)	pimoid spider (Pimoidae)
spţ	entelegyne spider 5	synaphrid spider (Synaphridae)	synotaxus spider (genus Synotaxus)	physoglenid spider (Physoglenidae)
spv	entelegyne spider 6	funnel weaver spider (Agelenidae)	toxopid spider (Toxopidae)	tangled nest spider (Amaurobiidae)
spļ	entelegyne spider 7	dark sac spider (Corinnidae)	liocranid sac spider (Liocranidae)	sac spider (Clubionidae)
spç	entelegyne spider 8	ground spider/flat-bellied ground spider/long-spinneret ground spider (Gnaphosidae)	lamponid spider (Lamponidae)	flat spider (Trochanteriidae)
sph	entelegyne spider 9	termite hunter spider (Ammoxenidae)	cithaeronid spider (genera Cithaeron, Inthaeron)	gallieniellid spider (Gallieniellidae)
spfw	entelegyne spider 10	jumping spider (Salticidae)	wall spider/wall crab spider/flatty (Selenopidae)	anyphaenid sac spider (Anyphaenidae)
spfy	entelegyne spider 11	crab spider, flower spider/flower crab spider (Thomisidae)	huntsman spider/giant crab spider, wood spider, rain spider, wheel spider (Sparassidae)	running crab spider (Philodromidae)
spfl	entelegyne spider 12	intertidal spider (Desidae)	phrurolithid spider (Phrurolithidae)	trachelid spider (Trachelidae)
spfr	entelegyne spider 13	dictynid spider (Dictynidae)	cybaeid spider (Cybaeidae)	dwarf sheet spider (Hahniidae)
spfř	entelegyne spider 14	velvet spider (Eresidae)	tree trunk spider (Hersiliidae)	disc web spider (Oecobiidae)
sphw	entelegyne spider 15	wolf spider (Lycosidae)	wandering spider/tropical wolf spider (Ctenidae)	viridasiid spider (genera Viridasius, Vulsor)
spçw	entelegyne spider 16	lynx spider (Oxyopidae)	nursery web spider (Pisauridae)	sheetweb spider (Stiphidiidae)
spçç	entelegyne spider 17	psechrid spider (Psechridae)	senoculus spider (genus Senoculus)	trechaleid spider (Trechaleidae)
spţw	entelegyne spider 18	false wolf spider (Zoropsidae)	udubid spider (Udubidae)	penestomus spider (genus Penestomus)
spţy	entelegyne spider 19	shield spider (Malkaridae)	pirate spider (Mimetidae)	nicodamid spider (Nicodamidae)
spţl	entelegyne spider 20	lace web spider (Phyxelididae)	titanoecid spider (Titanoecidae)	megadictynid spider (genera Forstertyna, Megadictyna)
spţr	entelegyne spider 21	hackled orb spider (Uloboridae)	net-casting spider (genera Deinopis, Menneus)	ant spider (Zodariidae)
spţř	entelegyne spider 22	long-legged sac spider (Miturgidae)	cheiracanthiid spider (Cheiracanthiidae)	xenoctenid sac spider (Xenoctenidae)
spļw	entelegyne spider 23	cycloctenid spider (Cycloctenidae)	homalonychus spider (Homalonychus)	other Entelegyne spider (other Entelegyne)
ggz	scorpion 1	thick-tailed scorpion, fat-tailed scorpion, bark scorpion (Buthidae, Microcharmidae)	rock scorpion/creeping scorpion/tree scorpion (genus Hemiscorpius)	wood-scorpion (Euscorpiidae)
ggv	scorpion 2	giant forest scorpion, emperor scorpion, burrowing scorpion/hissing scorpion/serkets, pale-legged scorpion (Scorpionidae)	stripetailed scorpion, sand scorpion, slendertailed scorpion, northern scorpion, dune scorpion, unstriped scorpion, devil scorpion (Vaejovidae)	giant desert hairy scorpion, black-back scorpion (Caraboctonidae, Hadruridae)
ggḑ	scorpion 3	pseudochactid cave-dwelling scorpion (Pseudochactidae)	other scorpion (other Scorpiones)	n/a
ẓfw	disease-carrying tick	deer tick (genus Ixodes)	wood tick (genus Dermacentor)	Cayenna tick, lone star tick (genus Amblyomma)
ẓfy	metastigma (tick)	hard tick (Ixodidae)	soft tick (Argasidae)	nuttalliella tick (genus Nuttalliella)
ẓfl	parasitic mite 1	itch mite/scabies mite (genus Sarcoptes)	dust mite/house dust mite (genus Dermatophagoides)	Mayne's house dust mite (genus Euroglyphus)
ẓfr	parasitic mite 2	red mite (genus Dermanyssus)	tropical rat mite, tropical fowl mite, northern fowl mite, bird mite (genus Ornithonyssus)	cheyletiella mite (genus Cheyletiella)
ẓfř	parasitic mite 3	cheyletus mite (genus Cheyletus)	cheese mite (genus Tryophagus)	oak leaf gall mite, itch mite (genus Pyemotes)
ẓfm	parasitic mite 4	flour mite (genus Acarus)	glyciphagus mite (genus Glyciphagus)	gruit mite (genus Carpoglyphus)
ẓfn	parasitic mite 5	house rat mite (genus Liponyssoides)	spiny rat mite (genus Laelaps)	chigger/red bug/harvest mite/scrub-itch mite, berry bug (Trombiculidae)
ẓfň	other mite	sarcoptiform mite (i.e., astigmatine, endeostigmatid, or oribatid mite) (Sarcoptiformes)	trombidiform mite (i.e., prostigmatid or sphaerolichid mite), chigger (Trombidiformes)	parasitiform mite (Holothyrida, Mesostigma, Opilioacariformes)
ẓnw	other arachnid 1	harvestman/harvester/shepherd spider (Opiliones)	pseudoscorpion/false scorpion/book scorpion (Pseudoscorpiones)	solifuge/sun spider/camel spider/wind scorpion (Solifugae)
ẓny	other arachnid 2	whip spider/tailless whip scorpion (Amblypygi)	spricket/shorttailed whipscorpion (Schizomida)	whip scorpion/vinegaroon (Uropygi)
ẓňw	other arachnid 3	palpigrade/microwhip scorpion (Palpigradi)	hooded tickspider (genera Cryptocellus, Pseudocellus, Ricinoides)	n/a
spļļ	non-arachnid chelicerate	horseshoe crab (genera Tachypleus, Limulus, Carcinoscorpious)	sea spider (Pycnogonida)	n/a
kţkw	branchiopod 1	fairy shrimp, brine shrimp (Anostraca)	tadpole shrimp/shield shrimp (genera Triops, Lepidurus)	water flea (Anomopoda, Ctenopoda, Onychopoda, Haplopoda)
kţky	branchiopod 2	laevidaudate clam shrimp (Lynceidae)	cyclestherid clam shrimp (genera Cyclestheria, Paracyclestheria)	spinicaudate clam shrimp (Spinicaudata)
kţkç	other small crustacean	horseshoe shrimp (Hutchinsoniellidae)	seed shrimp (Ostracoda)	remipede (Remipedia)
kţkl	copepod/mystacocarid	planktonic marine/freshwater copepod (Calanoida, Canuelloida, Cyclopoida, Monstrilloida, Mormonilloida, Platycopioida, Siphonostomatoida)	sea-floor-dwelling/cavedwelling copepod (Gelyelloida, Harpacticoida, Misophrioida	mystacocarid (genus Derocheilocaris, Ctenocheilocaris)
kţkr	thecostraca (barnacle/barnacle-like creature)	barnacle (Thoracica)	parasitic barnacle (Rhizocephala)	acrothoracic barnacle, ascothoracid parasite, facetotectid (Acrothoracica, Ascothoracida, Facetotecta)
kţkř	small parasitic maxillopod crustacean	fish louse, carp louse (Argulidae)	tongue worm (Pentastomida)	tantulocarid (Tantulocarida)
kţmw	amphipod (scud/sideswimmer)	shrimp-like amphipod/scud/sideswimmer (Gammaridea, Senticaudata)	worm-like amphipod (Ingolfiellidea)	marine parasitic/predatory amphipod (Hyperiidea)
kţmy	isopod (wood louse/pill bug-like creature)	wood louse/pill bug/armadillo bug/roly-poly/potato bug/sow bug (Oniscidea)	marine/freshwater isopod (Asellota, Calabozoida, Cymothoida, Limnoriidea, Phoratopidea, Phreatoicidea, Sphaeromatidea, Tainisopidea, Valvifera)	tiny worm-like isopod (Microcerberidea)
kţnw	peracarid (brood-pouch bearing shrimp) 1	hooded shrimp/comma shrimp (Cumacea)	opossum shrimp (Mysida, Stygiomysida)	tanaid (Tanaidacea)
kţny	peracarid (brood-pouch bearing shrimp) 2	mictacean or lophogastrid crustacean (Mictacea, Lophogastrida, Hirsutiidae)	spelaeogriphacean (cave-dwelling) crustacean (Spelaeogriphacea)	thermosbaenacean (thermal spring-dwelling) crustacean (Thermosbaenacea)
kţpw	non-decapod eucarid	krill (Euphausiidae)	deep sea krill (genus Bentheuphausia)	amphionides (genus Amphionides)
kţpy	dendrobranchiate (prawn)	gamba prawn/deep-sea shrimp (Aristeidae)	benthesicymid/penaeid/sicyoniid/solenocerid prawn (Benthesicymidae, Penaeidae, Sicyoniidae, Solenoceridae)	luciferid/sergestid prawn (Luciferidae, Sergestidae)
kţpl	caridean shrimp 1	snapping shrimp/pistol shrimp/alpheid shrimp, cleaner shrimp, broken-back shrimp/anemone shrimp (Alpheoidea)	crangonoid shrimp (Crangonoidea)	pandaloid shrimp (Pandaloidea)
kţpr	caridean shrimp 2	atyid shrimp (Atyidae)	campylonotoid shrimp (Campylonotoidea)	palaemonoid shrimp (Palaemonoidea)
kţpř	caridean shrimp 3	nematocarcinoid shrimp (Nematocarcinoidea)	pasiphaeid shrimp (Pasiphaeidae)	processid shrimp (Processidae)
kţph	caridean shrimp 4	stylodactylid shrimp (Stylodactylidae)	oplophorid shrimp (Oplophoridae)	bresilioid shrimp (Bresilioidea)
kţpç	rare caridean shrimp 5	psalidopus shrimp (genus Psalidopus)	physetocaris shrimp (genus Physetocaris)	galatheacaris shrimp (genus Galatheacaris)
kţl	lobster	Norway lobster, Dublin Bay prawn, langoustine, scampi (genus Nephrops)	American lobster/Maine lobster/Atlantic lobster/true lobster, European lobster/common lobster (genus Homarus)	Japanese lobster, China lobster, Australian scampi, New Zealand scampi, Bight lobster, Caribbean lobster, Cape lobster, etc. (Nephropidae except genera Nephrops, Homarus)
kţr	achelate lobster	spiny lobster (Palinuridae)	furry lobster, mole lobster (genera Palinurellus, Palibythus)	slipper lobster/shovel-nose lobster/locust lobster (Scyllaridae)
kţř	lobster-like creature	glypheid lobster (genera Neoglyphea, Laurentaeglyphea)	polychelid shrimp (Polychelidae)	reef lobster (genus Enoplometopus)
kţf	crayfish	"asian/european/western north american crayfish (Astacidae, 	Cambaroididae)"	eastern north american/central american crayfish (Cambaridae)	southern hemisphere crayfish (Parastacidae)
kţţ	crab	crab (Eubrachyura)	frog crab (Raninidae)	podotremate crab (Dromiacea, Cyclodorippoida)
kţţw	crab-like creature 1	hermit crab, coconut crab/robber crab (Paguroidea)	king crab (Lithodidae)	sand crab/mole crab (Hippoidea)
kţţy	crab-like creature 2	squat lobster, porcelain crab (Galatheoidea, Chirostyloidea)	aegla crab (genus Aegla)	hairy stone crab (genus Lomis)
kţň	other decapod	boxer shrimp, glass sponge shrimp (Stenopodidea)	procarid shrimp (genera Procaris, Vetericaris)	mud shrimp/mud lobster, ghost shrimp, burrowing shrimp (Axiidea, Gebiidea)
kţňw	other crustacean	mantis shrimp (Stomatopoda)	leptostracan (Leptostraca)	syncarid crustacean, anaspid crustacean (Syncarida)
bḑl	chilopod (centipede)	house centipede (Scutigeromorpha)	stone centipede (Lithobiomorpha)	soil centipede, tropical centipede, craterostigmus centipede (Geophilomorpha, Scolopendromorpha, Craterostigmomorpha)
bḑr	diplopod (millipede)	worm-like millipede (Helminthomorpha)	short-bodied pill millipede (Pentazonia)	bristly millipede/pincushion millipede (Polyxenida)
bḑř	other myriapod	pauropod (Pauropoda)	symphylan/garden centipede/pseudocentipede (Symphyla)	n/a
cdw	entognathid	springtail (Collembola)	dipluran/two-pronged bristletail (Diplura)	proturan/conehead (Protura)
cdy	silverfish/jumping bristletail	silverfish/fishmoth (Zygentoma except Thermobia domestica)	firebrat (Thermobia domestica)	jumping bristletail (Archaeognatha)
cdl	dragonfly	aeshnid/hawker/darner dragonfly, petaltail dragonfly, clubtail dragonfly, Himalayan relict dragonfly (Aeshnoidea, Gomphidae, Petaluridae, Epiophlebiidae)	spiketail/biddie/flying addie dragonfly, neopetalia (Cordulegastroidea)	emerald, skimmer/percher, pennant, dasher, sylph, dragonlet, pondhawk, setwing, pintail, forestwatcher, rainpool glider, amberwing, meadowhawk/darter, saddlebag, whiteface, dropwing dragonfly (Libelluloidea)
cdr	damselfly	ancient greenling, pond, narrow-wing, white-legged, shadowdamsel, threadtail, forest giant damselfly (Coenagrionoidea, Hemiphlebiidae, Platystictidae)	spreadwing, bluestrak, flatwing, shortwing, sylph damselfly (Lestidae, Perilestidae, Synlestidae)	relict, demoiselle, jewel, bareleg, odalisque, bannerwing damselfly (Calopterygoidea)
cdř	mayfly (shadfly/fishfly/up-winged fly)	pannotic mayfly, spiny crawler mayfly, armored mayfly (Pannota)	schistonotic mayfly, brushlegged mayfly, minnow mayfly, flat-headed mayfly/stream mayfly, spiny-headed burrowing mayfly (Baetoidea, Ephemeroidea, Heptagenioidea)	leptophlebiid/prong-gilled mayfly (Leptophlebiidae)
cdv	dermapteran/zorapteran	earwig (Dermaptera except Spongiphoridae)	little earwig (Spongiphoridae)	angel insect (Zoraptera)
xfw	cricket	cricket, scaly cricket (Grylloidea)	mole cricket (Gryllotalpidae)	ant cricket (Myrmecophilidae)
xfy	cricket-like creature 1	katydid/bush cricket (Tettigoniidae)	grig (Hagloidea)	stenopelmatid, Jerusalem cricket (Stenopelmatidae)
xfl	cricket-like creature 2	weta/king cricket (Anostostomatidae)	leaf-rolling cricket/raspy cricket (Gryllacrididae)	cooloola monster, dingo monster, Pearson's monster, sugarcane monster (Cooloola)
xfr	cricket-like creature 3	cave weta/cave cricket, camleback cricket/camel cricket, spider cricket, sand treader (Rhaphidophoridae)	dune cricket/splay-footed cricket (genus Comicus, Schizodactylus)	n/a
xfm	grasshopper	grasshopper (Acridoidea, Pyrgomorphidae, Tanaoceridae)	bladder grasshopper (Pneumoridae)	leaf grasshopper (Trigonopterygoidea)
xfn	grasshopper-like creature	monkey grasshopper/matchstick grasshopper (Eumastacoidea)	stick grasshopper/jumping stick (Proscopiidae)	groundhopper/pygmy grasshopper/pygmy devil (Tetrigidae)
xfř	tridactyloid	sandgroper (Cylindrachetidae)	miud cricket (genera Mirhipipteryx, Ripipteryx)	pygmy mole cricket (Tridactylidae)
xţw	notoptera/embioptera	ice bug, ice-crawler (Grylloblattidae)	gladiator/rock crawler/heelwalker (Mantophasmatidae)	webspinner/footspinner (Embioptera)
xţy	phasmatode (walking stick/walking leaf)	walking stick/stick-bug/bug stick (Euphasmatodea, Timematidae except Phylliidae)	walking leaf/leaf insect (Phylliidae)	agathemera (Agathemera)
ḑpļ	mantis	praying mantis (Mantidae)	flower mantis (various Mantodea)	other mantis (other Mantodea)
čň	cockroach	Oriental, American, Australian, Brown, Smokbrown, Florida woods, Botany Bay, common shining, wood roach/brown-hooded cockroach (Anaplectidae, Blattidae, Lamproblattidae, Tryonicidae, Cryptocercidae)	blaberid, giant cockroach, death’s head, false death’s head/drummer/discoid, speckled/lobster, greenhouse/Surinam, hissing, Dubia/orange-spotted, giant burrowing, Asian, brown-banded, European native, fulvous wood, German, Pennsylvania wood, Virginia wood, small yellow cockroach (Blaberidae, Ectobiidae)	sand/cave cockroach (Corydioidea)
čňw	termite	higher/newer termite (Stylotermitidae, Serritermitidae, Rhinotermitidae, Termitogetonidae, Psammotermitidae, Heterotermitidae, Termitidae)	dampwood termite, harvester termite, drywood termite (Archotermopsidae, Hodotermitidae, Hodotermopsidae, Stolotermitidae, Kalotermitidae)	giant northern termite/Darwin termite (genus Mastotermes)
cxm	aphid	aphid (Aphididae)	pine aphid, spruce aphid, wooly aphid (Adelgidae)	phylloxeran (Phylloxeridae)
cxl	louse	louse (Phthiraptera)	head louse, body louse (genus Pediculus)	crab louse/public louse (genus Pthirus)
cxr	paraneopteran bug	thrip (Thysanoptera)	booklouse (Liposcelididae)	barklouse/barkfly/psocid (Trogiomorpha, Psocomorpha, Pachytroctidae, Sphaeropsocidae, Amphientometae)
nļt	cicadomorphic bug	fulgorid planthopper (Fulgoridae)	other planthopper (Fulgoromorpha except Fulgoridae)	n/a
nļtw	reduviid (assassin bug) 1	kissing bug/conenose bug/cone-headed bug/vampire bug (Triatominae)	corsair (Peiratinae)	assassin bug, wheel bug (other Reduviidae)
nļty	reduviid (assassin bug) 2	ambush bug (Phymatinae)	thread-legged bug (Emesinae)	feather-legged bug/ant wolf (Holoptilinae)
nļtl	pentatomomorphic bug 1	shield bug, stink bug, burrowing bug, jewel bug, ebony bug, chust bug, giant shield bug (Pentatomoidea)	seed bug, stilt bug, big-eyed bug, dirt-colored seed bug, ash-gray leaf bug (Lygaeoidea)	red bug, cotton stainer, bordered plant bug (Pyrrhocoroidea)
nļtr	pentatomomorphic bug 2	hyocephalid bug (genera Hyocephalus, Maevius)	dicranocephalus (genus Dicranocephalus)	termite bug (genera Termitaphis, Termitaradus)
nļtř	sternorrhynchan bug	jumping plant lice (Psylloidea)	whitefly (Aleyrodidae)	scale insect, mealybug, cochineal, ground pearl (Coccoidea)
nļtf	coreoid bug	broad-headed bug (Alydidae)	leaf-footed bug, squash bug (Coreidae)	scentless plant bug, soapberry bug (Rhopalidae)
nļtç	fulgoroid bug	cicada (Cicadoidea)	froghopper/spittlebug (Cercopoidea)	treehopper/thorn bug (Membracoidea)
nļc	cimicomorphic bug 1	cimicid, bed bug (Cimicidae)	minute pirate bug/flower bug (Anthocoridae, Lyctocoridae)	minute bladder bug (Microphysidae)
nļcw	cimicomorphic bug 2	capsid bug/mirid bug/plant bug/leaf bug/grass bug, lygus bug, apple dimpling bug, mosquito bug, honelylocust plant bug, green mind, potato mind (Miridae)	damsel bug (Nabidae)	flat bug (Aradidae)
nļč	cimicomorphic bug 3	lace bug (Tingidae)	royal palm bug (Thaumastocoridae)	Old World bat bug (Polyctenidae)
nļčw	cimicomorphic bug 4	velocipedid bug (Velocipedidae)	joppeicus bug (genus Joppeicus)	curalium bug (genus Curalium)
nļtv	cimicomorphic bug 5	web-lover (Plokiophilidae)	medocostes bug (genus Medocostes)	pachynomid bug (Pachynomidae)
nļf	gerroid (semi-aquatic) bug	water strider/water skeeter/pond skater/water skipper/Jesus bug (Gerridae)	riffle bug/broad-shouldered water strider (Veliidae)	coral-treader (genus Hermatobates)
nļfw	gerromorphic (semi-aquatic) bug	water measurer/marsh treader (Hydrometroidea)	velvet water bug (Hebroidea)	water treader (Mesovelioidea)
nļfy	dipsocoromorphic bug (litter bug)	litter bug (Ceratocombidae)	jumping soil bug, jumping ground bug (Hypsipterygidae, Schizopteridae, Dipsocoridae)	stemmocrypta bug (genus Stemmocrypta)
nļfl	nepomorphic bug 1	giant water bug/toe-biter/electric-light bug/alligator tick/alligator flea (Belostomatidae)	water scorpion, needle bug, water stick insect (Nepidae)	water boatman (Corixidae, Micronectidae)
nļfr	nepomorphic bug 2	toad bug (genera Gelastocoris, Nerthra)	velvety shore bug (Ochteridae)	creeping water bug/saucer bug (Naucoridae)
nļfř	nepomorphic bug 3	backswimmer, pygmy backswimmer (Notonectidae, Helotrephidae, Pleidae)	aphelocheirus bug (genus Aphelocheirus)	potamocorid bug (genus Coleopterocoris, Potamocoris)
nļv	heteropteran bug	moss bug/beetle bug (Peloridiidae)	gnat bug, unique-headed bug, aenictophecheid (Enicocephaloidea)	shore bug, shiny shore bug (Leptopodomorpha)
bzz	corbiculate apid bee	🐝 honeybee (genus Apis, tribe Meliponini)	bumblebee (genus Bombus)	orchid bee (Euglossini)
bzzw	non-corbiculate apid bee	digger bee, long-horned bee, non-corbiculate apine bee (Apinae except Corbiculata)	cuckoo bee (Nomadinae)	carpenter bee (Xylocopinae)
bzzy	non-apid bee	mason bee, leafcutter bee, carder bee (Megachilidae)	plasterer bee/polyester bee, yellow-faced bee (Colletidae)	non-apid bee, sweat bee, mining bee (Andrenidae, Halictidae, Melittidae, Stenotritidae)
bzzl	sphecid (thread-waisted) wasp	mud wasp, mud dauber (Sceliphrinae)	cricket-hunter wasp (genus Chlorion)	thread-waisted wasp, sand wasp (Ammophilinae, Sphecinae)
bzzr	sphecoid wasp	cockroach wasp (Ampulicidae)	predatory wasp, bee-hunter, bee-killer wasp, ant-queen kidnapping wasp (Philanthidae)	aphid wasp (Pemphredonidae, Psenidae, Ammoplanidae)
bzzř	bembicine wasp	sand wasp (Bembicinae)	kleptoparasitic bembicid wasp (Nyssoninae)	astatid wasp (Astatidae)
bzzv	cabronid wasp	digger wasp, square-headed wasp (Crabronidae)	mellinid wasp (genera Mellinus, Xenosphex)	n/a
bzzx	vespa (hornet)	common European hornet (Vespa crabro)	Asian giant hornet/murder hornet (Vespa mandarinia)	other hornet (other Vespa)
bzzm	vespine wasp	common wasp, red cuckoo wasp, red wasp, oriental hornet (genus Vespula)	yellowjacket, tree wasp, Saxon wasp, Norwegian wasp, bald-face hornet (genus Dolichovespula)	night wasp/night hornet (genus Provespa)
bzzn	vespid wasp	potter wasp (Eumeninae, Zethinae)	paper wasp (Polistinae)	hover wasp (Stenogastrinae)
bzzň	chrysidoid/vespoid wasp 1	cuckoo wasp, emerald wasp, jewel wasp, gold wasp, ruby wasp (Chrysididae)	chrysidoid wasp (Bethylidae, Dryinidae, Embolemidae, Plumariidae, Sclerogibbidae, Scolebythidae)	pollen wasp (Masarinae, Euparagiinae, Gayellinae)
bzzḑ	chrysidoid/vespoid wasp 2	velvet wasp/velvet ant (Mutillidae)	spider wasp/spider-hunting wasp, tarantula hawk (Pompilidae)	other vespoid wasp (Bradynobaenidae, Chyphotidae, Myrmosidae, Rhopalosomatidae, Sapygidae, Scoliidae, Sierolomorphidae, Thynnidae, Tiphiidae)
bzzb	chalcid wasp	fig wasp (Agaonidae)	chalcid wasp (Chalcididae)	seed chalcid wasp (Eurytomidae)
bzzd	parasitoid (non-aculeate) wasp 1	fairy wasp/fairyfly (Mymaridae)	chalcidoid wasp (Aphelinidae, Encyrtidae, Eucharitidae, Eulophidae, Eupelmidae, Leucospidae, Ormyridae, Perilampidae, Pteromalidae, Rotoitidae, Signiphoridae, Tanaostigmatidae, Tetracampidae, Torymidae, Trichogrammatidae)	ceraphronid wasp (Ceraphronidae, Megaspilidae)
bzzg	parasitoid (non-aculeate) wasp 2	gall wasp/gallfly (Cynipidae)	cynipoid wasp (Austrocynipidae, Figitidae, Ibaliidae, Liopteridae)	diaprioid wasp (Austroniidae, Diapriidae, Maamingidae, Monomachidae)
bzzp	parasitoid (non-aculeate) wasp 3	ensign wasp/nightshade wasp/hatchet wasp (Evaniidae)	evanioid wasp, trigonaloid wasp (Aulacidae, Gasteruptiidae, Trigonalidae)	megalyrid wasp (Megalyridae)
bzzt	parasitoid (non-aculeate) wasp 4	ichneumon wasp, scorpion wasp (Ichneumonidae)	braconid wasp, mummy-wasp (Braconidae)	false fairy wasp (Mymarommatidae)
bzzk	parasitoid (non-aculeate) wasp 5	crown wasp (Stephanidae)	proctotrupoid wasp (Heloridae, Pelecinidae, Peradeniidae, Proctorenyxidae, Proctotrupidae, Roproniidae, Vanhorniidae)	platygastroid wasp (Platygastridae, Scelionidae, Geoscelionidae, Janzenellidae, Neuroscelionidae, Nixoniidae, Sparasionidae)
mţk	formicine ant 1	wood ant, mound ant, thatching ant, field ant, meadow ant, horse ant (genus Formica)	desert ant (genus Cataglyphis)	giant forest ant (genus Dinomyrmex)
mţkw	formicine ant 2	carpenter ant (genus Camponotus)	weaver ant (Oecophylla)	Amazon ant (genus Polyergus)
mţky	formicine ant 3	rover ant (genus Brachymyrmex)	gigantiops jumping ant (genus Gigantiops)	formicine ant (other Formicinae)
mţkl	myrmicine ant 1	fire ant, ginger ant, tropical fire ant (genus Solenopsis)	monomorium ant, flower ant, pharaoh ant (genus Monomorium)	harvester ant, Maricopan harvester ant (genus Pogonomyrmex)
mţkr	myrmicine ant 2	Saint Valentine ant/cocktail ant/acrobat ant (genus Crematogaster)	turtle ant (genus Cephalotes)	myrmicine ant (other Myrmicinae)
mţkř	myrmeciine ant	jack jumper ant/bulldog ant/bull ant (genus Myrmecia)	dinosaur ant/dawn ant (genus Nothomyrmecia)	pseudomyrmecine ant, slender ant (Myrcidris, Pseudomyrmex, Tetraponera)
mţkf	dolichoderine ant 1	Argentine ant (genus Linepithema)	rainbow ant (genus Iridomyrmex)	cone ant (genus Dorymyrmex)
mţkţ	dolichoderine ant 2	erratic ant (Tapinoma erraticum)	stink ant/odorous house ant/sugar ant/coconut ant (Tapinoma sessile)	dolichoderine ant (other Dolichoderinae)
mţkv	other ant	poneromorphic ant (Ectatomminae, Amblyoponinae, Paraponerinae, Ponerinae, Proceratiinae)	other non-poneromorphic ant (Aneuretinae, Martialinae, Agroecomyrmecinae, Dorylinae, Leptanillinae)	n/a
zzvw	symphyte (sawfly) 1	common sawfly (Tenthredinidae)	conifer sawfly/pine sawfly (Diprionidae)	tenthredinoid sawfly (Argidae, Blasticotomidae, Cimbicidae, Pergidae, Zenargidae)
zzvy	symphyte (sawfly) 2	xyelid sawfly (Xyelidae)	leaf-rolling sawfly/web-spinning sawfly (Pamphiliidae)	megalodontesid sawfly (Megalodontesidae)
zzvl	symphyte (sawfly) 3	stem sawfly (Cephoidea)	horntail (Siricidae)	cedar wood wasp (Anaxyelidae)
zzvr	wood wasp	wood wasp (Xiphydriidae)	parasitic wood wasp (Orussidae)	n/a
ẓgw	primitive fly	stonefly (Plecoptera)	snakefly (Raphidioptera)	nevrorthid lacewing (Nevrorthidae)
ẓgy	megaloptera	alderfly (Sialidae)	fishfly (Chauliodinae)	dobsonfly (Corydalinae)
ẓbw	neuropterid (lacewing) 1	giant lacewing (Osmylidae)	moth lacewing (Ithonidae)	green lacewing, stinkfly (Chrysopidae)
ẓby	neuropterid (lacewing) 2	brown lacewing (Hemerobiidae)	dustywing (Coniopterygidae)	pleasing lacewing (Dilaridae)
ẓbl	neuropterid (lacewing) 3	mantidfly/mantisfly (Mantispidae)	thorny lacewing (Rhachiberothidae)	beaded lacewing (Berothidae)
ẓbr	neuropterid (lacewing) 4	split-footed lacewing (Nymphidae)	spoonwing, thread-winged antlion (Nemopteridae)	spongillafly (Sisyridae)
ẓbř	neuropterid (lacewing) 5	silky lacewing (Psychopsidae)	antlion (Myrmeleontidae)	owlfly (Ascalaphidae)
fbw	adephagan beetle 1	ground beetle, bombardier beetle, ant nest beetle/paussine, sand beetle, tiger beetle, harp beetle, violin beetle (Carabidae, Cicindelidae except Rhysodinae)	wrinkled bark beetle (Rhysodinae)	false ground beetle (genera Systolosoma, Trachypachus)
fby	adephagan beetle 2	predacious diving beetle (Dytiscidae)	crawling water beetle, haliplid (Haliplidae)	burrowing water beetle (Noteridae)
fbl	adephagan beetle 3	troutstream beetle (genus Amphizoa)	whirligig beetle (Gyrinidae)	squeak beetle/screech-beetle (genus Hygrobia)
fbr	adephagan beetle 4	cliff water beetle (genera Aspidytes, Sinaspidytes)	meru beetle (genus Meru)	n/a
rçk	cucujoid beetle 1	ladybug/ladybird/lady beetle (Coccinellidae)	Mexican hat beetle (Discolomatidae)	shining flower beetle (Phalacridae)
rçkw	cucujoid beetle 2	handsome fungus beetle (Endomychidae, Anamorphidae, Eupsilobiidae, Mycetaeidae)	pleasing fungus beetle (Erotylidae)	silken fungus beetle (Cryptophagidae)
rçky	cucujoid beetle 3	flat bark beetle (Cucujidae)	dry bark beetle/cocoon-forming beetle (Bothrideridae, Teredidae)	minute bark beetle (Cerylonidae, Euxestidae, Murmidiidae)
rçkl	cucujoid beetle 4	silvan flat bark beetle (Silvanidae)	lined flat bark beetle (Laemophloeidae)	parasitic flat bark beetle (Passandridae)
rçkr	cucujoid beetle 5	sap beetle, picnic beetle/beer bug, small hive beetle (Nitidulidae, Cybocephalidae)	short-winged flower beetle (Kateretidae)	minute brown scavenger beetle/fungus beetle (Latridiidae)
rçkř	cucujoid beetle 6	root-eating beetle (Monotomidae)	minute hooded beetle/minute fungus beetle (Corylophidae)	palmetto beetle (Smicripidae)
rçkç	cucujoid beetle 7	cryptic slime mold beetle (Sphindidae)	other cucujoid beetle (Boganiidae, Helotidae, Lamingtoniidae, Phloeostichidae, Priasilphidae, Propalticidae, Protocucujidae, Alexiidae, Akalyptoischiidae)	Australasian cucujoid beetle (Agapythidae, Cavognathidae, Cyclaxyridae, Hobartiidae, Myraboliidae, Tasmosalpingidae)
rçkf	curculionoid beetle (weevil) 1	true weevil/snout beetle, flower weevil, acorn weevil, nut weevil, broad-nosed weevil, ambrosia beetle/pinhole borer, bark beetle (Curculionidae)	straight-snouted weevil (Brentidae)	leaf-rolling weevil (Attelabidae)
rçkţ	curculionoid beetle (weevil) 2	pine flower weevil (Nemonychidae)	fungus weevil (Anthribidae)	primitive weevil, belid weevil, cycad weevil, carid weevil (Belidae, Caridae)
rçkh	cleroid beetle 1	checkered beetle, ant beetle, steely blue beetle, ham beetle, yellow-horned clerid (Cleridae)	soft-winged flower beetle (Melyridae)	false skin beetle (Biphyllidae)
rçkhw	cleroid beetle 2	fruitworm beetle (Byturidae)	bark-gnawing beetle (Trogossitidae)	other cleroid beetle (Acanthocnemidae, Chaetosomatidae, Lophocateridae, Mauroniscidae, Peltidae, Phloiophilidae, Phycosecidae, Prionoceridae, Protopeltidae, Rentoniidae, Rhadalidae, Thanerocleridae, Thymalidae)
rçkm	chrysomeloid/lymexilid beetle	leaf beetle, Colorado potato beetle/ten-striped spearman (Chrysomelidae, Megalopodidae, Orsodacnidae)	long-horned beetle/longicorn, titan beetle, red milkweed beetle, huhu beetle, harlequin beetle (Cerambycidae, Disteniidae, Oxypeltidae, Vesperidae)	ship-timber beetle, timberworm beetle (Lymexylidae)
rçg	tenebrionoid beetle 1	ant-like leaf beetle (Aderidae)	minute tree-fungus beetle (Ciidae)	hairy fungus beetle (Mycetophagidae)
rçgw	tenebrionoid beetle 2	tumbling flower beetle/pintail beetle (Mordellidae)	ant-like flower beetle (Anthicidae)	false flower beetle (Scraptiidae)
rçgy	tenebrionoid beetle 3	ironclad beetle (Zopheridae except Colydiinae)	cylindrical bark beetle (Colydiinae)	narrow-waisted beetle (Salpingidae)
rçgl	tenebrionoid beetle 4	blister beetle (Meloidae)	false blister beetle/pollen-feeding beetle (Oedemeridae)	fire-coloured beetle (Pyrochroidae)
rçgr	tenebrionoid beetle 5	false long-horned beetle (Stenotrachelidae)	jugular-horned beetle (Prostomidae)	wedge-shaped beetle (Ripiphoridae)
rçgř	tenebrionoid beetle 6	darkling beetle, flour beetle (Tenebrionidae)	false darkling beetle (Melandryidae)	other tenebrionoid beetle (Archeocrypticidae, Boridae, Chalcodryidae, Mycteridae, Promecheilidae, Pterogeniidae, Pythidae, Synchroidae, Tetratomidae, Trictenotomidae, Ulodidae)
rbk	scarabaeid (scarab) beetle 1	tree dung beetle (Scarabaeinae)	small dung beetle (Aphodiinae)	flower chafer, flower beetle (Cetoniinae)
rbkw	scarabaeid (scarab) beetle 2	rhinoceros beetle/unicorn beetle/horn beetle, Atlas beetle, Hercules beetle, Neptune beetle, Caucasus beetle, rabbit beetle, Siamese beetle, Mars beetle, elephant beetle, actaeon beetle, ox beetle (Dynastinae)	shining leaf chafer, Japanese beetle (Rutelinae)	May beetle, May bug, Junebug, cockchafer, monkey beetle, white-grub beetle (Melolonthinae)
rbky	scarabaeid (scarab) beetle 3	long-armed scarab (Euchirinae)	other scarab beetle (Aclopinae, Aegialiinae, Allidiostomatinae, Aulonocneminae, Chironinae, Dynamopodinae, Eremazinae, Hopliinae, Lichniinae, Oncerinae, Orphninae, Pachydeminae, Phaenomeridinae, Podolasiinae, Sericinae, Sericoidinae, Termitotroginae)	n/a
rbkl	scarabaeoid beetle 1	scavenger scarab beetle (Anaidinae, Hybosorinae, Liparochrinae, Pachyplectrinae)	pill scarab beetle (Ceratocanthinae)	sand-loving scarab beetle (Ochodaeidae)
rbkr	scarabaeoid beetle 2	stag beetle (Lucanidae)	false stage beetle (genus Diphyllostoma)	bess beetle/bessbug/betsy beetle/horned passalus beetle (Passalidae)
rbkř	scarabaeoid beetle 3	rain beetle (Pleocomidae)	hide beetle (Trogidae)	enigmatic scarab beetle (genus Glaresis)
rbkç	scarabaeoid beetle 4	earth-boring dung beetle (Geotrupidae, Bolboceratidae)	bumble bee scarab beetle (Glaphyridae)	belohina beetle (genus Belohina)
rbkf	staphylinoid beetle 1	carrion beetle/burying beetle (Silphidae)	primitive carrion beetle (Agyrtidae)	rove beetle, ant-like stone beetle, crab-like rove beetle (Staphylinidae)
rbkv	staphylinoid beetle 2	round fungus beetle, mammal-nest beetle (Leiodidae)	featherwing beetle (Ptiliidae)	minute moss beetle (Hydraenidae)
rbkţ	staphyliniform beetle	water scavenger beetle, minute mud-loving beetle (Hydrophiloidea)	clown beetle, false clown beetle (Histeridae, Sphaeritidae)	syntelia beetle (genus Syntelia)
rbd	elateroid beetle 1	click beetle/snapping beetle/spring beetle/elater/skipjack, false firefly (Elateridae)	false click beetle (Eucnemidae)	rare click beetle (Cerophytidae)
rbdw	elateroid beetle 2	soldier beetle/leatherwing (Cantharidae)	false soldier beetle, long-lipped beetle (Omethidae)	net-winged beetle (Lycidae)
rbdy	elateroid beetle 3	firefly/lightning bug (Lampyridae)	glowworm beetle (Phengodidae, Rhagophthalmidae, Sinopyrophoridae)	false metallic wood-boring beetle (Throscidae)
rbdl	elateroid beetle 4	Texas beetle (Brachypsectridae)	soft-bodied plant beetle (Artematopodidae)	other elateriform beetle (Iberobaeniidae, Jurasaidae, Rhinorhipidae)
rbdr	buprestoid beetle	jewel beetle/metallic wood-boring beetle (Buprestidae)	false jewel beetle (Schizopodidae)	n/a
rbdv	dascilloid beetle	soft-bodied plant beetle (Dascillidae)	cicada parasite beetle (Rhipiceridae)	n/a
rbdř	scirtoid beetle	marsh beetle (Scirtidae)	minute beetle/fringe-winged beetle (Clambidae)	plate-thigh beetle, declinia beetle (Decliniidae, Eucinetidae)
rbc	byrrhoid beetle 1	pill beetle (Byrrhidae)	cedar beetle (Callirhipidae)	turtle beetle (Chelonariidae)
rbč	byrrhoid beetle 2	minute mud beetle/minute marsh-loving beetle (Limnichidae)	variegated mud-loving beetle (Heteroceridae)	water-penny beetle (Psephenidae)
rbẓ	byrrhoid beetle 3	forest stream beetle (Eulichadidae)	riffle beetle (Elmidae)	long-toed water beetle (Dryopidae)
rbj	byrrhoid beetle 4	toe-winged beetle (Ptilodactylidae)	traverine beetle (genus Lutrochus)	cneoglossa beetle (genus Cneoglossa)
rbvm	bostrichiform beetle 1	horned powderpost beetle, false powderpost beetle, auger beetle (Bostrichidae)	carpet beetle, skin beetle, larder beetle, hide beetle/leather beetle, museum beetle, warehouse beetle, cabinet beetle, Khapra beetle/buscuit beetle (Dermestidae)	death-watch beetle, spider beetle, common furniture beetle (Ptinidae)
rbvn	bostrichiform beetle 2	endecatomus beetle (genus Endecatomus)	tooth-necked fungus beetle (Derodontidae)	wounded-tree beetle, slime flux beetle, Jacobson’s beetle (Nosedendridae, Jacobsoniidae)
rbkh	other coleopteroid	myxophagan beetle, skiff beetle (Myxophaga)	reticulated beetle, telephone-pole beetle, other archostematid beetle (Archostemata)	twisted-winged parasite/twisted-wing insect/stylops (Strepsiptera)
lsp	primitive moth 1	kauri moth (genus Agathiphaga)	heterobathmiid moth, southern beech moth (genus Heterobathmia)	mandibulate archaic moth/small primitive metallic moth (Micropterigidae)
lspw	primitive moth 2	eriocraniid metallic moth (Eriocraniidae)	archaic sun moth (genera Acanthopteroctetes, Catapterix)	lophocorona moth (genus Lophocorona)
lspy	primitive moth 3	archaic bell moth (Neopseustidae)	enigma moth (genus Aenigmatinea)	swift moth, ghost moth, New Zealand primitive moth (Exoporia)
lspl	adeloid moth	fairy longhorn moth (Adelidae)	prodoxid moth, currant shoot borer, yucca moth, bogus yucca moth (Prodoxidae)	adeloid leaf-miner moth (Cecidosidae, Heliozelidae, Incurvariidae)
lspr	nepticuloid moth	pigmy/midget moth (Nepticulinae)	Australian pigmy/midget moth (genera Pectinivalva, Roscidotoga)	white eyecap moth (Opostegidae)
lspř	monotrysian moth	Andean endemic moth (genus Andesiana)	Gondwanaland moth (Palaephatidae)	trumpet leaf miner moth (Tischeriidae)
lspf	tineoid moth	clothes moth, carpet moth, fungus moth, tineid moth (Tineidae, Meessiidae)	bagworm moth/bagworm/bagmoth/case moth (Psychidae)	burrowing webworm moth (Acrolophidae)
lspv	other tineoid moth/millieriid moth	Old World spiny-winged moth (Eriocottidae)	arrhenophanid moth (Arrhenophanidae)	millieriid moth (genera Millieria, Phormoestes, Nyx)
lspļ	gracillarioid moth	ribbed cocoon maker/bucculatricid moth (genus Bucculatrix)	scribbly gum moth (genus Ogmograptis)	gracillarioid moth (Gracillariidae, Roeslerstammiidae)
lspç	yponomeutoid moth 1	ermine moth (Yponomeutidae)	shiny head-standing moth (Argyresthiidae)	false ermine moth (Praydidae)
lsph	yponomeutoid moth 2	diamondback moth, hawthorn moth (Plutellidae, Scythropiidae)	false diamondback moth (Acrolepiidae)	sedge moth (Glyphipterigidae)
lspçw	yponomeutoid moth 3	sun moth (Heliodinidae)	bedelliid moth, sweet potato leaf miner moth (genus Bedellia)	lyonetiid moth (Lyonetiidae)
lsphw	yponomeutoid moth 4	ypsolophid moth (Ypsolophidae)	atteva moth (genus Atteva)	n/a
lfp	pterophorid/alucitoid moth	plume moth (Pterophoridae)	many-plumed moth (Alucitidae)	false plume moth (Tineodidae)
lfpw	tortricid (tortrix/leafroller) moth 1	leafroller moth/tortrix moth (other Tortricidae)	cydia tortrix, rusty oak moth, slash pine seedworm moth, hickory shuckworm moth, filbertworm moth, tea flush worm moth, alfalfa moth, larch gall moth, pea moth, jumping bean moth, spruce bark tortrix, ponderosa pine seedworm moth, codling moth, pear fruit moth/pear fruit tortricid, chestnut tortrix/acorn moth, spruce seed moth, beech moth, longleaf seedworm moth, nut fruit tortrix, larch bark moth, eastern pine seedworm moth (genus Cydia)	grapholita tortrix, hemp moth/hemp borer, oriental fruit moth, cherry fruitworm moth, clover seed moth, hawthorn leafroller, peach moth, appleseed moth/small fruit tortrix, three-lined grapholita moth, grapholitha roseticolana/deep-brown piercer/rose-hip tortricid/briar moth (genus Grapholita)
lfpy	tortricid (tortrix/leafroller) moth 2	fruit-tree leafroller moth, ugly-nest caterpillar moth, brown oak tortrix, oak webworm moth, baldcypress leafroller, black shield leafroller/gray archips moth, larger boxelder leafroller, large fruit tree tortrix, rose tortrix/rose leaf roller, oak leafroller, apple leafroller, variegated golden tortrix, striated tortrix moth/striated leafroller, southern ugly-nest caterpillar moth, spring spruce needle moth/spruce needleworm moth, omnivorous leafroller, dusky-back leafroller, smoked leafroller/hickory webworm moth, Georgia archips moth, exotic leafroller moth/apple tortrix, boldly-marked archips moth, Asiatic leafroller, groundnut leafroller (genus Archips)	green oak tortrix/green oak moth/European oak leafroller, Japanese oak leafroller (genus Tortrix)	sparganothis fruitworm moth/blueberry leafroller, aproned sparganothis/beautiful sparganothis, aproned ceopis moth, white-tailed fruitworm moth, distinct sparganothis moth, chokecherry leafroller moth, spring dead-leaf roller, gray sparganothis moth, three-streaked sparganothis moth, one-lined sparganothis moth, mosaic sparganothis moth, long-palped tortrix/vine leaf roller (genus Sparganothis)
lfpl	tortricid (tortrix/leafroller) moth 3	broken-banded leafroller/dark-banded fireworm moth, large aspen tortrix, two-year cycle budworm moth, spruce budworm moth, western spruce budworm moth, eastern spruce budworm moth, mountain-ash tortricid, strawberry leafroller, sugar pine tortrix, parallel-banded leafroller moth, jack pine budworm moth, oblique banded leaf roller/rosaceous leaf roller, zapulata moth (genus Choristoneura)	whitespotted leafroller, pondapple leafroller moth, orange tortrix/apple skinworm moth, Ivana leafroller moth, hickory leafroller moth, Kimball’s leafroller moth, fall spruce needle moth, gray-banded leafroller moth, pine tube moth, yellow-winged oak leafroller moth, four-lined leafroller/four-banded leafroller/lesser all-green leafroller, jack pine tube moth/lodgpole needletier moth, red-banded leafroller moth (genus Argyrotaenia)	chequered fruit-tree tortrix/hazel tortix moth/filbert tortricid/barred fruit tree moth, barred fruit-tree tortrix, green aspen leaftier, dark fruit-tree tortrix/apple brown tortrix, woodgrain leafroller moth, three-lined leafroller, apple pandemis/pandemis leafroller (genus Pandemis)
lfpr	tortricid (tortrix/leafroller) moth 4	bud moth, white fruit moth/larger apple fruit moth/eye-spotted bud moth, larch leafroller, apple fruit licker (genus Spilonata)	cacao husk borer, false codling moth/orange moth/citrus codling moth/orange codling moth (genus Thaumatotibia)	light brown apple moth (genus Epiphyas)
lfpř	tortricid (tortrix/leafroller) moth 5	appleleaf-curling moth, summer fruit tortrix moth, shimmering adoxophyes moth, bell moth/orange tip moth (genus Adoxophyes)	European grapevine moth (genus Lobesia)	tulip-tree leaftier moth, grape berry moth (genus Paralobesia)
lfpf	tortricid (tortrix/leafroller) moth 6	spruce needleminer moth (genus Taniva)	rabbitbrush webbing moth (genus Synnoma)	chestnut leafroller, pygmy piercer moth
lfpv	cossoid moth	carpenter moth/carpenter miller/cossid miller/goat moth/wood moth (Cossidae, Dudgeoneidae, Metarbelidae)	quince borer/sad goat moth/apple-trunk borer moth (genus Coryphodema)	carpenterworm moth/locust borer moth (genus Prionoxystus)
lfpţ	sesioid moth	little bear moth (Brachodidae)	giant butterfly-moth, sun moth (Castniidae)	clearwing moth (Sesiidae)
lfps	zygaenoid moth 1	burnet moth, forester moth, smoky moth, skeltonizer moth, vine bud moth (Zygaenidae)	flannel moth/crinkled flannel moth (Megalopygidae)	planthopper parasite moth (Epipyropidae, Cyclotornidae)
lfpš	zygaenoid moth 2	slug moth/cup moth, jewel caterpillar moth (Dalceridae, Limacodidae)	other zygaenoid moth (Aididae, Anomoeotidae, Heterogynidae, Himantopteridae, Lacturidae, Phaudidae, Somabrachyidae)	n/a
lfpļ	gelechioid moth 1	gelechioid moth/curved-horn moth (Gelechioidea except Gelechiidae)	case-bearer moth/casebearing moth/case moth (Coleophoridae)	cosmet moth (Cosmopterigidae)
lfpļw	gelechioid moth 2	grass-miner moth (Elachistidae)	palm moth (Agonoxeninae)	long-horned moth (Lecithoceridae)
lfph	gelechioid moth 3	mompha moth (Momphidae)	concealer moth (Oecophoridae)	scavenger moth (genus Schistonoea)
lfphw	gelechioid moth 4	flower moth (Scythrididae)	hermit moth/timber moth (Xyloryctidae)	other gelechioid moth (Autostichidae, Batrachedridae, Blastobasidae, Chimabachinae, Depressariidae, Epimarptidae, Lypusidae, Pterolonchidae, Stathmopodidae)
lfpšw	gelechiid (twirler) moth	twirler moth (Gelechiidae)	gelechiid twig, groundnut, tuber, grain, or tomato pest (genera Anarsia, Aproaerema, Keiferia, Phthorimaea, Sitotraga, Tecia, Tuta)	pink bollworm moth (genus Pectinophora)
lfpç	apoditrysian moth 1	fruitworm moth (Carposinidae)	tropical fruitworm moth (Copromorphidae)	immid moth (Immidae)
lfpçw	apoditrysian moth 2	fringe-tufted moth (Epermeniidae)	bristle-legged moth (Schreckensteiniidae)	simaethistid moth (genera Metaprotus, Simaethistis)
lfpsw	apoditrysian moth 3	metalmark moth (Choreutidae)	false burnet moth (Urodidae, Ustyurtiidae)	galacticid moth (Galacticidae)
lfpsy	apoditrysian moth 4	prodidactis moth (genus Prodidactis)	Douglas moth (genera Klimeschia, Protonyctia, Tinagma)	n/a
lkw	papilionid (swallowtail) butterfly	snow Apollo, mountain Apollo, false Apollo, souther festoon, eastern festoon, Spanish festoon, Bhutan glory, luehdorfina (Parnassiinae)	swallowtail, swordtail, kite swallowtail, bluebottle, triangle, jay, graphium, white-lady, zebra, dragontail, gorgon, Kaiser-i-hind, golden Kaiser-i-hind, batwing, windmill, clubtail, rose, clearwing swallowtail/big greasy, birdwing, cattleheart (Papilioninae)	short-horned baronia (genus Baronia)
lky	hesperiid (skipper) butterfly 1	awl, awlet, policeman, African giant skipper (Coeliadinae)	regent skipper (genus Euschemon)	dicot skipper (Eudaminae)
lkl	hesperiid (skipper) butterfly 2	spread-winged skipper, firetail skipper (Pyrginae)	skipperling (Heteropterinae)	grass skipper/banded skipper (Hesperiinae)
lkr	hesperiid (skipper) butterfly 3	giant skipper (Megathymini)	Australian/New Guinea skipper (Trapezitinae)	other hesperiid butterfly (Barcinae, Katreinae, Chamundinae)
lkř	pierid butterfly	white butterfly, orange tip, marble, yellow tip, black-tip, sulphur, sawtooth, dotted border, Jezebel, gull, puffin, albatross, blackvein, caper white, Arab, vagrant  butterfly(Pierinae)	yellow butterfly, dogface, sulphur, emigrant butterfly (Coliadinae)	mimic sulphur, mimic white butterfly, pseudopontia butterfly (Dismorphiinae, Pseudopontiinae)
lkç	lycaenid (gossamer-winged) butterfly 1	copper butterfly, sapphire butterfly (Lycaeninae)	sumbeam butterfly (genus Curetis)	blue, hairtail, Pierrot, argus, cerulean, azure, tailed-blue, cupid butterfly (Polyommatinae)
lkf	lycaenid (gossamer-winged) butterfly 2	harvester, wooly legs, moth butterfly (Miletinae)	hairstreak, elfin, posy, imperial, oakblue, Atala butterfly (Theclinae)	opal, Roger’s gem, silver spot, silver-spotted copper, highflyer, scarce scarlet/golden flash, daisy copper, king copper butterfly (Aphnaeinae)
lkţ	riodinid/other lycaenid butterfly	metalmark butterfly, Duke of Burgundy, orange harlequin, columbine, punch, punchinello butterfly (Riodinidae)	poritiine, zulu, pentila, buff, glasswing/white mimic, tiger mimic, acraea mimic, harlequin, dot, acraea blue, epitola butterfly (Poritiinae)	n/a
lkm	nymphalid (four-footed/brush-footed) butterfly 1	tortoiseshell, admiral, mapwing, anglewing, comma, jester, painted lady, tiger beauty, pirate, eggfly, diadem, oakleaf, leaf, malachite, peacock, Fatima, pansy, commodore, blue beauty, buckeye, meadow argus, northern argus, mother-of-pearl butterfly (Nymphalini, Coeini, Junoniini, Kallimini, Victorinini)	checkerspot, patch, crescent/crescentspot, fritillary, European peacock butterfly (Melitaeini)	wizard, African leaf, black and orange/lady’s maid butterfly (genera Rhinopalpa, Kallimoides, Vanessula)
lkn	nymphalid (four-footed/brush-footed) butterfly 2	map, maplet, daggerwing butterfly (genera Cyrestis, Chersonesia, Marpesia)	tropical brushfoot, eighty-eight, numberwing, Pericloud, sailor, greenwing, asterope, glory, banner, cracker, calico, beauty, red flasher, firewing, catone, shoemaker, olivewing, bluewing, tree nymph, purplewing, red rim/crimson-banded black, castor, piper, sailor, Drury’s delight, joker, mestra, azeca banner butterfly (Biblidinae)	emperor, empress, hackberry, courtesan, pasha, sorcerer, circe, siren, prince, courtier butterfly (Apaturinae)
lkv	nymphalid (four-footed/brush-footed) butterfly 3	acraea, legionnaire, tawny coster, actinote, altinote, bematistes, lacewing, gulf fritillary/passion butterfly, longwing, postman, banded orange/orange tiger, Julia/flame/flambeau, Juliette, scarce bamboo page/longwing dido, leopard, spotted rustic, blotched leopard, cruiser, yeoman, royal Assyrian, rustic, vagrant, fritillary, polka dot butterfly (Heliconiinae)	clipper, marquise, duke, archduke, count, earl, viscount, forest-glade nymph, pathfinder, brilliant nymph, forester, figeater, commander, guineafowl, false fritillary, false sergeant, sister, admiral, commodore, lascar, aeroplane, glider, knight, false acraea, blue sailer/blue sergeant butterfly (Limenitidinae)	beak/snout butterfly (Libytheinae)
lkb	nymphalid (four-footed/brush-footed) butterfly 4	cleric, monarch, queen, tiger, glassy tiger, tree-nymph, wood-nymph, Schneider’s surprise, blue tiger, crow, paper, mimic queen, magpie butterfly (Danaini)	clearwing, tigerwing, clapping ticlear, glasswing butterfly (Ithomiini)	tellervo butterfly (genus Tellervo)
lkh	nymphalid (four-footed/brush-footed) butterfly 5	freak butterfly (genus Calinaga)	leafwing, nawab, rajah, pasha, begum, palla, forest queen, prepona, Nemesis butterfly (Charaxinae)	dryad, palmking, koh-i-noor, duffer, caliph jungle queen, jungleking, jungle glory, owl, giant owl, morpho butterfly (Morphinae)
lkš	satyrid butterfly	brown, satyrid, satyr, grayling, ringlet, false grayling, wood-nymph, meadowbrown, xenica, alpine, widow, heath butterfly (Satyrini)	palmfly, diqadem, white owl, pearly-eye, wall, wallbrown, treebrown, woodbrown, bushbrown, labyrinth, goldenfork, silverstripe, lilacfork, silverfork, mystic butterfly (Elymniini)	mountain pride/Table Mountain beauty, bush beauty/forest pride, brown (Melanitini, Eritini, Haeterini, Ragadiini, Dirini)
lkhw	butterfly-moth/moth-butterfly	Old World butterfly-moth (Callidulidae)	American moth-butterfly (genus Macrosoma)	n/a
lkçw	obtectomeran moth 1	picture-winged leaf moth (Thyrididae)	teak moth (genera Erythrochrus, Hyblaea)	whalleyana moth (genus Whalleyana)
lkšw	obtectomeran moth 2	grass moth, European corn borer/European corn worm moth/European high-flyer, sod grass webworm moth, rice stem borer (Crambidae)	snout moth/pyralid moth, Indian meal moth/weevil moth/pantry moth/flour moth/grain moth, coconut spike moth/oil palm bunch moth, cacao moth/tobacco moth/warehouse moth, Mediterranean flour moth/mill moth, wax moth, rice moth (Pyralidae)	mimallonid moth/sack-bearer moth (Mimallonidae)
řzb	bombycoid moth 1	silk moth, emperor moth, sphinx moth, silkworm moth, Brahmin moth, true silkmoth/mulberry silkmoth (Bombycidae)	hook-tip moth, false owlet, gold moth, doid moth, drepanid moth (Drepanoidea)	eggar, snout moth, lappet moth, tent caterpillar moth (Lasiocampidae)
řzbw	bombycoid moth 2	oakworm moth, regal moth, pine-devil moth, splendid royal moth, rosy maple moth, imperial moth, io moth, buck moth, emperor moth, moon moth, tussar moth, comet moth, Polyphemus moth, mopane moth, cecropia math, silkmoth, Hercules moth, Atlas moth (Saturniidae)	sphinx moth, hawk-moth (Sphingidae)	American silkworm moth, shag-carpet caterpillar moth (Apatelodidae)
řzby	bombycoid moth 3	bombycoid moth, dryandra moth (Eupterotidae, Phiditiidae, Endromidae, Carthaeidae)	brahmin moth, owl moth (Brahmaeidae)	anthelid moth, rose anthelid (Anthelidae)
řzbl	geometrid (geometer) moth	geometer, spinach, phoenix, barred straw, carpet, delicate, rivulet, seraphim, pug, oblique striped, mallow, chimney sweeeper, vestal, blood-vein, zachera, wave, lace border, scallop, mocha, maiden’s blush, emerald, diminutive, purple-barred yellow moth (Geometridae)	oriental swallowtail moth (Epicopeiidae)	sematurid moth, pseudobistonid moth (Sematuridae, Pseudobistonidae)
řzbr	uraniid moth	urania, green page, tropical swallowtail, Laos brown butterfly, sunset moth, uraniine moth (Uraniinae)	scoopwing moth (Epipleminae)	auzeine moth, microniine moth (Auzeinae, Microniinae)
řzv	erebid moth 1	underwing moth, witch moth (Erebinae)	tiger, lichen, footman, wasp moth (Arctiinae)	fruit-piercing, fruit-sucking, piercing moth, cotton leaf worm moth (Calpinae, Scoliopteryginae)
řzvw	erebid moth 2	litter moth (Herminiinae)	snout moth, bomolocha, hypena, hop looper/hop vine, lantana defoliator, cloverworm moth (Hypeninae)	tussock moth, gypsy moth (Lymantriinae)
řzvy	erebid moth 3	aganaine, tiger moth (Aganainae)	scolecocampine, algibelle, sigela, dead-wood borer moth (Scolecocampinae)	other erebid moth (Anobinae, Boletobiinae, Eulepidotinae, Hypenodinae, Hypocalinae, Pangraptinae, Rivulinae, Tinoliinae, Toxocampinae)
řzvl	noctuid (owlet) moth	owlet moth, cutworm moth, dart, clay, square-spot, Hebrew character, rustic moth (Noctuinae)	dagger, sycamore, marsh, slowpoke, Canadian giant, rusty shoulder knot moth, amphipyra, copper underwing, mouse moth, mountain forester, day flying moth, bagisara, marbled green, marbled gray, red groundling/pied groundling moth (Acontiinae, Acronictinae, Agaristinae, Amphipyrinae, Bagisarinae, Balsinae, Bryophilinae, Cobubathinae, Condicinae, Cropiinae, genus Alastria)	star-wort, woodworm moth, asteroid, merveille du jour, sallow, catabena, toadflax, brocade, figure of eight, armyworm moth, cabbage moth, arch, zebra caterpillar moth, glaucous shears, feathered ear, white-point, wainscot, bright-eye, double line, whitespeck, drab, Quaker, corn earworm moth, bollworm moth, pease blossum, yellowhorn, looper, burnished brass, pitcher plant, alpine beauty, silver Y, Bröther moth (Cuculliinae, Dilobinae, Dyopsinae, Eriopinae, Eucocytiinae, Eustrotiinae, Grotellinae, Heliothinae, Metoponiinae, Oncocnemidinae, Pantheinae, Plusiinae, Raphiinae, Stiriinae, genera Epilitha, Fabula, Lanatopyga, Lenisa, Neoligia, Orohadena, Orthomoia, Protapamea, Proxenus, Pseudluperina)
řzvr	noctuoid (owlet) moth	prominent, puss moth, buff-tip, lobster, poplar kitten, California oakworm, beech caterpillar, oakleaf caterpillar, yellownecked caterpillar, walnut caterpillar (Notodontidae)	nolid, nola, hieroglyphic moth, green pea moth (Nolidae)	stub, Boisduval’s autumn, epicoma, black spot, long-tailed bombyx / Sparshall’s moth (Oenosandridae, Euteliidae)
řẓň	trichopteran (caddisfly/sedge-fly/rail-fly)	net-spinning caddisfly, tube-making caddisfly, trumpet-net caddisfly, finger-net caddisfly (Annulipalpia)	portable case-maker caddisfly, snail-case caddisfly, stonecase caddisfly, tubecase caddisfly (Integripalpia)	spicipalpian, purse-case caddisfly/microcaddisfly (Spicipalpia)
řẓňw	siphonapteran (flea) 1	common flea/cat flea (Pulicidae)	pulicioid flea (Pulicoidea except Pulicidae)	jigger/chigoe flea, hectopsyllid flea (genera Tunga, Hectopsylla)
řẓňy	siphonapteran (flea) 2	moorhen flea (Ceratophyllidae)	mountain beaver flea (Hystrichopsyllidae)	other flea (other Siphonaptera)
řjň	mecopteran (scorpionfly) 1	common scorpionfly (Panorpidae)	short-faced scorpionfly (genera Brachypanorpa, Panorpodes)	snow scorpionfly (Boreidae)
řjňw	mecopteran (scorpionfly) 2	hangingfly/hanging scorpionfly (Bittacidae)	earwigfly/forcepfly (genera Austromerope, Merope)	notiothauma scorpionfly, apteropanorpa scorpionfly, choristid scorpionfly, nannochoristid scorpionfly (Apteropanorpidae, Choristidae, Eomeropidae, Nannochoristidae)
lzgv	tupilomorphic (crane fly) 1	primitive crane fly (Tanyderidae)	phantom crane fly (Ptychopteridae)	winter crane fly, winter gnat (Trichoceridae)
lzgḑ	tupilomorphic (crane fly) 2	crane fly, limoniid crane fly, snow fly (Tipulidae, Limoniidae)	long-bodied cranefly (Cylindrotomidae)	hairy-eyed cranefly (Pediciidae)
lzg	culicomorph 1	mosquito (Culicidae)	meniscus midge (Dixidae)	phantom midge/glassworm midge (Chaoboridae)
lzgw	culicomorph 2	black fly/buffalo gnat/turkey gnat/white socks (Simuliidae)	biting midge/no-see-um (Ceratopogonidae)	frog-biting midge (Corethrellidae)
lzgy	culicomorph 3	nonbiting midge/lake fly, harlequin fly (Chironomidae)	solitary midge/trickle midge (Thaumaleidae)	n/a
lzgř	blephariceromorph	net-winged midge, torrent midge (Blephariceridae)	mountain midge (genus Deuterophlebia)	nymphomyiid fly/midge (genus Nymphomyia)
lzgl	bibionomorph 1	march fly/St. Mark’s fly, love bug/honeymoon fly/double-headed bug (Bibionidae)	wood gnat/window-gnat (Anisopodidae)	gall midge/gall gnat, wood midge (Cecidomyiidae)
lzgr	bibionomorph 2	fungus gnat (Mycetophilidae)	long-beaked fungus gnat (Lygistorrhininae)	dark-winged fungus gnat (Sciaridae)
lzgz	bibionomorph 3	long-winged fungus gnat (Rangomaramidae)	predatory fungus gnat (Keroplatinae, Macrocerinae)	sciaroid gnat, bibionomorphic gnat (Ditomyiidae, Diadocidiidae, Bolitophilidae, Hesperinidae)
lzgž	other nematoceran fly	pachyneurid gnat, pachyneurid fly, pachyneurid midge (Pachyneuridae)	axymyiid fly (Axymyiidae)	n/a
lzbḑ	psychodomorph	drain fly/sink fly/filter fly/sewer gnat/moth fly (Psychodidae)	dung midge/minute black scavenger fly (Scatopsidae)	other scatopsoid fly (Canthyloscelidae, Perissommatidae, Valeseguyidae)
lzbḑ	tabanid fly	horse-fly, cleg (Tabaninae, Adersiinae, Scepsidinae)	deer fly/banded horse-fly (Chrysopsinae)	long-tongued horse-fly (Pangoniinae)
lzbw	tabanomorphoid fly	snipe fly (Rhagionidae, Pelecorhynchidae, Bolbomyiidae, Austroleptidae, Oreoleptidae)	ibis fly/water snipe fly (Athericidae)	awl-fly (Xylophagidae)
lzby	stratiomorphic fly	soldier fly (Stratiomyidae)	wood soldier fly (Xylomyidae)	timber fly (genera Opetiops, Pantophthalmus)
lzbl	asiloid fly 1	robber fly/assassin fly (Asilidae)	bee fly/humblefly (Bombyliidae)	Mydas fly, flower-loving fly (Apioceridae, Mydidae)
lzbr	asiloid fly 2	stiletto fly (Therevidae)	window fly (Scenopinidae)	other theravoid fly (Apsilocephalidae, Evocoidae)
lzbř	asiloid fly 3	mythicomyiid fly (Mythicomyiidae)	hilarimorphid fly (genus Hilarimorpha)	apystomyiid fly (Apystomyiidae)
lzbz	empidoid fly 1	dagger fly/balloon fly (Empididae, Oreogetonidae)	dance fly (Hybotidae, Homalocnemidae)	long-legged fly (Dolichopodidae)
lzbž	empidoid fly 2	ragadid fly (Ragadidae)	atelestid fly (Atelestidae)	n/a
lzbv	nemestrinoid/vermileonid fly	small-headed fly/hunch-back fly/spider fly (Acroceridae)	tangle-veined fly (Nemestrinidae)	wormlion fly (Vermileonidae)
lzkw	platypezoid fly	coffin fly, scuttle fly, ant-decapitating fly (Phoridae)	spear-winged fly/pointedwing fly (Lonchopteridae)	flat-footed fly (Opetiidae, Platypezidae)
lzky	syrphoid/other aschizate fly	hoverfly/flower fly/syrphid fly, drone fly/“H-bee” (Syrphidae)	big-headed fly (Pipunculidae)	ironic fly (Ironomyiidae)
lzk	tephritoid fly 1	tephritid fruit fly/small fruit fly/peacock fly (Tephritidae)	signal fly (Platystomatidae)	picture-winged fly (Ulidiidae)
lzkl	tephritoid fly 2	flutter-wing fly/trembling-wing fly/waving-wing fly (Pallopteridae)	cheese fly (Piophilidae)	other tephritoid fly (Pyrgotidae, Ctenostylidae, Richardiidae, Eurygnathomyiidae)
lzkr	nerioid fly	cactus fly, banana stalk fly (Neriidae)	stilt-legged fly (Micropezidae)	cypselosomatid fly (Cypselosomatidae, Pseudopomyzidae)
lzkř	diopsoid fly	stalk-eyed fly (Diopsidae)	rust fly, carrot fly (Psilidae)	other diopsoid fly, stretched-foot fly (Gobryidae, Megamerinidae, Nothybidae, Somatiidae, Strongylophthalmyiidae, Syringogastridae, Tanypezidae)
lzkf	sciomyzoid fly 1	marsh fly, snail-killing fly (Sciomyzidae)	black scavenger fly/ensign fly (Sepsidae)	kelp fly/seaweed fly (Coelopidae)
lzkv	sciomyzoid fly 2	half-bridge fly (genus Heterocheila)	other sciomyzoid fly (Dryomyzidae, Helcomyzidae, Helosciomyzidae, Natalimyzidae, Ropalomeridae)	n/a
lzkm	sphaeroceroid fly	small dung fly/lesser dung fly/lesser corpse fly (Sphaeroceridae)	other sphaeroceroid fly (Chyromyidae, Heleomyzidae, Heteromyzidae, Nannodastiidae)	n/a
lzkç	lauxanioid fly	aphid fly (Chamaemyiidae)	beetle fly/beetle-backed fly (Celyphidae)	other lauxanioid fly (Lauxaniidae, Cremifaniidae)
lzkh	opomyzoid fly 1	leaf-miner fly (Agromyzidae)	sap fly (Aulacigastridae)	druid fly/lekking fly (Clusiidae)
lzkhw	opomyzoid fly 2	opomyzid fly, cereal fly, grass fly (Opomyzidae)	upside-down fly (Neurochaetidae)	other opomyzoid fly (Anthomyzidae, Asteiidae, Fergusoninidae, Marginidae, Neminidae, Odiniidae, Periscelididae, Teratomyzidae, Xenasteiidae)
lzkfw	ephydroid fly 1	shore fly, brine fly (Ephydridae)	bog fly (Diastatidae)	fruit fly/vinegar fly (Drosophilidae)
lzkfy	ephydroid fly 2	quasimodo fly (Curtonotidae)	camillid fly (Camillidae)	bee louse (genera Braula, Megabraula)
lzkfl	carnoid fly 1	bird fly/filth fly (Carnidae)	beach fly/surf fly/surge fly (Canacidae)	freeloader fly/jackal fly (Milichiidae)
lzkfr	carnoid fly 2	frit fly/grass fly, eye gnat/eye fly (Chloropidae)	inbiomyiid fly (genus Inbiomyia)	acartophthalmid fly, australimyzid fly (genera Acartophthalmus, Australimyza)
lzkţ	other acalyptrate fly 1	thick-headed fly (Conopidae)	lance fly (Lonchaeidae)	scale parasite fly (Cryptochetidae)
lzkţw	other acalyptrate fly 2	paraleucophid fly (Paraleucopidae)	frightful hairy fly/terrible hairy fly (genus Mormotomyia)	n/a
lzl	muscid fly	housefly, face fly/autumn housefly, bazaar fly/eye-seeking fly, Australian bush fly (genus Musca)	horn fly, buffalo fly, moose fly, stable fly/barn fly/dog fly/biting house fly/power mower fly (Stomoxyini)	other muscid fly (Muscini except genus Musca, Atherigoninae, Azeliinae, Coenosiinae, Cyrtoneurininae, Mydaeinae, Phaoniinae)
lzř	muscoid fly	human botfly (genus Dermatobia)	tumbu fly/mango fly/putzi fly/skin maggot fly (genus Cordylobia)	screwworm fly (genera Cochliomyia, Chrysomya)
lzv	parasitic oestroid fly	little housefly (Fanniidae)	root-maggot fly, cabbage fly, turnip root fly/summer cabbage fly, raspberry cane fly, beet leafminer, spinach leafminer, bean seed fly, onion fly, wheat bulb fly, willow catkin fly, knotting gall fly, seed fly (Anthomyiidae)	dung fly (Scathophagidae)
lzvl	oestroid fly 1	botfly/heel fly/warble fly/gadfly (Oestridae)	bow fly/carrion fly/bluebottle/greenbottle/cluster fly (Calliphoridae)	flesh fly (Sarcophagidae)
lzvw	oestroid fly 2	woodlouse fly (Rhinophorinae)	New Zealand bat fly (genus Mystacinobia)	other oestroid fly (Tachinidae, Ulurumyiidae, Rhiniidae, Mesembrinellidae)
lzvy	hippoboscoid fly	tsetse fly/tik-tik fly (genus Glossina)	louse fly/ked fly (Hippoboscidae)	bat fly (Nycteribiidae, Streblidae)
fxw	green alga	chlorophytic green alga (Chlorophyta)	charophytic green alga (Charophyta except Embryophyta)	unusual green alga (Mesostigmatophyceae, Spirotaenia, Chlorokybophyceae)
fxm	edible green alga	aonori/hitoegusa-nori/green laver seaweed (genus Monostroma)	sea grapes/green caviar (genus Caulerpa)	sea lettuce, green nori, gutweed (genus Ulva)
fxx	non-vascular land plant	liverwort/hepatic (Marchantiophyta)	hornwort (Anthocerotophyta)	moss (Bryophyta)
fxl	moss 1	acrocarpous moss	pleurocarpous moss	cladocarpous moss
fxr	moss 2	peat moss (Spagnoposida)	bryopsid moss (Bryopsida)	other moss (Takakiopsida, Andreaeopsida, Andreaeobyopsida, Oedipodiopsida, Polytrichopsida, Tetraphidopsida)
cňw	lycopod	clubmoss (Lycopodiaceae)	spikemoss, lesser clubmoss (genus Selaginella)	quillwort (genus Isoetes)
cnw	polypodiopsid (fern) 1	horsetail/horsetail fern (Equisetidae)	moonwort, grape-fern, goblin fern, rattlesnake fern, hand fern, adder’s-tongue fern, whisk fern (Ophioglossidae)	marattiid fern, giant fern, king fern, horse shoe fern (Marattiaceae)
cny	polypodiopsid (fern) 2	wood fern/male fern/buckler fern, macho fern/swordfern, deersfoot fern/hare’s foot fern/rabbit foot fern/ball fern/shinobu fern, mahogany maidenhair, shieldfern, beech fern, bog fern/Massachusetts fern, maiden fern, swamp shield-fern, New York fern, Sierra marsh fern/Nevada march fern, lady-fern, twinsorus fern, silvery glade fern, spleenwort, Japanese lady fern, cliff fern, ostrich fern, sensitive fern, chain fern, waterfall fern, hard fern, water fern, rasp fern/amaumau fern, deer fern, half-net fern, bladderfern/fragile fern, oak fern, glade fern, hayscented fern/cup fern, batwing fern, beadfern, lace fern, bracken, brakenfern/eagle fern, maidenhair fern, cloak fern, false cloak fern, lip fern, brake, cliff brake, rock brake, leather fern, gold fern, shoestring fern, soralpouch fern, necklace fern (Polypodiales)	tree fern, scaly tree fern, manfern (Cyatheales)	watermoss, water fern/fairy moss/duckweed fern/mosquito fern, pillwort, water clover (Salviniales)
cmw	polypodiopsid (fern) 3	ray fern, curlygrass fern/comb fern (genera Actinostachys, Schizaea)	climbing fern (genus Lygodium)	pine fern, hemlock fern, flowering fern (genus Anemia)
cmy	polypodiopsid (fern) 4	forked fern, coral fern, tangle fern, umbrella fern, fan fern (Gleicheniales)	filmy fern, bristle fern (Hymenophyllaceae)	royal fern, interrupted fern, lancea flowering fern, cinnamon fern (Osmundaceae)
psň	cycad/ginkgo	cycad, king sago, queen sago, Dukour sago (Cycadales except genus Encephalartos)	bread tree/bread palm/kaffir bread tree (genus Encephalartos)	ginkgo tree (genus Ginkgo)
psňw	gnetophyte	gnetum tree, gnetum shrub, gnetum liana (genus Gnetum)	welwitschia/tree tumbo (genus Welwitschia)	joint-pine/jointfir/Mormon-tea plant/Brigham tea plant (genus Ephedra)
lsk	pine tree 1	ponderosa, Jeffrey/yellow/black, Torrey, gray/foothill/digger pine, Durango, Coulter/big-cone, Arizona, various Mexican and Central American pines (Pinus (Pinus) sect. Trifoliae subsect. Ponderosae)	lodgpole, jack, sand, Virginia, knobcone, bishop, Monterey, Caribbean, Cuban, shortleaf, slash, spruce pine, egg-cone, longleaf, paula, pitch, pond, loblolly, ocote, various Mexican and Central American pines (Pinus (Pinus) sect. Trifoliae subsect. Australes, Contortae)	mountain pine, red, Scots, tropical, various Eurasian pines (Pinus (Pinus) sect. Pinus)
lskw	pine tree 2	whitebark, sugar, white, blue, limber, Chiapas, lacebark, chilgoza, various Eurasian white pines (Pinus (Strobus) sect. Quinquefoliae)	bristlecone pine, foxtail pine (Pinus (Strobus) sect. Parrya subsect. Balfourianae)	pinyon pine (Pinus (Strobus) sect. Parrya subsect. Cembroides, Nelsonianae)
lsky	larch tree	western larch, tamarack, subalpline larch (Larix laricina, Larix lyallii, Larix occidentalis)	European, Siberian, Dahurian, Japanese larch (Larix decidua, Larix sibirica, Larix gmelinii, Larix kaempferi, Larix czekanowskii)	chinese larch, Masters’ larch, Himalayan larch (Larix potaninii, Larix mastersiana, Larix griffithii)
lskl	pinaceae 1	spruce tree (genus Picea)	Douglas fir/Oregon pine (genus Pseudotsuga)	cathaya (genus Cathaya)
lskr	pinaceae 2	fir tree (genus Abies)	cedar tree (genus Cedrus)	hemlock tree (genus Tsuga)
lskř	pinaceae 3	bristlecone hemlock tree (genus Nothotsuga)	keteleeria tree (genus Keteleeria)	golden larch (genus Pseudolarix)
lskç	pinopsid	araucarian, kauri/dammara, wollemia (genera Agathis, Araucaria, Wollemia)	silver pine/Westland pine/white silver pine, creeping pine, celery pine, Huon pine/Macquarie pine, Asian bayberry, podocarp (Podocarpaceae)	Japanese umbrella-pine (genus Sciadopitys)
lskh	cupressoid	cypress tree (genus Cupressus)	juniper (genus Juniperus)	thuja/arborvitae, hiba, false cypress, Fujian cypress, incense-cedar, Chinese arborvitae, sandarac/Barbary thuja, Siberian carpet-cypress/Russian arbor-vitae, Nootka cypress, Vietnamese golden cypress (Cupressaceae except genera Cupressus, Juniperus)
lskţ	sequoioid	coast redwood (genus Sequoia)	giant sequoia (genus Sequoiadendron)	dawn redwood (genus Metasequoia)
lskf	cupressaceae	cypress-pine, alerce/Patagonian cypress, callidtroid (Callitroideae)	bald cypress, swamp cypress, sugi (Taxodioideae)	Tasmanian cedar, taiwania, cunninghamia (genera Athrotaxis, Cunninghamia, Taiwania)
lskm	taxaceae (yew) 1	common yew (genus Taxus)	whiteberry yew (genus Pseudotaxus)	southern yew/New Caledonia yew (genus Austrotaxus)
lskn	taxaceae (yew) 2	plum yew (genus Cephalotaxus)	nutmeg yew, torreya, gopher wood (genus Torreya)	catkin-yew (genus Amentotaxus)
cml	nymphaeales	water lily/pond-lily/bonnet lily/alligator-bonnet/spatterdock, blue lotus, Miami rose, Egyptian lotus, prickly waterlily/foxnut/gorgon nut/makhana (Nymphaeaceae)	water-shield, fanwort, cabomba (genera Brasenia, Cabomba)	trithuria (genus Trithuria)
cmr	primitive angiosperm 1	austrobaileya (genus Austrobaileya)	trimenia, schisandrid, star anise/badian (genera Trimenia, Schisandra, Kadsura, Illicium)	amborella (genus Amborella)
cmř	primitive angiosperm 2	chloranthus, sacandra herb, hutu, ascarina (genera Chloranthus, Sarcandra, Ascarina, Hedyosmum)	coontail/hornwort (genus Ceratophyllum)	n/a
pšm	araceae (arum) 1	skunk cabbage, golden club (Orontioideae)	settler’s twine/boorgay (genus Gymnostachys)	duckweed/water lentil/water lens, bogmat/mud-midget, watermeal, dotted duckmeat (Lemnoideae)
pšmw	araceae (arum) 2	anthurium/tailflower/flamingo flower (Pothoideae)	arum lily, aroid, corpse flower, elephant yam, elephant ear/heart of Jesus/angel wing, calla/bog arum/marsh calla/wild calla/squaw claw/water-arum, Chinese evergreen, green dragon, water cabbage/water lettuce/shellflower/Nile cabbage, philodendron, rascagarganta, vilevine, arrow arum, arum lily/calla lily, dead horse arum lily (Aroideae)	other aroid (Lasioideae, Zamioculcadoideae)
pšmy	alismataceae	star-fruit/thrumwort, star water-plantain (genus Damasonium)	arrowhead/duck potato/katniss/swamp potato/tule potato/wapato/wapatoo/wapati/watato (genus Sagittaria)	water-plantain, burhead/Amazon sword plant, yellow velvetleaf/sawah flower rush/sawah lettuce (Alismataceae except genera Damasonium, Sagittaria)
pšml	alismatid 1	flowering rush/grass rush (genus Butomus)	waterweed, tape-grass, waterthyme, European frogbit/water-poppy, oxygen weed, spongeplant/American frogbit, eelgrass/vallis, water nymph/naiad, guppy grass/najas grass, duck lettuce, swamp lily, water soldier, turtlegrass (Hydrocharitaceae)	rush featherling, tofieldia, Scottish asphodel/Scotch false asphodel, false asphodel, Harper’s beauty (Tofieldiaceae)
pšmr	alismatid 2	cape-pondweed/water hawthorn, laceleaf/lattice leaf/lace plant (genus Aponogeton)	rannoch-rush/pod grass (genus Scheuchzeria)	arrowgrass, flowering quillwort/awl-leaf lilaea, southern water-ribbon/dwarf water-ribbon (Juncaginaceae, Maundiaceae)
pšmř	alismatid 3	Neptune grass/Mediterranean tapeweed, fibreball weed, posidonia seagrass (genus Posidonia)	ruppia/widgeonweed/ditch grass/widgeon grass, tasselweed, tassel pondweed (genus Ruppia)	manatee-grass, little Neptune grass, narrowleaf seagrass, shoalweed/shoal grass, wire weed, sickle-leaved cymodocea (Cymodoceaceae)
pšň	alismatid 4	pondweed, horned pondweed (Potamogetonaceae)	marine eelgrass, surfgrass (Zosteraceae)	calamus/sweet flag (genus Acorus)
pšňw	monsteroid	satin pothos/silver vine, golden pothos/money plant/hunter’s robe/devil’s vine/devil’s ivy/marble queen/Ceylon creeper (genus Epipremnum)	monsteroid, shingle plant, Adanson’s monstera/five holes plant, ceriman/monster fruit plant/fruit salad plant/Swiss cheese plant (genus Monstera)	spath/peace lily, centipede tongavine, other monsteroid (Monsteroideae except genera Epipremnum, Monstera)
txw	dioscoreaceae	yam, purple yam/greater yam/ube, Chinese yam/Chinese potato/cinnamon-vine/nagaimo, Indian threeleaved yam, Japanese mountain yam/yamaimo, Zanzibar yam, white yam/guinea yam/African yam, black bryony/lady’s seat/black bindweed, barbasco, Mexican yam, wild yam, lesser yam, pencil yam, Indian yam/cush-cush/yampee, fourleaf yam/devil’s bones/rheumatism root, fiveleaf yam (genus Dioscorea)	batflower, Polynesian arrowroot/pia (genus Tacca)	other dioscorean plant (genera Stenomeris, Trichopus)
txl	nartheciaceae	colicroot/colicweed/crow corn/unicorn root (genus Aletris)	goldencrest (genus Lophiola)	yellow asphodel/bog asphodel (genus Narthecium)
txr	other dioscoreales	nodding-nixie, northern bluethread, yellowseed, thismia, fairy lantern, burmanniate (Burmanniaceae)	other nartheciacean (genera Metanarthecium, Nietneria)	n/a
lsw	liliaceae 1	true lily (genus Lilium)	fritillary, spotted missionbells/spotted mountainbells, chocolate lily, kaiser’s crown/crown imperial, adobe lily, yellowbells, brown bells, checkered daffodil/frog-cup (genus Fritillaria)	giant lily (genus Cardiocrinum)
lsy	liliaceae 2	🌷 tulip (genera Tulipa, Amana)	gagea, star-of-Bethlehem, Radnor lily, mountain spiderwort/Snowdon lily/common alplily, yellow star-of-Cypress (genus Gagea)	fawn lily, trout lily, dog’s-tooth violet, avalanche-lily, adder’s tongue (genus Erythronium)
lsl	liliaceae 3	bead liluy/bride’s bonnet/queen’s cup, speckled wood lily/Clinton’s lily, blue-bead lily/corn lily/snakeberry/dogberry/straw lily, clintonia (genus Clintonia)	Indian cucumber-root/Cuke root (genus Medeola)	globelily, mariposa lily, beavertail grass, star tulip, sego lily, pussy ears, cat’s ear lily (genus Calochortus)
lsr	liliaceae 4	twistedstalk/rosybells/rose mandarin/scootberry/liverberry/rose-bellwort (genus Streptopus)	fairybells, drops of gold, yellow mandarin, spotted mandarin, Siskiyou bells (genus Prosartes)	fetid adderstongue, slinkpod/brownies (genus Scoliopus)
lsř	liliaceae 5	toad lily, hairy toad lily, tricyrtis (genus Tricyrtis)	other liliate (genera Notholirion, Nomocharis)	n/a
lsx	parids	trillium/wakerobin/birthroot/birthwort/tri flower (genus Trillium)	paris, herb-paris/true lover’s knot, bunchflower (genus Paris)	brook wakerobin (genus Pseudotrillium)
lsf	melanthids 1	fly poison (genus Amianthium)	elegant camas/alkali grass, deathcamas (genus Anticlea)	slender bunchflower/cripsed bunchflower, Ozark bunch-flower/Wood’s bunchflower (genus Melanthium)
lsv	melanthids 2	deathcamas, star zigadene, sand-corn (genus Toxicoscordion)	sandbog death camas (genus Zigadenus)	featherbell, Osceola’s plume/black snakeroot/crow poison, pinebarren deathcamas (genus Stenanthium)
lsţ	melanthids 3	false hellebore/corn-lily (genus Veratrum)	feathershank, sabadilla (genus Schoenocaulon)	n/a
lsļ	melanthiaceae	swamp pink (genera Helonias, Heloniopsis, Ypsilandra)	blazingstar/devil’s bit/false unicorn/fairy wand (genera Chamaelirium, Chionographis)	turkey beard/beartongue/grass-leaved helonias (genus Xerophyllum)
lsm	colchiceae	milkmaid (genus Burchardia)	bellwort/bellflower/merrybells, fairy bells (genera Disporum, Uvularia)	tripladene, lilac lily (genera Kuntheria, Schelhammera, Tripladenia)
lsn	colchicaceae 1	autumn crocus/meadow saffron/naked lady (genus Colchicum)	flame lily/fire lily/gloriosa lily/glory lily/superb lily/climbing lily/creeping lily (genus Gloriosa)	Namib lily (genus Hexacyrtis)
lsň	colchicaceae 2	Christmas bells/golden lily of the valley/Chinese lantern lily/Chinese lantern bulb (genus Sandersonia)	beetle lily, wurmbea, early Nancy, eight Nancy (genera Baeometra, Wurmbea)	other colchicate plant (genera Ornithoglossum, Camptorrhiza, Iphigenia)
lss	liliales 1	greenbrier/catbrier/prickly-ivy (genus Smilax)	supplejack (genus Ripogonum)	Chilean bellflower/copihue, austral bellflower (genera Lapageria, Philesia)
lsh	liliales 2	Inca-lily, Peruvian lily/lily of the Incas, bomarea, salsilla (genera Alstroemeria, Bomarea)	turquoise berry/native Solomons seal, orange berry, quilineja, almond flower (genera Drymophila, Luzuriaga)	other liliales plant (Campynemataceae, Corsiaceae, Petermanniaceae)
sfw	asparagoideae/agavoideae 1	asparagus plant, large forest sicklethorn, katbos, bridal creeper, florist’s fern (genus Asparagus)	yucca plant, Grand Canyon Quixote plant/Newberry’s yucca, Quixote yucca/foothill yucca/Spanish bayonet (genus Yucca, Hesperoyucca)	agave/century plant, tuberose (genus Agave)
sfy	asparagoideae/agavoideae 2	camas/quamash/Indian hyacinth/wild hyacinth (genus Camassia)	soap plant/soaproot/amole (genus Chlorogalum)	Utah solitaire lily/desert lily/sand lily/lonely lily/intermountain false-wheatgrass (genus Eremocrinum)
sfl	asparagoideae/agavoideae 3	rushlily (genus Hastingsia)	hostas, plantain lily (genus Hosta)	common starlily, mountain lily (genus Leucocrinum)
sfr	asparagoideae/agavoideae 4	rush-lily/sunnybell (genus Schoenolirion)	hemiphylacus (genus Hemiphylacus)	aphyllantes (genus Aphyllanthes)
lsfw	nolinoids 1	beargrass, Bigelow’s nolina, palmilla (genus Nolina)	lily-of-the-valley (genus Convallaria)	Alexandrian laurel/poet’s laurel (genus Danae)
lsfy	nolinoids 2	false Solomon’s seal, wild lily-of-the-valley, false lily-of-the-valley/Canada mayflower, false mayflower, May lily (genus Maianthemum)	monkey grass, creeping lilyturf, spider grass, liriope (genus Liriope)	lilyturf (genus Ophiopogon)
lsfl	nolinoids 3	dragon tree, shrubby dracaena, snake plant, African spear, sansevieria, golden hala pepe, “lucky bamboo”, Sait George’s sword/mother-in-law’s tongue/viper’s bowstring hemp (genus Dracaena)	King Solomon’s seal (genus Polygonatum)	Nippon lily/sacred lily (genus Rohdea)
lsfr	nolinoids 4	butcher’s broom (genus Ruscus)	other nolinoid (other Convallarioideae)	other agavoid (other Agavoideae)
rsfw	lomandroids 1	fish bones, mat-rush, basket grass (genus Lomandra)	blue stars/blue squill/mudrurt (genus Chamaescilla)	cabbage tree (genus Cordyline)
rsfy	lomandroids 2	chocolate lily (genus Dichopogon)	wombat berry vine (genus Eustrephus)	paperlily (genus Laxmannia)
rsfl	lomandroids 3	renga lily/New Zealand rock lily, vanilla lily (genus Arthropodium)	purple tassels, vanilla lily, chocolate flower, many-stemmed lily (genus Sowerbaea)	fringe-lily (genus Thysanotus)
rsfr	lomandroids 4	Basil’s asparagus (genus Xerolirion)	other lomandroid (genera Acanthocarpus, Chamaexeros, Murchisonia, Romnalda, Trichopetalum)	n/a
řsfw	scilloideae 1	🪻 hyacinth (genus Hyacinthus)	grape hyacinth (genus Muscari)	bluebells (genus Hyacinthoides)
řsfy	scilloideae 2	squill, glory-of-the-snow, Dalmation scilla (genus Scilla)	drimia, sea squill/sea onion (genus Drimia)	autumn squill (genus Prospero)
řsfl	scilloideae 3	silver squill/wood hyacinth, ledebouria (genus Ledebouria)	tassel hyacinth/tassel grape hyacinth (genus Leopoldia)	star-of-Bethlehem, sun star, chincherinchee, snake flower, Bath asparagus/Prussian asparagus (genus Ornithogalum)
řsfr	scilloideae 4	pineapple flower, pineapple lily (genus Eucomis)	little white soldiers/lepoard plant/false hosta (genus Drimiopsis)	hedgehog lily, blistered massonia (genus Massonia)
řsfř	other scilloideae/brodiaeoideae	slime lily (genus Albuca)	other scilloid plant (other Scilloideae)	cluster-lily, Mexican star, triplet lily, Baja lily/blue sand lily, brodiaeoid (Brodiaeoideae)
sţr	allieae (onion) 1	🧅 onion plant (Allium cepa)	shallot plant (Allium oschaninii)	leek plant (Allium ampeloprasum)
sţl	allieae (onion) 2	🧄 garlic plant (Allium sativum)	chive plant (Allium schoenoprasum)	scallion plant (various Allium species)
sţw	allioideae	glory-of-the-sun, spring starflower, springstar, crowpoison/false garlic, honeybells/onion weed (Leucocoryneae)	wild garlic/society garlic (genera Tulbaghia, Prototulbaghia)	South American allioid (Gilliesieae)
lsţw	amaryllidaceae 1	amarylid, swamplily, poisonbulb/Queen Emma lily, seven sisters (Amaryllideae)	fire lily, Knysna lily, falcate fire lily (genus Cyrtanthus)	Natal lily/bush lily/Kaffir lily, green-tip forest lily, paintbrush, blood flower/blood lily, haemanthus, Inyanga fireball, kukumakranka (Haemantheae)
lsţy	amaryllidaceae 2	Cardwell lily, Brisbane lily/Moreton Bay lily, wilcannia lily, garland lily (genera Proiphys, Calostemma)	hurricane lily, cluster amaryllis, red spider lily/hell flower/red magic lily/equinox flower, resurrection lily/surprise lily/magic lily/naked lady, ungernia (genera Lycoris, Ungernia)	griffinid, Empress-of-Brazil (genera Griffinia, Worsleya)
lsţl	amaryllidaceae 3	daffodil, winter daffodil/autumn daffodil/lily-of-the-field/yellow autumn crocus (genera Narcissus, Sternbergia, Lapiedra)	pancratid, sea daffofil (genera Pancratium, Vagaria)	snowflake, snowdrop (genera Acis, Galanthus, Leucojum)
lsţr	amaryllidaceae 4	copperlily, pink fairy lily/pink rain lily, Barbados snowdrop, lily-of-the-palace, “amaryllis”, Aztec lily/Jacobean lily, rainflower, zephyr lily, rain lily, Atamasco lily/wild Easter lily, traubiine (Hippeastreae)	eustephid, fire lily/flame lily (Eustephieae)	eucharid, Amazon lily, giant Peruvian daffodil (Eucharideae)
sţy	agapanthoideae/amaryllidaceae	lily of the Nile, African tulip, African bluebell/blue lily (genus Agapanthus)	spider lily, cahaba lily, Peruvian daffodil, amancay (Hymenocallideae)	clinanthus (Clinantheae)
rsţw	asphodeloideae 1	true aloe, aloe vera (genus Aloe)	guinea-fowl aloe/lace aloe (genus Aristaloe)	climbing-aloe (genus Aloiampelos)
rsţy	asphodeloideae 2	foxtail lily/desert candle (genus Eremurus)	partridge aloe (genus Gonialoe)	asphodel (genus Asphodelus)
rsţl	asphodeloideae 3	haworthia (genus Haworthia)	haworthiopsis (genus Haworthiopsis)	gasteria (genus Gasteria)
rsţr	asphodeloideae 4	"tritoma, red hot poker, torch lily, poker plant, “Bees’ Sunset”, “Brimstone Bloom”, “Buttercup"" (genus Kniphofia)"	fan-aloe, kumara (genus Kumara)	other asphodeloid plant (other Asphodeloideae)
řsţw	hemerocallidoideae 1	daylily, lemon lily, tiger lily/ditch lily (genus Hemerocallis)	Kerry lily (genus Simethis)	yellow rush-lily (genus Tricoryne)
řsţy	hemerocallidoideae 2	grass lily (genus Caesia)	pipe lily (genus Johnsonia)	other johnsoniid hemerocallid (genera Corynotheca, Arnocrinum, Hensmania, Stawellia)
řsţl	hemerocallidoideae 3	New Zealand flax (genus Phormium)	scrambling lily (genus Geitonoplesium)	nodding blue lily/blind grass (genus Stypandra)
řsţr	hemerocallidoideae 4	flax lily, blueberry/paroo lily, inkberry lily (genus Dianella)	tufted blue-lily (genus Thelionema)	sky lily (genus Herpolirion)
řsţř	xanthorrhoeoideae/other hemerocallidoideae	grass tree (genus Xanthorrhoea)	other phormid hemerocallidoid (genera Excremis, Pasithea, Agrostocrinum)	n/a
rsp	irideae	iris, juno (genus Iris)	Cape tulip, Barbary nut (genus Moraea)	wood iris/fortnight iris/butterfly iris/Japanese iris/African iris, white iris, western flag iris, other irid (genera Dietes, Bobartia, Ferraria, Diplarrena)
rspf	iridoideae	blue-eyed grass, morning iris, purple-eyed grass/satin flower/grass-widow/olsynium, pretty grass-flag (Sisyrinchieae)	peacock flower/tiger-flower/shell flower, peatleaf, propeller flower, lágrimas de la virgen, tigrid (Tigridieae)	walking iris, apostle’s iris, apostle plant, forenoon yellow flag (Trimezieae)
rspl	croceae 1	crocus (genus Crocus)	baboon-root (genus Babiana)	corn lily (genus Ixia)
rspr	croceae 2	hairbells, angel’s fishing rods / grassy bells / fairybell / wedding bell, wandflower (genus Dierama)	harlequin flower, wandflower, sparaxis (genus Sparaxis)	other crocid (genera Chasmanthe, Duthieastrum, Geissorhiza, Hesperantha, Radinosiphon, Syringodea, Tritonia, Tritoniopsis, Afrocrocus, Romulea)
rspř	crocoideae	gladiolus, cornflag, painted lady, cliff lily, Afrikaner, sword lily, gladiola (genera Gladiolus, Melasphaerula)	bugle lily, watsoniid (Watsonieae)	freesia, montbretia (genera Freesia, Xenoscapa, Crocosmia, Devia)
rspţ	iridaceae	blue flies/blue stars/blue-eyed iris, blue corn-lily (genus Aristea)	native flag/purple flag/native iris, swamp iris (genus Patersonia)	other crocioid (genera Isophysis, Geosiris, Klattia, Nivenia, Witsenia)
rspw	orchidaceae	orchidoid orchid (Orchidoideae)	epidendroid orchid (Epidendroideae)	apostasioid/cypripendioid orchid (Apostasioideae, Cypripedioideae)
rspy	vanilloideae	flat-leaved vanilla orchid plant (Vanilla planifolia)	vanillid orchid (Vanilleae except Vanilla planifolia)	pogonia, snakemouth orchid, little five leaves, pogonid orchid (Pogonieae)
rsph	other asparagales 1	gymnea lily, giant spear lily (genus Doryanthes)	Chilean blue crocus, Hartweg’s doll’s lily, tecophilaeid (Tecophilaeaceae)	lavender mountain lily/Siberian lily (genus Ixiolirion)
rspļ	other asparagales 2	pineapple grass/perching lily, silver spear, bush flax/bush lily, astelia, asteliid (genera Astelia, Milligania, Neoastelia)	hypoxidiid, weevil-wort, curculigo (Hypoxidaceae)	lambtails/Cape edelweiss (genus Lanaria)
rspç	other asparagales 3	Christmas bells (genus Blandfordia)	pincushion, borya, alania (genera Borya, Alania)	Poor Knights lily (genus Xeronema)
rsphw	other lillioid monocot	pandan, screw-pine/screw palm/pandanus palm (Pandanales)	petrosaviate (genera Petrosavia, Japonolirion)	n/a
nçpf	commelinaceae	dayflower, widow’s tears, tropical spiderwort/wandering Jew, scurvy weed, scurvy grass, rat’s ear, marble berry, dewflower (Commelineae)	spiderwort, Indian paint, boatlily/oyster plant, wild crocus, false dayflower, blue ginger (Tradescantieae)	cartonema, wiridjagu (genus Cartonema)
nçph	commelinales	bloodwort, kangaroo paw, winter bell, bloodroot, coneflower, redroot (Haemodoraceae)	mud plantain, water hyacinth, water stargrass, ducksalad, pickerel weed, false pickerelweed/oval-leafed pondweed (genera Heteranthera, Pontederia)	stream lily, frogsmouth, woolly waterlily, hanguana (genera Philydrum, Philydrella, Helmholtzia, Hanguana)
nçp	musaceae	🍌 banana, plantain (genus Musa)	enset, false banana (genus Ensete)	Chinese dwarf banana/golden lotus banana (genus Musella)
nçpw	zingiberaceae 1	🫚 ginger plant, myoga/Japanese ginger (genus Zingiber)	turmeric plant, zedoary/white turmeric, Java ginger/Javanese turmeric, Cape York lily, mango ginger, Siam tulip/summer tulip, East Indian arrowroot/narrow-leaved turmeric, mango-ginger (genus Curcuma)	cardamom plant (genera Amomum, Elettaria)
nçpy	zingiberaceae 2	galangal plant, shellflower/shellplant, alpinia, Chinese ginger, shell ginger, round Chinese cardamom (genus Alpinia)	false cardamom/Ethiopian cardamom plant, melegueta pepper/alligator pepper/grains of paradise (genus Aframomum)	torch ginger/torch lily/Philippine wax flower/Indonesian tall ginger/porcelain rose, Malay rose (genus Etlingera)
nçpl	zingiberaceae 3	Scott’s ginger/jiddo/native cardamom (genus Hornstedtia)	garland flower/ginger lily/kahili ginger (genus Hedychium)	other zingiberid (other Zingiberaceae)
nçpç	zingiberaceae 4	cao guo (genus Lanxangia)	kencur/lesser galangal/aromatic ginger/sand ginger/cutcherry/resurrection lily/cekur, Thai ginseng/Thai black ginger, silver spot (genus Kaempferia)	Chinese keys/fingerroot/Chinese ginger/lesser galangal (genus Boesenbergia)
nçpr	zingiberales 1	canna lily (genus Canna)	lobster-claws/toucan beak/wild plantain/false bird-of-paradise (genus Heliconia)	orchidantha (genus Orchidantha)
nçpř	zingiberales 2	strelitzia, bird of paradise, crane lily, traveller’s tree/traveller’s palm (genera Strelitzia, Phenakospermum, Ravenala)	costus, orange tulip ginger, spiral ginger, spiralflag ginger/Indian head ginger, yellow trumpet, spiral flag, crêpe ginger, wax ginger (Costaceae)	arrowroot, prayer plant, calathea, myrosma, alligator-flag, thalia, hardy canna, fire-flag (Marantaceae)
lbw	common food palm (arecaceae) 1	🥥 coconut tree (genus Cocos)	date palm tree (genus Phoenix)	açaí palm tree (genus Euterpe)
lby	common food palm (arecaceae) 2	jelly palm, yatay palm, pindo palm (genus Butia)	oil palm, macaw-fat (genus Elaeis)	peach palm (genus Bactris)
lbl	areceae 1	🌴 areca nut palm/betel nut palm (genus Areca)	thatch palm/Kentia palm (genus Howea)	black palm (genus Normanbya)
lbr	areceae 2	pinang palm (genus Nenga)	sagisi palm (genus Heterospathe)	big mountain palm/umbrella palm (genus Hedyscepe)
lbř	areceae 3	barbel palm/palmiste rouge (genus Acanthophoenix)	foxtail palm (genus Wodyetia)	thief palm/latanier palm (genus Phoenicophorium)
lbv	cocoseae	Chilean wine palm (genus Jubaea)	Pondoland palm (genus Jubaeopsis)	forest coconut palm (genus Voanioala)
lbḑ	aracoideae	pissava palm/jará palm (genus Leopoldinia)	royal palm, palmiste/imperial palm/cabbabe palm, yagua/cabiche (genus Roystonea)	other aracoid palm (Geonomateae, Iriarteeae, Manicarieae, Oranieae, Pelagodoxeae, Podococceae, Reinhardtieae, Sclerospermeae, Chamaedoreeae, other Euterpeae, other Cocoseae, other Areceae)
lbz	calamoideae	rattan palm (Calameae)	bertam/wild Bornean sago palm (genus Eugeissona)	raffia palm, butiti, poltamui (Lepidocaryeae)
lbž	coryphoideae	needle palm, lady palm, saw palmetto, carnauba wax palm, European fan palm/Mediterranean dwarf palm (Trachycarpeae)	zombie palm, Key thatch palm, silver pimeto (Cryosophileae)	fan-palm, palmetto, sea coconut palm/double coconut palm, fishtail palm, Hainan fan palm, white backed palm, Mazari palm, tahina palm (Sabaleae, Borasseae, Caryoteae, Chuniophoeniceae, Corypheae)
lbh	other arecales	ivory palm/ivory-nut palm/tagua palm, chonta palm, mastodon palm/fiber palm (Ceroxyloideae)	nipa/mangrove palm (genus Nypa)	pineapple bush, tinsel lily, kingia/bullanock, baxteria (Dasypogonaceae)
bt	triticum (wheat) 1	common/bread wheat grass (Triticum aestivum)	durum/pasta wheat grass (Triticum durum)	spelt/dinkel wheat grass (Triticum spelta)
bty	triticum (wheat) 2	einkorn wheat grass (Triticum monococcum, Triticum boeoticum)	emmer wheat grass (Triticum turgidum dicoccum, Triticum turgidum dicoccoides)	khorasan wheat grass, kamut grass (Triticum turanicum)
btw	triticeae (wheat-related domesticated cereal grain)	barley grass (genus Hordeum)	rye grass (genus Secale)	triticale grass (genus Triticosecale)
btl	other triticeae 1	wheatgrass (genus Agropyron)	goatgrass (genus Aegilops)	couch grass, wildrye, bottlebrush grass, lyme grass, dune grass, strand grass/strand-wheat, squirreltail (genus Elymus)
btr	other triticeae 2	wood-barley (genus Hordelymus)	wildrye, lyme grass (genus Leymus)	Eurasian quackgrass, rush wheatgrass, tall wheatgrass (genus Thinopyrum)
btř	other triticeae 3	club wheat, Persian wheat, Armenian wild emmer, red wild einkorn wheat, Ethiopian wheat, Zanduri wheat, Polish wheat (other Triticum)	other wild wheatgrass (other Triticeae)	n/a
bth	avena (oat)	common oat grass (Avena sativa)	naked oat/hulless oat grass (Avena nuda)	Ethiopian oat grass (Avena abyssinica)
btç	pooideae 1	oatgrass, junegrass, vernal grass/hornwort, bentgrass, hairgrass, button-grass, plumegrass, hedgehog grass, false mannagrass, swamp wallaby grass, beard grass/rabbitsfoot grass, nit grass, Ozark grass, shining grass, silkybent grass, windgrass (Aveninae, Torreyochloinae, Phalaridinae, Anthoxanthinae, Brizinae, Echinopogoninae, Calothecinae, Paramochloinae, Agrostidinae except Avena sativa, Avena nuda, Avena abyssinica)	meadow-grass, bluegrass, tussock, snow-grass, sussock-grass, muttonbird poa, quaking grass, pendant grass, hardgrass, alkali grass, salt grass, saltmarshgrass, fescue, pinegrass, blue bunchgrass, pseudovina, English bluegrass, fescue tussock, ryegrass, cock’s-foot grass, orchard grass, hair grass, tussock grass, sandgrass, common rivergrass, giant mountain grass, timothy grass, sloughgrass, woodreed, foxtail grass, hooded grass (Poinae, Scolochloinae, Sesleriinae, Airinae, Holcinae, Aristaveninae, Loliinae, Dactylidinae, Cynosurinae, Ammochloinae, Parapholiinae, Coleanthinae, Poinae, Miliinae, Phleinae, Beckmanniinae, Cinninae, Alopecurinae, Ventenatinae, genera Avenula, Arctagrostis, Dupontia, Dupontiopsis, Hookerochloa, Nicoraepoa, Oreopoa, Saxipoa, Sylvipoa)	brome, chess grass, cheat grass, quake grass, bull grass, rescue grass/Australian oat, false brome, tor-grass (genera Bromus, Littledalea, Brachypodium)
btf	pooideae 2	matgrass (genus Nardus)	esparto grass/cord grass/albardine (genus Lygeum)	oat speargrass (Duthieeae)
btv	pooideae 3	melic grass, semaphore grass, false semaphore grass, false mesic (Meliceae)	needle grass, spear grass, silver spike grass, ricegrass, sleepygrass, achnatherum, needle-and-thread grass, feather grass, false needle grass (Stipeae)	stramma/rope grass/Mauritania grass/dis grass (genus Ampelodesmos)
btļ	pooideae 4	breakgrain/break grass (genera Diarrhena, Neomolinia)	beach grass, marram grass (genus Ammophila)	other pooid grass (genera Brachyelytrum, Phaenosperma, Brylkinia)
bḑd	bambusoideae (bamboo)	🎋 tropical woody bamboo (Bambuseae)	tropical herbaceous bamboo (Olyreae)	temperate woody bamboo, hill cane, switchcane, river cane/giant cane (Arundinarieae)
bk	oryza (rice)	🌾 Asian rice grass (Oryza sativa)	African rice grass (Oryza glaberrima)	red rice/brownbeard rice grass (Oryza rufipogon)
bkw	oryzeae 1	wild rice, Canada rice, Indian rice, water oats (genus Zizania)	giant cutgrass/water millet/southern wildrice (genus Zizaniopsis)	wild rice grass (genera Oryza, Maltebrunia, Prosphytochloa, Chikusichloa, Rhynchoryza except Oryza sativa, Oryza glaberrima, Oryza rufipogon)
bky	oryzeae 2	cutgrass, whitegrass, swamp rice grass (genus Leersia)	Hastings River reed (genus Potamophila)	watergrass (genera Luziola, Hygroryza)
bkç	oryzoideae	eeping grass/weeping rice grass/weeping meadow grass, veldtgrass, zotovia (Ehrharteae)	other oryzoid grass (Phyllorachideae, Streptogyneae)	n/a
bkl	eragrostideae	teff grass (Eragrostis tef)	lovegrass, canegrass, cause grass (genus Eragrostis except Eragrostis tef)	robies cocksfoot, thimble grass/Zulu fescue, other eragrostid grass (Eragrostideae except genus Eragrostis)
bkr	eleusininae	finger millet grass (Eleusine coracana)	oosegrass, wiregrass, crowfootgrass, yard-grass (genus Eleusine other than Eleusine coracana)	caterpillar grass, windmill grass, Mitchell grass, Bermuda grass/dog’s tooth grass (Eleusininae except genus Eleusine)
bkf	cynodonteae 1	spinifex, porcupine grass (genus Triodia)	goose grass, crowfoot grass (Dactylocteniinae)	muhly, scratchgrass, deergrass, bullgrass, aparejograss (genus Muhlenbergia)
bkţ	cynodonteae 2	eyelashgrass, desertgrass, desert fluff-grass, woollygrass, burrograss, Eureka dunegrass, false buffalograss (Scleropogoninae)	Colusa grass, Orcutt grass (genera Orcuttia, Neostapfia)	fiveminute grass, grama grass, pappusgrass, burr grass, carrot-seed grass, Texasgrass, sandgrass, skeletongrass, curly mesquite, other cynodontid grass (other Cynodonteae)
bkř	zoysieae	zoysia/zoysiagrass, mascarene grass/Korean velvet grass, Korean lawngrass, Manila grass (genus Zoysia)	dropseed, sacaton grass, fairy grass/yakka grass, smut grass, giant rat’s-tail grass, poverty grass, salt grass (genus Sporobolus)	other zoysiid grass (genera Psilolemma, Urochondra)
bkm	chloridoideae	centropodiid grass (genera Centropodia, Ellisochloa)	triraphid grass (Triraphideae)	other chloridoid grass (genera Gossweilerochloa, Indopoa, Lepturopetium, Myriostachya, Pogonochloa, Pseudozoysia, Silentvalleya)
rdl	andropogoneae 1	🌽 maize/corn plant (genus Zea)	sugarcane plant, ravenna grass, elephant grass (genus Saccharum)	sorghum grass (genus Sorghum)
rdr	andropogoneae 2	murainagrass, duck-beak, paddle grass, lucuntu grass (genus Ischaemum)	gamagrass (genus Tripsacum)	jointgrass/limpograss/halt grass/quick grass (genus Hemarthria)
rdř	andropogoneae 3	carpetgrass (genus Arthraxon)	vetiver, amorseco/grama-amorosa/lesser spear grass (genus Chrysopogon)	browntop, other andropogonid grass (other Andropogoneae)
rdm	andropogonines/saccharines	lemongrass, citronella grass, palmarosa/Indian geranium, barbed wire grass, silky head, oily head, Cochin grass, Malabar grass (genus Cymbopogon)	broomsedge, whiskygrass, bluestem, Tambuki grass/gamba grass, beard grass, sweetpitted grass, leg grass/red grass/redleg, Flinders grass, tanglehead, scented-top grass (Andropogoninae except genus Cymbopogon)	cogongrass/kunai grass/blady grass/satintail/lalang grass/cotton wool grass, crinkleawn grass, silvergrass (Saccharinae except genus Saccharum)
rdň	andropogonoid panicoideae	carpet grass, vine mesquite, bedgrass, panicgrass, bahiagrass, paspalum, koda millet/kodra millet, hilo grass/carabao grass, dallis grass, crowngrass, marsh grass (Paspaleae)	wildcane, arrow cane (genus Gynerium)	other andropogonoid panicoid grass (Arundinelleae, Lecomtelleae)
rdf	danthonioideae	oatgrass/heathgrass/wallaby grass (genus Danthonia)	Mediterranean grass (genus Schismus)	danthonioid grass, snowgrass (Danthonioideae except genera Danthonia, Schismus)
ţxl	millet 1	common millet grass/proso millet/broomcorn millet/hog millet/red millet/white millet (Panicum miliaceum)	pearl millet grass (Cenchrus americanus)	foxtail millet/Italian millet (Setaria italica)
ţxr	millet 2	fonio/hungry rice (Digitaria exilis, Digitaria iburua)	raishan (Digitaria compacta)	crabgrass, finger-grass, summer grass, witchgrass, cottontop, umbrella grass, blue couch, pangolagrass, sourgrass, Polish millet (genus Digitaria except Digitaria exilis, Digitaria iburua, Digitaria compacta)
ţxm	cenchrinae	buffelgrass, sandbur, sand spur (genus Cenchrus previously not classified in genus Pennisetum)	fountaingrass, swamp-foxtail, bristlegrass, feather grass/bedding grass, mission grass, Napier grass, elephant grass/barner grass, feathertop/white foxtail (genus Cenchrus previously classified in genus Pennisetum except Cenchrus americanus)	pigeon grass, bristle grass, highland pitpit, grama negra, yellow foxtail, bristly foxtail, corn grass/Mary grass (genus Setaria except Setaria italica)
ţxn	paniceae	mudgrass, false bristlegrass, flat-stem grass, sandhill canegrass (Cenchrinae except genera Cenchrus, Setaria)	basketgrass, barnyard grass/cockspur grass, boivinelline grass (Boivinellinae)	mulga grass, rosette grass, cupscale grass, signalgrass, panicum, tumbleweed, maidencane, switchgrass, panic, Guinea grass/buffalo grass, panic grass (other Paniceae)
ţxw	centothecoid	woodoat (genera Chasmanthium, Bromuniola)	tiger grass/broom stick/Nepalese broom grass (genus Thysanolaena)	other centothecoid grass (Zeugiteae, Steyermarkochloeae, Tristachyideae, Centotheceae, Cyperochloeae)
ţxx	micrairoideae	bloodgrass (genus Isachne)	Wanderrie grass (genus Eriachne)	macrairoid grass (Micrairoideae except genera Isachne, Eriachne)
ţtļ	arundinoideae 1	common reed (genus Phragmites)	giant cane/Spanish cane, Pliny’s reed (genus Arundo)	greybeard grass (genus Amphipogon)
ţtř	arundinoideae 2	moor grass (genus Molinia)	mulga oat (genus Monachather)	other arundinoid grass or reed (other Arundinoideae)
ţtw	aristideae	three-awns wiregrass, speargrass, needlegrass (genus Aristida)	sartidia (genus Sartidia)	bushman grass (genus Stipagrostis)
ţty	other poaceae	puelioid grass (genera Puelia, Guaduella)	stalkgrass, leptaspis (genus Leptaspis, Pharus, Scrotochloa)	anomochlooid grass (genera Anomochloa, Streptochaeta)
ţth	other gramminid grass family	ecdeiocoleid plant (genera Ecdeiocolea, Georgeantha)	joinvillea (genus Joinvillea)	whip vine/hell tail/supplejack/false rattan/bush cane (genus Flagellaria)
ḑkw	bromeliad	🍍 pineapple (genus Ananas)	bromeliad, airplant, ball moss, Spanish moss (Bromeliaceae except genus Ananas)	cattail/punk/reed/bulrush/reedmace, bur-reed (genera Typha, Sparganium)
ḑky	cyperus	chufa flatsedge (Cyperus esculentus)	papyrush sedge (Cyperus papyrus)	flatsedge, nutsedge, umbrella-sedge (genus Cyperus except Cyperus esculentus, Cyperus papyrus)
ḑkl	cyperaceae 1	true sedge (genus Carex)	Chinese water chestnut (Eleocharis dulcis)	spikerush/hairgrass, spikesedge, scallion grass (genus Eleocharis except Eleocharis dulcis)
ḑkr	cyperaceae 2	club-rush, bulrush, beakrush (genus Scirpus)	fimbry/fringe-rush/fimbristyle (genus Fimbristylis)	bulrush, hairsedge, twigrush, bogrush, nutrush, sedge (Cyperaceae)
ḑkf	juncaceae	rush, blackgrass (genus Juncus)	woodrush, Good Friday grass/sweep’s brush (genus Luzula)	other rush-like plant (Juncaceae except genera Juncus, Luzula)
ḑkţ	other cyperid	palmiet, thurnia (genera Thurnia, Prionium)	rapateaceous plant (Rapateaceae)	mayaca plant (genus Mayaca)
ḑkř	poales	wire rush, bamboo rush, silver reed, Cape thatching reed, rope-rush, buttonrush, cord-rush, tassel rush, plume rush, centrolepis, Manypeaks rush, Australian reed, restiad, restio (Restionaceae)	pipewort, hat pin, bog button (Eriocaulaceae)	yellow-eyed grass (Xyridaceae)
kmw	buxaceae	box, boxwood (genus Buxus)	Allegheny spurge, carpet box/Japanese spurge, pachysandra (genus Pachysandra)	sweet box, Christmas box, styloceras (genera Sarcococca, Styloceras)
kmy	other buxales	didymeles (genus Didymeles)	haptanthus (genus Haptanthus)	n/a
nḑpw	proteoideae 1	sugarbush, protea, honey flower, creeping beauty (genus Protea)	petrophile, conebush, conesticks, pixie mops (genus Petrophile)	featherbush (genus Aulax)
nḑpy	proteoideae 2	smokebush, blue brother, blue lace (genus Conospermum)	synaphea (genus Synaphea)	blueboy (genus Stirlingia)
nḑpl	proteoideae 3	coneflower, drumsticks, wild Irishman/horny cone bush, pincushion rose bush, isopogon (genus Isopogon)	jugflower, glandflower, basket flower, woollybush, flame bush/bridle bush/sweat bush, adenanthos (genus Adenanthos)	Port Arthur plum/native plum (genus Cenarrhenes)
nḑpr	proteoideae 4	cone bush (genus Leucadendron)	spiderhead, blushing bride/pride of Franschhoek (genus Serruria)	sceptre, exploding baked apple (genus Paranomus)
nḑpř	proteoideae 5	vexator (genus Vexatorella)	powderpuff (genus Sorocephalus)	spoon plant (genus Spatalla)
nḑpf	proteoideae 6	pincushion plant (genus Leucospermum)	pagoda plant (genus Mimetes)	silkypuff (genus Diastella)
nḑpļ	proteoideae 7	marsh rose (genus Orothamnus)	other proteoid plant (genera Faurea, Eidothea, Beauprea, Beaupreopsis, Dilobeia, Franklandia)	n/a
nḑkw	grevilleoideae 1	spider flower, silky oak, toothbrush plant, grevillea (genus Grevillea)	blush silky oak/pink silky oak/brown silky oak/drunk rabbit (genus Opisthiolepis)	ivory curl flower (genus Buckinghamia)
nḑky	grevilleoideae 2	akea, mulloway needlebush, needlewood, corkbark tree, red pokers, bootlace tree/corkwood, cork tree, needles and corks, dungyn, yandena, walukara, needle tree, woody peach, kerosine bush/two-leaf, pin bush/water tree/booldoobah, emu bush, corkwood oak, honey bush (genus Hakea)	scrub beefwood, firewheel tree, stenocarpus (genus Stenocarpus)	crinkle bush/parsely fern, guitarplant, lomatia, native holly, radal (genus Lomatia)
nḑkl	grevilleoideae 3	Chilean firebush/notro/ciruelillo/foforito (genus Embothrium)	waratah (genus Telopea)	Queensland tree waratah/red silky oak, Dorrigo waratah (genus Alloxylon)
nḑkr	grevilleoideae 4	banksia, parrot bush, dryandra, kerosene bush, couch honeypot (genus Banksia)	crater silky oak, briar silky oak (genus Musgravea)	Mueller’s silky oak (genus Austromuellera)
nḑkř	grevilleoideae 5	orites, mountain silky oak/prickly ash/white beefwood, yellow bush (genus Orites)	fishtail oak/fishtail silky oak (genus Neorites)	spice bush (genus Triunia)
nḑkf	grevilleoideae 6	woody pear (genus Xylomelum)	wild honeysuckle (genus Lambertia)	Sayer's silky oak, hollandea (genus Hollandaea)
nḑkm	grevilleoideae 7	helicia, silky oak, pale oak/brown oak, Austral oak, hairy weiner/rusty oak (genus Helicia)	mystery oak/Mt. Lewis oak/poorman’s fishtail oak/buff silky oak/satin silky oak (genus Sphalmium)	red oak/red silky oak (genus Carnarvonia)
nḑkn	grevilleoideae 8	macadamia nut tree, bauple nut/Queensland nut/bush nut/Hawaii nut (genus Macadamia)	wild almond/bitter almond (genus Brabejum)	Hey's nut oak (genus Catalepidia)
nḑks	grevilleoideae 9	Atherton oak (genus Athertonia)	northern silky oak/bull oak/golden spanglewood/lacewood/congaary (genus Cardwellia)	Chilean hazelnut tree (genus Gevuina)
nḑkš	grevilleoideae 10	red bopple nut/monkey nut/red nut/beef nut/rose nut/ivory silky oak (genus Hicksbeachia)	other grevilleoid plant/tree (other Grevilleoideae)	n/a
nḑkh	other proteaceae 1	mountain rocket (genus Bellendena)	rose silky oak/plate-seeded oak (genus Placospermum)	geebung, snottybobble, persoonia, wild pear (genus Persoonia)
nḑkhw	other proteaceae 2	white waratah (genus Agastachys)	symphionema, other proteaceous plant (genus Symphionema)	n/a
nḑph	other proteales	lotus flower/sacred lotus/Indian lotus/rose of India/sacred water lilly, American lotus (genus Nelumbo)	plane tree, American sycamore/buttonwood/water beech/occidental plane tree, California sycamore/western sycamore/aliso, Arizona sycamore (genus Platanus)	sabiaceous plant (genera Sabia, Ophiocaryon, Meliosma)
vzmw	ranunculaceae 1	buttercup, spearwort, crowfoot, water-crowfoot (genus Ranunculus)	bur buttercup/curveseed butterwort (genus Ceratocephala)	fig buttercup/lesser celandine/pilewort (genus Ficaria)
vzmy	ranunculaceae 2	mousetail (genus Myosurus)	Carolina bugbane/false bugbane/tassel-rue (genus Trautvetteria)	marsh marigold, caltha (genus Caltha)
vzml	ranunculaceae 3	anemone, Spanish marigold/windflower, thimbleweed (genus Anemone)	clematis, leather flower, pine hyacinth, traveller’s joy, satin curls, virgin’s bower, headache vine, vasevine, curlyheads, bluebill, devil’s darning needles, old man’s beard (genus Clematis)	liverleaf/liverwort/hepatica (genus Hepatica)
vzmr	ranunculaceae 4	pasque flower, windflower, prairie crocus/cutleaf anemone (genus Pulsatilla)	hellebore, setterwort, Christmas rose, Lenten rose, bear’s foot (genus Helleborus)	love-in-a-mist/ragged lady/devil in the bush (genus Nigella)
vzmř	ranunculaceae 5	baneberry, bugbane, cohosh, herb crhistopher, doll’s eyes (genus Actaea)	false anemone (genus Anemonopsis)	white aconite (genus Eranthis)
vzvw	ranunculaceae 6	aconite, monkshood, wolfsbane, iron hammer, leopard’s bane, mousebane, devil’s helmet, queen of poisons, blue rocket (genus Aconitum)	larkspur (genus Consolida)	larkspur, delphinium (genus Delphinium)
vzvy	ranunculaceae 7	pheasant’s-eye, blooddrops, adonis (genus Adonis)	globeflower (genus Trollius)	Japanese wood poppy (genus Glaucidium)
vzvl	ranunculaceae 8	goldenseal/orangeroot/yellow puccoon (genus Hydrastis)	goldthread (genus Coptis)	yellowroot (genus Xanthorhiza)
vzvr	ranunculaceae 9	meadow rue, rue-anemone (genus Thalictrum)	false rue-anemone (genus Isopyrum)	false rue-anemone (genus Enemion)
vzvř	ranunculaceae 10	columbine/granny’s bonnet/granny’s nightcap (genus Aquilegia)	spurless columbine (genus Paraquilegia)	other ranunculaceous plant (other Ranunculaceae)
vzbw	berberidaceae 1	barberry (genus Berberis previously not classified in genus Mahonia)	Oregon grape, Beale’s barberry, Cascade barberry, currant-of-Texas/wild currant/chaparral berry, mahonia (genus Berberis previously classified in genus Mahonia)	vanilla leaf/deer's foot/sweet after death (genus Achlys)
vzby	berberidaceae 2	mayapple/American mandrake/wild mandrake/ground lemon (genus Podophyllum)	Himalayan may apple/Indian may apple (genus Sinopodophyllum)	umbrella leaf (genus Diphylleia)
vzbl	berberidaceae 3	barrenwort, bishop’s hat, fairy wings, horny goat weed (genus Epimedium)	twinleaf/rheumatism root, Asian twinleaf (genera Jeffersonia, Plagiorhegma)	inside-out flower (genus Vancouveria)
vzbr	berberidaceae 4	heavenly bamboo/sacred bamboo/nandina (genus Nandina)	blue cohosh/squaw root/papoose root (genus Caulophyllum)	other berberidaceous plant (other Berberidaceae)
vzgw	menispermaceae 1	moonseed, ghost grape, common parilla (genus Menispermum)	round-leaf vine (genus Legnephora)	pearl vine (genus Sarcopetalum)
vzgy	menispermaceae 2	red-berried moonseed/Carolina moonseed, correhuela, broom creeper, laurel-leaved snail tree, queen coralbead (genus Cocculus)	velvet leaf, abuta (genus Cissampelos)	snake vine (genus Stephania)
vzgl	menispermaceae 3	cupseed (genus Calycocarpum)	serendipity berry (genus Dioscoreophyllum)	calumba (genus Jateorhiza)
vzgr	menispermaceae 4	Indian berry/fishberry/Levant nut (genus Anamirta)	other menispermaceous plant (other Menispermaceae)	n/a
vzbř	lardizabalaceae 1	zabala fruit (genus Lardizabala)	chameleon vine (genus Boquila)	dead man's fingers (genus Decaisnea)
vzbv	lardizabalaceae 2	blue china vine (genus Stauntonia)	chocolate vine, akebia (genus Akebia)	other lardizabalaceous plant (genera Sargentodoxa, Sinofranchetia)
vzdw	papaveroideae 1	poppy, blindeyes (genus Papaver except Papaver heterophyllum)	bear poppy/bear-paw poppy (genus Arctomecon)	prickly poppy (genus Argemone)
vzdy	papaveroideae 2	pygmy poppy (genus Canbya)	blue poppy, autumn poppy, Nepal poppy/satin poppy, Himalayan woodlandpoppy (genus Meconopsis)	matilija poppy, California tree poppy (genus Romneya)
vzdl	papaveroideae 3	windpoppy (Papaver heterophyllum)	fairypoppy (genus Meconella)	creamcups (genus Platystemon)
vzdr	papaveroideae 4	California poppy, tufted poppy/foothill poppy, frying pans, desert gold(en) poppy/Mojave poppy, San Benito poppy, Lemmon’s poppy, pygmy poppy, Parish’s poppy, Channel Islands poppy (genus Eschscholzia)	bush poppy, Channel Islands tree poppy (genus Dendromecon)	Mexican tulip poppy (genus Hunnemannia)
vzdř	papaveroideae 5	celandine/greater celandine/nipplewort/swallowwort/tetterwort (genus Chelidonium)	plume poppy/tree poppy/tree celandine/parrotweed/sea oxeye daisy/John Crow bush (genus Bocconia)	eastern horned poppy (genus Dicranostigma)
vzdv	papaveroideae 6	snow-poppy/dawn-poppy (genus Eomecon)	yellow horned poppy, sea poppy (genus Glaucium)	forest poppy (genus Hylomecon)
vzẓ	papaveroideae 7	plume poppy (genus Macleaya)	bloodroot/bloodwort/redroot/red puccoon/Canada puccoon/pauson (genus Sanguinaria)	celandine-poppy/woods-poppy (genus Stylophorum)
vzj	papaveroideae 8	narrow-leaved meconella (genus Hesperomecon)	spotted Asian poppy (genus Roemeria)	other papaveroid plant (genera Coreanomecon, Cathcartia)
vzgv	fumarioideae 1	fumitory, ramping-fumitory, earth smoke (genus Fumaria)	pale corydalis/white corydalis (genus Pseudofumaria)	fumewort, corydalis, scrambled eggs/golden smoke (genus Corydalis)
vzgz	fumarioideae 2	harlequin corydalis/pale corydalis/pink corydalis (genus Capnoides)	bleeding-heart, steer’s-head, turkey-corn, squirrel-corn, Dutchman’s-breeches (genus Dicentra)	large-flowered dicentra (genus Ichtyoselmis)
vzgž	fumarioideae 3	eardrops, yellow bleeding-heart (genus Ehrendorferia)	Asian bleeding-heart (genus Lamprocapnos)	other fumarioid plant (other Fumarioideae)
vzgř	eupteleaceae & circaeasteraceae	euptelia (genus Euptelea)	circaeasteraceous plant (genera Circaeaster, Kingdonia)	n/a
vzḑ	trochodendraceae	wheel tree (genus Trochodendron)	tetracentron (genus Tetracentron)	n/a
vznw	gunnerales	giant rhubarb/Chilean rhubarb, gunnera, poor man’s umbrella (genus Gunnera)	resurrection plant (genus Myrothamnus)	n/a
vzny	dilleniaceae	guinea flower, yellow buttercups, hibbertia (genus Hibbertia)	red beech/golden guinea tree, elephant apple tree (genus Dillenia)	other dilleniaceous plant (other Dilleniaceae)
ftl	aquifoliales	holly (genus Ilex)	other aquifoliate plant (Cardiopteridaceae, Helwingiaceae, Phyllonomaceae, Stemonuraceae)	n/a
ftç	escalloniaceae	cloven gum box, redclaws, escallonia (genus Escallonia)	native laurel/Tasmanian laurel, queensland laurel/Macleay laurel (genus Anopterus)	other escalloniaceous plant (Escalloniaceae except genera Escallonia, Anopterus)
fmw	adoxaceae	moschatel/hollowroot/muskroot/five-faced bishop/townhall clock/tuberous crowfoot (genus Adoxa)	elderberry (genus Sambucus)	viburnum/arrowwood, wild raisin/Appalachian tea, squashberry/mooseberry/highbush cranberry/lowbush cranberry, blackhaw, stag bush, Guelder-rose, Japanese snowball, nannyberry/sheepberry, hobble-bush, wayfaring tree, hoarwithy, laurustinus/laurustine (genera Viburnum, Sinadoxa, Tetradoxa)
fmy	caprifolioideae	honeysuckle (genus Lonicera)	snowberry/waxberry/ghostberry/coralberry (genus Symphoricarpos)	horse-gentian/feverwort (genus Triosteum)
fnw	valerianoideae 1	valerian (genus Valeriana previously not classified in genera Centranthus, Plectritis)	cornsalad (genus Valerianella)	seablush, plectritis (genus Valeriana previously classified in genus Plectritis)
fny	valerianoideae 2	spikenard plant (genus Nardostachys)	narrow-leaved valerian, long-spurred valerian, red balerian (genus Valeriana previously classified in genus Centranthus)	patrinia (genus Patrinia)
fňw	caprifoliaceae	bush honeysuckle (genus Diervilla)	twinflower, beautybush, abelia (genus Linnaea)	other caprifoliate plant (other Caprifoliaceae)
kpw	apieae 1	celery plant, marshwort (genus Apium)	fennel plant (genus Foeniculum)	parsley plant (genus Petroselinum)
kpy	apieae 2	dill plant (genus Anethum)	bishop’s weed/bullwort/lady’s face/laceflower, toothpick-plant/toothpickweed/bisnaga/khella (genus Ammi)	other apiid plant (other Apieae)
kpl	selineae 1	milk-parsley (genus Selinum)	fool’s parsley/fool’s cicely/poison parsley (genus Aethusa)	umbrellawort (genus Tauschia)
kpr	selineae 2	angelica (genus Angelica previously not classified in genus Sphenosciadium)	sandparsley (genus Ammoselinum)	mock parsley (genus Apiastrum)
kpř	selineae 3	arracacha/racacha (genus Arracacia)	cnidium (genus Cnidium)	springparsley, Indian parsnip, wavewing (genus Cymopterus)
kpf	selineae 4	beach silvertop/American silvertop (genus Glehnia)	buscuitroot/Indian parsley/desert parsley (genus Lomatium previously not classified in genus Orogenia)	mountainparsley (genus Oreonana)
kpţ	selineae 5	Indian potato (genus Lomatium previously classified in genus Orogenia)	podistera, woodroot (genus Podistera)	siler (genus Saposhnikovia)
kpç	selineae 6	moon carrot, stone-parsley (genus Seseli)	button parsley/woollyhead parsnip/ranger’s buttons/button parsley/swamp white heads (genus Angelica previously classified in genus Sphenosciadium)	pimpernel (genus Taenidia)
kpļ	selineae 7	meadow-parsnip (genus Thaspium)	alexanders, zizia (genus Zizia)	other selenid parsley-like plant (other selineae)
kph	aciphylleae	golden speargrass/golden Spaniard, giant speargrass, mountain celery/snow aciphyll (genus Aciphylla)	Campbell Island carrot, mountain celery (genus Anisotome)	other acyphill plant (genera Gingidia, Lignocarpa, Scandia)
kbw	scandiceae 1	🥕 carrot plant (genus Daucus)	cumin (genus Cuminum)	chervil (genus Anthriscus)
kby	scandiceae 2	galbanum plant, asafoetida plant, giant fennel (genus Ferula)	hairyfruit chervil/Southern chervil, bulbous chervil/parsnip chervil (genus Chaerophyllum)	myrrh/cicely/sweet chervil (genus Myrrhis)
kbl	scandiceae 3	sweet cicely/sweetroot (genus Osmorhiza)	shepherd’s-needle/Stork’s needle/Venus’ comb (genus Scandix)	hedge parsley, false carrot (other Scandiceae)
kbr	saniculeae 1	sanicle, black snakeroot, turkey pea (genus Sanicula except Sanicula epipactis)	eryngo, sea holly, rattlesnake master, beethistle, coyote thistle, snakeroot, blue devil, button-celery, prickfoot (genus Eryngium)	masterwort (genus Astrantia)
kbř	saniculeae 2	hacquetia (Sanicula epipactis)	other sanicle-like plant (genera Actinolema, Alepidea, Arctopus, Petagnaea)	n/a
kdw	oenantheae 1	water parsnip (genus Berula)	water hemlock (genus Cicuta)	honewort (genus Cryptotaenia)
kdy	oenantheae 2	harperella, bishopweed, laceflower (genus Ptilimnium)	grasswort, mudflat quillplant (genus Lilaeopsis)	water dropwort, Chinese celery/Indian pennywort/Japanese parsley/water celery (genus Oenanthe)
kdl	oenantheae 3	yampa/yampah, squaw potato, Sierra Queen Anne’s lace (genus Perideridia)	water parsnip (genus Sium)	other oenanthid plant (other Oenantheae)
kdr	mackinlayoideae 1	platysace, karna, karno, tapeworm plant, Ravensthorphe radish, carrot tops (genus Platysace)	flannel flower (genus Actinotus)	Asiatic pennywort/Indian pennywort (genus Centella)
kdř	mackinlayoideae 2	xanthosia, southern cross (genus Xanthosia)	other mackinlayoid plant (Mackinlayoideae except genera Actinotus, Centella, Xanthosia)	n/a
kšp	apioideae 1	parsnip plant (genus Pastinaca)	lovage (genus Levisticum)	licorice-root (genus Ligusticum)
kšpw	apioideae 2	anise, short-fruit pimpinella/chamnamul, burnet-saxifrage (genus Pimpinella)	caraway/meridian fennel/Persian cumin (genus Carum)	coriander/Chinese parsley/cilantro (genus Coriandrum)
kšpy	apioideae 3	great pignut/earthnut, black cumin/blackseed/black caraway (genus Bunium)	rock samphire/sea fennel (genus Crithmum)	marsh parsley/fir-leafed celery (genus Cyclospermum)
kšpl	apioideae 4	hogweed, giant hogweed, cow parsnip (genus Heracleum)	alexanders/black-lovage/horse-parsley (genus Smyrnium)	hartwort (genus Tordylium)
kšpr	apioideae 5	hare’s ear, thorow-wax, thoroughwax (genus Bupleurum)	sickleweed/longleaf (genus Falcaria)	harbinger of spring, pepper-and-salt (genus Erigenia)
kšpř	apioideae 6	hemlock (genus Conium)	hemlock-parsley (genus Conioselinum)	Hercules-all-heal (genus Opopanax)
kšpļ	apioideae 7	pepper-saxifrage (genus Silaum)	adjwain/ajowan/bishop’s weed/carom, radhuni/wild celery (genus Trachyspermum)	other apioid plant (other Apioideae)
kšph	other apiaceae	azorella, cushion plant, llareta/yareta (Azorelloideae previously not classified in genus Stilbocarpa)	other apiaceous plant (other Apiaceae)	n/a
ksbw	araliaceae 1	ivy (genus Hedera)	ginseng (genus Panax)	spikenard, aralia, sarsaparilla, devil’s walking stick/Hercules’ club/angelica-tree/prickly ash/prickly elder (genus Aralia)
ksby	araliaceae 2	star-hair, flannel leaf (genus Astrotricha)	castor aralia/tree aralia/prickly castor oil tree (genus Kalopanax)	devil’s club/Alaskan ginseng (genus Oplopanax)
ksbl	araliaceae 3	parasol tree, Ming aralia, island pine, elderberry panax/small basswood, shield arala/plum aralia, pencil cedar, celery wood (genus Polyscias)	false aralia (genus Plerandra)	wild-maple/mock carrot tree (genus Seemannaralia)
ksbr	araliaceae 4	rice-paper plant (genus Tetrapanax)	wild parsnip, white parsnip, sponge-fruit, blue lace flower, purple parsnip (genus Trachymene)	water pennywort, marsh pennywort, waxweed, floating pennyroyal, whorled pennyroyal (genus Hydrocotyle)
ksbř	araliaceae 5	Macquarie Island cabbage (genus Azorella previously classified in genus Stilbocarpa)	other araliaceous plant (other Araliaceae)	n/a
ksbv	other apiales	pittosporum, billardiera, pronaya, Australian bluebell, appleberry, blackthorn, finger-flower, cheesewood, petroleum nut, lemonwood, native frangipani, marianthus, white marianth (Pittosporaceae)	other apiales plant (Torricelliaceae, Griseliniaceae, Myodocarpaceae, Pennantiaceae)	n/a
ržb	astereae 1	🌼 daisy (genus Bellis)	lazydaisy (genus Aphanostephus)	western-daisy (genus Astranthium)
ržbw	astereae 2	aster (genus Aster)	goldenaster (genus Bradburia)	white-topped aster (genus Sericocarpus)
ržby	astereae 3	doll's-daisy (genus Boltonia)	tropic daisy (genus Egletes)	pygmydaisy (genus Pentachaeta)
ržbl	astereae 4	tansyaster (genera Machaeranthera, Psilactis, Rayjacksonia)	desert tansyaster (genus Leucosyris)	tall flat-topped aster (genus Doellingeria)
ržbr	astereae 5	sleepydaisy (genus Xanthisma)	sandaster (genus Corethrogyne)	woodyaster (genus Xylorhiza)
ržbř	astereae 6	goldenrod (genus Solidago)	rayless-goldenrod (genus Bigelowia)	rock goldenrod (genus Cuniculotinus)
ržbv	astereae 7	rock goldenrod (genus Petradoria)	desert goldenrod (genera Aquilula, Gundlachia, Medranoa previous classified in genera Xylothamia)	rayless mock goldenrod (genus Brintonia)
ržd	astereae 8	alkali marsh aster (genus Almutaster)	climbing aster (genus Ampelaster)	China aster, annual aster (genus Callistephus)
rždw	astereae 9	yellow-tongue daisy, varable daisy, grassland daisy, rock daisy, tufted daisy, mountain daisy (genus Brachyscome)	burrdaisy (genus Calotis)	New Zealand aster, New Zealand daisy, cotton daisy, snow-daisy (genus Celmisia)
rždy	astereae 10	yellow aster, yellow mock aster (genus Eastwoodia)	hoary-aster, hoary tansyaster (genus Dieteria)	elegant aster, Olympic Mountain aster, Siskiyou aster, Klickitat aster, Cascade aster, rayless aster, wayside aster (genus Eucephalus)
rždl	astereae 11	goldentop, grass-leaved goldenrod (genus Euthamia)	goldenshrub (genus Gundlachia previous not classified in genus Xylothamia)	goldenweed (genus Pyrrocoma)
rždr	astereae 12	Wasatch aster, horrid herrickia, King’s serpentweed/King’s aster, gray aster (genus Herrickia)	bog aster/bog nodding aster, whorled wood aster (genus Oclemena)	mountain aster/mountain wood aster/Applalachian heartleaf aster, slender aster, western showy aster, white-wood aster, thistleleaf aster/coyote-thistle aster, forked aster, southern prairie aster, thickstem aster, bigleaf aster/largeleaf aster, subalpine aster/arctic aster, bouquest aster/dwarf aster, southern swamp aster, rough wood aster/low rough aster, roughleaf aster, nettle-leaved Michaelmas-daisy, Siberian aster, purple wood aster/showy aster, pinewoods aster, creeping aster (genus Eurybia)
rždř	astereae 13	goldenweed, mock goldenweed (genus Stenotus)	goldenweed, mock goldenweed (genus Nestotus)	false goldenweed (genus Oonopsis)
rždv	astereae 14	Peirson’s aster/Peirson’s mountaincrown, tundra aster/Anderson’s mountain crown, Plumas alpine aster (genus Oreostemma)	ankle-aster (genus Ionactis)	Pacific aster, meadow aster, western aster/intermountain aster, blue wood aster, serpentine aster, heath aster, alkali aster, smooth aster/glaucous aster, calico aster, aromatic aster, frost aster/hairy aster, sky-blue aster/azure aster, crooked-stem aster, purplestem aster/red-stemmed aster, silky aster, bushy aster/rice-button aster, New England aster, panicled aster/tall white aster (genus Symphyotrichum)
ržg	astereae 15	daisy-bush (genus Olearia)	Townsend daisy (genus Townsendia)	New Holland daisy (genus Vittadinia)
ržgw	astereae 16	scratchdaisy (genus Croptilon)	leastdaisy (genus Chaetopappa)	golden aster (genus Chrysopsis)
ržgy	astereae 17	serpentweed (genus Tonestus)	alpine serpentweed (genus Toiyabea)	snakeweed, matchweed (genus Gutierrezia)
ržgl	astereae 18	goldenrush (genus Ericameria)	goldenshrub (genus Medranoa previous classified in genus Neonesomia)	jimmyweed, goldenweed (genus Isocoma)
ržgr	astereae 19	benitoa (genus Benitoa)	Indian headdress/beaked tracyina (genus Tracyina)	chaffbush, eytelia (genus Amphipappus)
ržgř	astereae 20	fleabane (genus Erigeron)	gum-plant, resin-weed (genus Grindelia)	goldenaster, telegraphweed, Mexican arnica, Zion golden aster, camphorweed, false golden aster, monarch golden golden aster (genus Heterotheca)
ržgv	astereae 21	rabbitbush (genus Chrysothamnus)	rabbitbush (genus Lorandersonia)	desertstar (genus Monoptilon)
ržgḑ	astereae 22	bristleweed (genus Hazardia)	wireweed (genus Rigiopappus)	broomweed (genus Amphiachyris)
ržm	astereae 23	fleshy minuria (genus Kippistia)	gumhead, sticky selloa (genus Gymnosperma)	pamakani, tetramolopium (genus Tetramolopium)
ržmw	astereae 24	Idaho goldenweed (genus Triniteurybia)	horseweed (genus Laennecia)	lessingia (genus Lessingia)
ržmy	astereae 25	Korean starwort (genus Miyamayomena)	lagenophora, bottle-daisy (genus Lagenophora)	other aster-like or daisy-like plant (other Astereae)
ržt	anthemideae 1	chrysanthemum, mum, chrysanth (genus Chrysanthemum)	chamomile, dogfennel (genus Chamaemelum)	chamomile, dog-fennel, mayweed (genus Anthemis)
ržtw	anthemideae 2	yarrow, milfoil/allheal/thousand-leaf/bloodwort/carpenter’s grass/cammock/nosebleed/green adder’s mouth/soldier’s woundwort/dog daisy/old-man’s pepper, sweet Nancy/English mace, sneezewort/sneezeweed (genus Achillea)	anacyclus, white buttons, pellitory, Spanish chamomile/Mount Atlas daisy (genus Anacyclus)	mugwort, wormwood, terragon, estragon, sagebrush, budsage (genus Artemisia)
ržty	anthemideae 3	Montauk daisy/Nippon daisy (genus Nipponanthemum)	cottonweed plant (genus Otanthus)	ox-eye daisy/dog daisy, Shasta daisy, creeping daisy/mini marguerite, max chrysanthemum (genus Leucanthemum)
ržtl	anthemideae 4	water button/buttonweed (genus Cotula)	oxeye, sticky oxeye (genus Heteranthemis)	cotton lavender/lavender-cotton (genus Santolina)
ržtr	anthemideae 5	tansy, golden-buttons, dusty-miller/silver-lace, feverfew, pyrethrum, painted daisy/Persian insect-flower, costmary (genus Tanacetum)	burrweed (genus Soliva)	mayweed (genus Tripleurospermum)
ržtř	anthemideae 6	tricolour chrysanthemum/tricolor daisy/annual chrysanthemum (genus Ismelia)	Moroccan daisy (genus Rhodanthemum)	other anthemid plant (other Anthemideae)
ržtf	calenduleae 1	marigold, ruddle (genus Calendula)	daisybush, African daisy, Cape marguerite, Stinking Roger (genus Osteospermum previous not classified in genus Chrysantemoides)	Cape marigold/Namaqualand daisy, Cape daisy/rain daisy, rain flower/white bietou (genus Dimorphotheca)
ržtç	calenduleae 2	bitou bush/bietou/tick berry (genus Osteospermum previous classified in genus Chrysantemoides)	other calendulid plant (other Calenduleae)	n/a
ržtļ	gnaphalieae 1	cudweed (genus Gnaphalium)	everlasting, featherweed, cudweed (genus Gamochaeta)	catsfoot, pussytoes, everlasting (genus Antennaria)
ržč	gnaphalieae 2	pearl, pearly everlasting (genus Anaphalis)	billy button/woollyhead (genus Craspedia)	drumstick/billy button (genus Pycnosorus)
ržth	gnaphalieae 3	sunray, pink paper daisy (genus Rhodanthe)	cassinia, dogwood/dolly bush, chinese scrub, cough bush/dead finish, bully bush/killmoke (genus Cassinia)	cottonwood/tauhinu, kerosene bush, rice flower/white dogwood/pill flower/sago bush, everlasting (genus Ozothamnus)
ržthw	gnaphalieae 4	creeping cudweed, star cudweed/commond cudweed (genus Euchiton)	curry plant, everlasting, strawflower, Cape gold, helichrysum, gold-and-silver (genus Helichrysum)	other gnaphaliid plant (other Gnaphalieae)
rzb	senecioneae 1	ragwort, groundsel, squaw-weed, senecio, marsh fleabane, butterweed, dolphin necklace/flying dolphins/dolphin plant, wax ivy, Cape ivy/German ivy, string of bananas, string of pearls, old-man-in-the-spring (genus Senecio)	Indian plantain (genus Arnoglossum)	willow ragwort/willow groundsel (genus Barkleyanthus)
rzbw	senecioneae 2	stickyseed (genus Blennosperma)	silvercrown (genus Cacaliopsis)	ragleaf, thickhead (genus Crassocephalum)
rzby	senecioneae 3	spring gold (genus Crocidium)	leopard's bane (genus Doronicum)	tasselflower (genus Emilia)
rzbl	senecioneae 4	fireweed, burnweed (genus Erechtites)	purple passion (genus Gynura)	broomsage, scalebroom (genus Lepidospartum)
rzbr	senecioneae 5	silverback (genus Luina)	butterbur, coltsfoot (genus Petasites)	indianbush (genus Psacalium)
rzbř	senecioneae 6	groundsel (genus Roldana)	Rugel’s ragwort/Rugel’s Indian plantain (genus Rugelia)	butterweed (genus Sinosenecio)
rzbv	senecioneae 7	horsebrush (genus Tetradymia)	coltsfoot (genus Tussilago)	desert yellowhead (genus Yermo)
rzbḑ	senecioneae 8	blanket leaf (genus Bedfordia)	leopard plant/green leopard plant (genus Farfugium)	other senecionid plant (other Senecioneae)
mzb	coreopsideae 1	dahlia (genus Dahlia)	cosmos (genus Cosmos)	calliopsis, tickseed (genus Coreopsis)
mzbw	coreopsideae 2	beggarticks, tickseed sunflower, water-marigold, Spanish needles, bur-marigold, devil’s pitchfork/devil’s bootjack/pitchfork weed, sticktight, Meskel flower, black jack (genus Bidens)	greenthread, Navajo tea, Hopi tea (genus Thelesperma)	other coreopsid plant (other Coreopsideae)
mzby	madieae 1	madia, tarweed (genus Madia)	tarweed, spikeweed (genus Hemizonia, Hemizonella, Deinandra, Centromadia, Holocarpha)	big tarweed, big tarplant (genus Blepharizonia)
mzbl	madieae 2	silversword, greensword (genus Argyroxiphium)	iliau (genus Wilkesia)	arnica, leopardbane, mountain tobacco (genus Arnica)
mzbr	madieae 3	rough eyelash/rough eyelashweed (genus Blepharipappus)	western rosinweed (genus Calycadenia)	Nevin’s woolly sunflower (genus Constancea)
mzbř	madieae 4	white false tickhead (genus Eatonella)	woolly sunflower (genus Eriophyllum)	Apache plant (genus Guardiola)
mzbv	madieae 5	harmonia, serpentine tarweed, nodding madia (genus Harmonia)	whitecrown (genus Holozonia)	alpinegold (genus Hulsea)
mzd	madieae 6	kyhosia, Bolander’s madia (genus Kyhosia)	hareleaf (genus Lagophylla)	goldfield (genus Lasthenia)
mzdw	madieae 7	tidy tip (genus Layia)	monolopia, San Joaquin woollythread (genus Monolopia	false rosinweed (genus Osmadenia)
mzdy	madieae 8	sunburst (genus Pseudobahia)	raillardella (genus Raillardella)	Frémont’s-gold, xerasid (genus Syntrichopappus)
mzdl	madieae 9	canyon sunflower (genus Venegasia)	blow-wife (genus Achyrachaena)	other madiid plant (genera Amblyopappus, Baeriopsis, Adenothamnus, Anisocarpus, Carlquistia, Dubautia, Jensia)
mzdr	inuleae 1	elecampane/horse-heal/elfdock, golden samphire, ploughman’s-spikenard, yellowhead, inula, Irish fleabane, giant fleabane (genus Inula)	pink node flower (genus Caesulia)	starwort, golden star, rose of Jericho/dinosaur plant (genus Pallenis)
mzdř	inuleae 2	stinkbush (genus Pechuel-loeschea)	false fleabane (genus Pulicaria)	other inulid plant (other Inuleae)
mzdv	millerieae 1	St. Paul's wort (genus Sigesbeckia)	leafcup, bear's foot, yacón (genus Smallanthus)	nerveray (genus Tetragonotheca)
mzg	millerieae 2	sweetbush (genus Bebbia)	galinsoga, gallant soldier/quickweed/potato weed, shaggy soldier/Peruvian daisy (genus Galinsoga)	inga seed, black seed, ramtil, niger seed (genus Guizotia)
mzgw	millerieae 3	blackfoot (genus Melampodium)	tridax daisy/coatbutton (genus Tridax)	other milleriid plant (other Millerieae)
mzgy	tageteae 1	marigold (genus Tagetes)	dogweed (genus Adenophyllum)	fetid marigold (genus Dyssodia)
mzgl	tageteae 2	false dogfennel (genus Dysodiopsis)	false broomweed (genus Haploesthes)	Alabama warbonnet (genus Jamesianthus)
mzgr	tageteae 3	jaumea (genus Jaumea)	hole-in-the-sand plant (genus Nicolletia)	cinchweed, chinchweed, donkeyweed (genus Pectis)
mzgř	tageteae 4	poreleaf, pápalo/Bolivian coriander, jarilla (genus Porophyllum)	false clapdaisy (genus Pseudoclappia)	glowwort (genus Sartwellia)
mzgv	tageteae 5	pricklyleaf, Texas dogweed, ashy dogweed (genus Thymophylla)	other tagetid plant (other Tageteae)	n/a
mžb	helenieae 1	sneezeweed, rosilla, cabezona (genus Helenium)	blanket flower, gaillardia, bandanna daisy, firewheel, perfumeballs (genus Gaillardia)	honeycombhead (genus Balduina)
mžbw	helenieae 2	desert marigold, laxflower (genus Baileya)	rubberweed, bitterweed, four-nerve daisy, old-man-of-the-mountain, owl claws, prairie dawn (genus Hymenoxys)	Barbara's buttons (genus Marshallia)
mžby	helenieae 3	turtleback, brittlestem, fanleaf, velvet rosette, psathyrotes (genus Psathyrotes)	paperflower (genus Psilostrophe)	n/a
mžbl	helenieae 4	false threadleaf, canchalagua, dwarf Mexican marigold (genus Schkuhria)	other heleniid plant (genera Plateilema, Pelucha, Trichoptilium, Amblyolepis, Ovicula, Tetraneuris)	n/a
mžbr	eupatorieae 1	thoroughwort, dog-fennel, Yankeeweed, false fennel, justiceweed, boneset, hemp-agrimony (genus Eupatorium)	Joe-Pye weed (genus Eutrochium)	pearlhead (genus Isocarpha)
mžbř	eupatorieae 2	blazing star, Cahaba torch, gayfeather, colicroot, prairie-pine/button snakewort, devil’s bite (genus Liatris)	chaffhead, vanillaleaf (genus Carphephorus)	snakeroot, richweed/white sanicle, mistflower, ageratina, Western eupatorium, Shasta eupatorium, creeping cottonwood (genus Ageratina)
mžbv	eupatorieae 3	whiteweed, flossflower/bluemink/blueweed/pussy foot/Mexican paintbrush (genus Ageratum)	mistflower, palmleaf thoroughwort (genus Conoclinium)	slender-thoroughwort, pink thoroughwort (genus Fleischmannia)
mžd	eupatorieae 4	brickellbush, Flyr’s nemesis, false boneset (genus Brickellia)	brickellbush (genus Flyriella)	Mule Mountain false brickellbush (genus Asanthus)
mždw	eupatorieae 5	bugheal (genus Trichocoronis)	Rio Grande bugheal/Mexican oak leaf plant (genus Shinnersia)	bristlehead (genus Carphochaete)
mždy	eupatorieae 6	stevia (genus Stevia)	garberia, Garber's scrub start (genus Garberia)	Florida hartwrightia (genus Hartwrightia)
mždl	eupatorieae 7	brown turban (genus Malperia)	bush arrowleaf (genus Pleurocoronis)	pink bogbutton (genus Sclerolepis)
mždr	eupatorieae 8	plumeweed (genus Carminatia)	other eupatoriid plant (other Eupatorieae)	n/a
mždř	bahieae 1	bahia (various genera previously classified as genus Bahia)	many-flower bahia, oppositeleaf bahia (genus Picradeniopsis)	fullstem (genus Chamaechaenactis)
mždv	bahieae 2	palafox, Spanish needle (genus Palafoxia)	florestina, sticky florestina (genus Florestina)	woollywhite, oldplainsman, collegeflower, hymenopappus (genus Hymenopappus)
mžg	bahieae 3	thimblehead (genus Hymenothrix except Hymenothrix dissecta)	pygmy cedar/desert fir/desert pine (genus Peucephyllum)	basindaisy (genus Platyschkuhria)
mžgw	bahieae 4	Bartlett daisy (genus Bartlettia)	ragleaf bahia, yellow ragweed (Hymenothrix dissecta)	other bahiid plant (other Bahieae)
mžgy	perityleae	rock daisy (genus Perityle)	mountain tall-leaf (genus Pericome)	other peritylid plant (Perityleae except genera Perityle, Pericome)
mžgl	plucheeae	camphorweed, pluchea, cure-for-all, sweetscent/saltmarsh fleabane, arrowweed (genus Pluchea)	blackroot, applebush/fruit-salad plant (genus Pterocaulon)	other plucheid plant (Plucheeae except genera Pluchea, Pterocaulon)
mžgr	chaenactideae	dustymaiden, pincushion (genus Chaenactis)	doublet (genus Dimeresia)	California mountain pincushion (genus Orochaenactis)
mžgř	neurolaeneae & polymnieae	bitter-grass/Mexican calea/dream herb (genus Calea)	other neuroleanid plant (Neurolaeneae except genus Calea)	leafcup (genus Polymnia)
mžgv	athroismeae & feddeeae	old man weed/scent weed (genus Centipeda)	other athroismid plant (Athroismeae except genus Centipeda)	feddea (genus Feddea)
ňzv	helianthinae 1	🌻 sunflower, Jerusalem artichoke/sunchoke/earth-apple (genus Helianthus)	goldeneye, yellow streamer (genus Viguiera)	false goldeneye, showy goldeneye, hairy goldeneye, paria sunflower (genus Heliomeris)
ňzvw	helianthinae 2	false sunflower (genus Phoebanthus)	bonebract (genus Sclerocarpus)	bush sunflower (genus Simsia)
ňzvy	helianthinae 3	tree marigold/Mexican tournesol/Mexican sunflower/Japanese sunflower/Nitobe chrysanthemum, red sunflower (genus Tithonia)	San Diego County sunflower/San Diego viguiera/tornleaf goldeneye (genus Bahiopsis)	other sunflower-like plant (other Helianthinae)
ňzb	zinniinae 1	zinnia (genus Zinnia)	echinacea, coneflower (genus Echinacea)	smooth oxeye, mountain oxeye, gold root, pinewoods oxeye, rough oxeye (genus Heliopsis)
ňzbw	zinniinae 2	creeping zinnia (genus Sanvitalia)	other zinniid plant (genera Philactis, Tehuana, Trichocoryne)	n/a
ňzby	ecliptinae 1	squarestem (genus Melanthera)	false daisy (genus Eclipta)	nehe (genus Lipochaeta)
ňzbl	ecliptinae 2	creeping-oxeye (genus Sphagneticola)	wedelia, creeping-oxeye (genus Wedelia)	nodeweed (genus Synedrella)
ňzbr	ecliptinae 3	beautyhead (genus Baltimora)	jefea (genus Jefea)	straggler daisy/horseherb/lawnflower/creeping Cinderella-weed (genus Calyptocarpus)
ňzbř	spilanthinae	paracress/toothache plant/tingflowers/electric daisy/buzz buttons/Sichuan buttons, Spilanthes, spotflower (genus Acmella)	other spilanthine plant (genera Oxycarpha, Salmea, Spilanthes, Tetranthus)	n/a
ňzbv	ambrosiinae	ragweed, bursage, marko, altamisa, Roman wormwood, beach-bur, ambrosia, burrobush, lagoonweed (genus Ambrosia)	feverfew, wild quinine, whitetop weed, guayule (genus Parthenium)	other ambrosiine plant (Ambrosiinae except genera Ambrosia, Parthenium)
ňzg	enceliinae 1	brittlebrush, encelia, noddinghead/nodding sunray (genus Encelia)	sunray, Panamint daisy (genus Enceliopsis)	desert sunflower, desert gold, geraea (genus Geraea)
ňzgw	enceliinae 2	tarbush, tarwort (genus Flourensia)	little sunflower (genus Helianthella)	n/a
ňzgy	engelmanniinae 1	Engelmann’s daisy/cutleaf daisy (genus Engelmannia)	greeneyes (genus Berlandiera)	Texas yellow star/Texas star (genus Lindheimera)
ňzgl	engelmanniinae 2	rosinweed (genus Silphium)	mule’s ears, black sunflower, California compassplant, wyethia (genus Wyethia)	balsamroot (genus Balsamorhiza)
ňzgr	engelmanniinae 3	golden-knee/green-and-gold/goldenstar (genus Chrysogonum)	seaside tansy, sea-oxeye (genus Borrichia)	Mexican green-eyed sunflower (genus Vigethia)
ňzgř	verbesininae	crownbeard, wingstem/yellow ironweed, goldweed/butter daisy/American dogweed, gravelweed, stick weed, frostweed (genus Verbesina)	other verbesinine plant (genera Podachaenium, Squamopappus, Tetrachyron)	n/a
ňzgv	heliantheae	black-eyed-susan (genus Rudbeckia)	rojasianthe (genus Rojasianthe)	other helianthid plant (other Heliantheae)
rbz	lactuca sativa (lettuce cultivar) 1	(loose)leaf lettuce	romaine/cos lettuce	iceberg/crisphead lettuce
rbzw	lactuca sativa (lettuce cultivar) 2	butter(head)/bibb lettuce	red leaf lettuce	summercrisp lettuce
rbzy	lactucinae	wild lettuce, bitter lettuce, pliant lettuce, blue lettuce prickly lettuce/compassplant/scarole/milk thistle, willow lettuce/least lettuce, mountain lettuce, downy lettuce/hairy lettuce, grassleaf lettuce, woodland lettuce, tail lettuce, sow thistle (genus Lactuca except Lactuca sativa)	blue sow thistle (genus Cicerbita)	notoseris (genus Notoseris)
rbzl	cichorum	endive plant, escarole (Cichorium endivia)	common chicory, leaf chicory, radicchio, Belgian endive (Cichorium intybus)	wild endive (genus Cichorium except Cichorium endivia, Cichorium intybus)
rbzr	cichoriinae	European umbrella milkwort (genus Tolpis)	dwarf nipplewort/lamb-succory/lamb’s succory (genus Arnoseris)	mock dandelion, other cichoriine plant (genus Phalacroseris, Erythroseris, Rothmaleria)
rbzř	microseridinae 1	silverpuffs, microseris, sylvan scorzonella (genus Microseris, Uropappus)	false dandelion, mountain dandelion, agoseris (genus Agoseris)	false dandelion, false agoseris (genus Nothocalais)
rbzv	microseridinae 2	desert dandelion (genus Malacothrix)	tobacco weed/parachute plant/gravel ghost (genus Atrichoseris)	Blair’s wirelettuce/Blair’s munzothamnus (genus Munzothamnus)
rbzm	microseridinae 3	wirelettuce (genus Stephanomeria)	plumeseed, California chicory, desert chicory (genus Rafinesquia)	carveseed/keysia/crustleaf, holy dandelion (genus Glyptopleura)
rbzn	microseridinae 4	thorn skeletonweed/thorny skeletonweed (genus Pleiacanthus)	brightwhite (genus Prenanthella)	dwarf dandelion (genus Krigia)
rbzň	microseridinae 5	rock lettuce (genus Pinaropappus)	desert-chicory (genus Pyrrhopappus)	beaked skeletonweed (genus Shinnersoseris)
rbzh	microseridinae 6	skeletonplant, rushpink (genus Lygodesmia)	Wheeler’s skeletonweed (genus Chaetadelpha)	other microseridine plant (genus Picrosia, Marshalljohnstonia)
rbzz	hieraciinae	hawkweed, Sicilian sparviere (genus Hieracium)	fox-and-cubs/orange hawk bit/devil’s paintbrush/grim-the-collier, white hawkweed, yellow hawkweed, king devil, yellow devil (genus Pilosella)	other hieraciine plant (genera Schlagintweitia, Andryala, Hispidella)
rẓw	hyoseridinae	sow thistle, hare thistle, hare lettuce, milk thistle (genus Sonchus)	brighteyes, false sowthistle (genus Reichardia)	other hyoseridine plant (genera Hyoseris, Aposeris, Launaea)
rẓy	crepidinae 1	hawksbeard (genus Crepis)	nipplewort (genus Lapsana)	elegant hawksbeard, dwarf alpine hawksbeard (genus Askellia)
rẓl	crepidinae 2	dandelion (genus Taraxacum)	creeping lettuce (genus Ixeris)	Japanese hawkweed, Oriental false hawkweed (genus Youngia)
rẓr	crepidinae 3	white lettuce, rattllesnakeroot (genus Nabalus)	other crepidine plant (other Crepidinae)	n/a
rẓř	hypochaeridinae 1	cat’s ear, flatweed/false dandelion, chikku-chikku (genus Hypochaeris)	autumn hawbit (genus Scorzoneroides)	rattlesnake root (genus Prenanthes)
rẓv	hypochaeridinae 2	goldenfleece (genus Urospermum)	oxtongue (genus Picris)	bristly ox-tongue (genus Helminthotheca)
rẓm	hypochaeridinae 3	hawkbit (genus Leontodon)	scaly hawkbit (genus Hedypnois)	n/a
rẓn	chondrillinae	rush skeletonweed, smallflower desert-chicory/Texas false dandelion (genus Chondrilla)	willemetia (genus Willemetia)	phitosia (genus Phitosia)
rẓň	scolyminae	golden thistle/oyster thistle (genus Scolymus)	Cupid’s dart (genus Catananche)	tumble thistle, other scolymine plant (genus Gundelia, Hymenonema)
rẓh	scorzonerinae	salsify, goatsbeard, oyster plant, jack-go-to-bed-at-noon (genus Tragopogon)	black salsify/Spanish salsify/black oyster plant/serpent root/viper’s herb, viper’s grass, scorzonera (genus Scorzonera)	slender salsify/pasture goatsbeard (genus Geropogon)
rẓhw	other scorzonerinae & warioniinae	other goatsbeard or salsify-like plant (other Scorzonerinae)	warionia (genus Warionia)	n/a
rmgw	vernonieae 1	ironweed (genus Vernonia)	curtain creeper/vernonia creeper (genus Tarlmounia)	stokesia/Stokes’ aster (genus Stokesia)
rmgy	vernonieae 2	ashdaisy (genus Piptocarpha)	velvetshrub (genus Piptocoma)	bitterleaf tree (genus Gymnanthemum)
rmgl	vernonieae 3	lark daisy, Brazilian button (genus Centratherum)	elephant’s foot, devil’s grandmother (genus Elephantopus)	dog’s-tongue (genus Pseudelephantopus)
rmgr	vernonieae 4	island-aster (genus Hesperomannia)	other vernoniine plant (other Vernonieae)	n/a
rmgř	gorteriinae	beetle daisy (genus Gorteria)	thistle-thorn, yellow thistle, berkheya, Augusta thistle/Hamelin thistle (genus Berkheya)	gazania, treasure flower (genus Gazania)
rmgv	arctotidinae	monarch-of-the-veld, African daisy, arctotis (genus Arctotis)	Cape weed/creeping bear’s ear, capeweed/cape dandelion/cape marigold/plain treasureflower, beach daisy/beach pumpkin/sea pumpkin/dune cabbage/coast capeweed (genus Arctotheca)	bear's ears (genus Cymbonotus)
rmgḑ	cichorioideae	other arctotidine plant (genera Dymondia, Haplocarpha)	other gorteriine plant (Gorteriinae except genera Gorteria, Berkheya, Gazania)	other cichorioid plant (other Cichorioideae, Vernonioideae)
fspw	cynara (artichoke) 1	globe/French/green artichoke (Cynara cardunculus var. scolymus)	cardoon (Cynara cardunculus vars. altilis, sylvestris)	white artichoke (Cynara cornigera)
fspy	cynara (artichoke) 2	lesser wild artichoke (Cynara humilis)	various wild artichoke species (genus Cynara except Cynara cardunculus, Cynara cornigera, Cynara humilis)	n/a
fspl	carduinae 1	plumeless thistle, curled thistle, welted thistle, musk thistle, sheep thistle/shore thistle/slender thistle, Italian thistle (genus Carduus)	plume thistle (genus Cirsium)	cotton thistle, Scotch thistle, woolly thistle (genus Onopordum)
fspr	carduinae 2	burdock, beggar’s buttons/thorny burr/happy major, louse-bur/button-bur/cuckoo-button/wild rhubarb (genus Arctium)	milk thistle (genus Galactites)	Syrian thistle (genus Notobasis)
fspř	carduinae 3	saw-wort, snow lotus (genus Saussurea)	silver milk thistle/elephant thistle/ivory thistle, blessed milk thistle/variegated thistle (genus Silybum)	other carduine thistle (other Carduinae, Arctiinae, Berardiinae, Dipterocominae, Onopordinae, Saussureinae, Staehelininae, Xerantheminae)
fspf	carlininae	carline thistle (genus Carlina)	atractylis (genus Atractylis)	other carlinine thistle (genera Atractylodes, Thevenotia, Tugarinovia)
fspţ	centaureinae 1	basketflower, knapweed, centaurea, centaury, starthistle, loggerhead, conrnflower/bachelor’s button/boutonniere flower/hurtsicle/bluebottle, yellow cockspur (genus Centaurea)	sweetsultan (genus Amberboa)	maral root, Russian knapweed/creeping knapweed/hardheads/bluweed, Austral cornflower/native thistle (genus Rhaponticum)
fspç	centaureinae 2	safflower (Carthamus tinctorius)	distaff thistle, saffron thistle/downy safflower, glaucous starthistle (genus Carthamus except Carthamus tinctorius)	Maltese rock-centaury, cheirolophus (genus Cheirolophus)
fspļ	centaureinae 3	crupina, bearded-creeper/false saw-wort/starry scabious (genus Crupina)	bachelor's button (genus Psephellus)	plumeless saw-wort (genus Serratula)
fsph	centaureinae 4	dagger-flower (genus Mantisalca)	other centaureine thistle plant (other Centaureinae)	n/a
fsphw	other cardueae	globe-thistle (genus Echinops)	cardopatiine plant (genera Cardopatium, Cousiniopsis)	n/a
ţbv	tarchonantheae & other carduoideae	camphor bush (genus Tarchonanthus)	silver oak, white alder (genus Brachylaena)	other carduoid plant (Dicomoideae, Oldenburgieae)
ţbw	mutisioideae 1	sunbonnet (genus Leibnitzia)	silverpuff, pineland daisy, white sunbonnet (genus Chaptalia)	African daisy, Barberton daiy/Transvaal daisy/gerbera daisy, Hilton daisy (genus Gerbera)
ţby	mutisioideae 2	trailplant, pathfinder (genus Adenocaulon)	desertpeony, sacapellote, desert holly, brownfoot, desert paeonia (genus Acourtia)	vanilla daisy (genus Leucheria)
ţbl	mutisioideae 3	threefold (genus Trixis)	perezia (genus Perezia)	other mutisioid plant (genus Mutisioideae)
ţbr	gochnatieae & hecastocleidoideae	shrubby bullseye (genus Gochnatia)	other gochnatiid plant (other Gochnatioideae)	prickleleaf (genus Hecastocleis)
ţbř	corymbioideae & other asteraceae	plampers (genus Corymbium)	other mutisioid plant (Famatinanthoideae, Stifftioideae, Barnadesioideae, Wunderlichioideae, Pertyoideae, Gymnarrhenoideae)	n/a
lcpw	campanuloideae 1	bellflower (genus Campanula)	Canary Island bellflower (genus Canarina)	ladybell (genus Adenophora)
lcpy	campanuloideae 2	harebell (genus Asyneuma)	rockbell, dwarf harebell (genus Edraianthus)	bluecup (genus Githopsis)
lcpl	campanuloideae 3	western pearlflower/rareflower heterocodon (genus Heterocodon)	sheep’s-bit/blue bonnet/blue button/blue daisy/iron flower (genus Jasione)	Venus’ looking-glass (genus Triodanis)
lcpr	campanuloideae 4	looking glass (genus Legousia)	rampion (genus Phyteuma)	tufted horned rampion (genus Physoplexis)
lcpř	campanuloideae 5	throatwort (genus Trachelium)	small bellflower, flat bluebell, Cape bluebell, tufted bluebell, Roxburgh bellflower/dwarf cabbage tree, rock bluebell, fairy bluebell, river bluebell, Australian bluebell, royal bluebell, annual bluebell, austral bluebell, granite bluebell (genus Wahlenbergia)	diamond bluebell (genus Hanabusaya)
lcpf	campanuloideae 6	lance asiabell, poor man’s ginseng (genus Codonopsis)	other campanuloid plant (other Campanuloideae)	n/a
lcpţ	lobelioideae 1	lobelia, cardinal flower, Indian tobacco, wild tobacco, pratia (genus Lobelia previously not classified in genera Pratia, Trimeris)	Hawaiian lobelioid (genera Brighamia, Clermontia, Cyanea, Delissea, Trematolobelia)	calicoflower (genus Downingia)
lcpç	lobelioideae 2	Star of Bethlehem, madamfate (genus Hippobroma)	water howellia (genus Howellia)	isotome, blue star creeper, Woodbridge poison (genus Isotoma)
lcpļ	lobelioideae 3	false Venus’ looking-glass (genus Legenere)	fleshy porterella (genus Porterella)	poison pratia, white root (genus Lobelia previously classified in genus Pratia)
lcph	lobelioideae 4	St. Helena lobelia/milkwood (Lobelia scaevolifolia)	other lobelioid plant (other Lobelioideae)	n/a
lcphw	cyphioideae	threadplant, nemacladus (genus Nemacladus)	other cyphioid plant (genera Cyphia, Cyphocarpus, Pseudonemacladus)	n/a
lčpw	alseuosmiaceae	baw baw berry (genus Wittsteinia)	other alseuosmiacean plant (genera Alseuosmia, Crispiloba, Platyspermation)	n/a
lčpy	argophyllaceae	silver leaf (genus Argophyllum)	corokia (genus Corokia)	n/a
lčpl	calyceraceae	false-plantain, nastanthus (genus Gamocarpha previously classified in genus Nastanthus)	other calyceracean plant (Calyceraceae except genus Gamocarpha previously classified in genus Nastanthus)	n/a
lčpr	goodeniaceae 1	goodenia, native primrose (genus Goodenia)	blue pincushion/native cornflower (genus Brunonia)	dampiera (genus Dampiera)
lčpř	goodeniaceae 2	lechenaultia (genus Lechenaultia)	scaevola, fan-flower, half-flower, naupaka (genus Scaevola)	swampweed/bonking grass (genus Selliera)
lčpf	goodeniaceae 3	pee-the-bed, velleia (genus Velleia)	other goodeniacean plant (genera Anthotium, Coopernookia, Diaspasis, Pentaptilon, Verreauxia)	n/a
lčpţ	menyanthaceae 1	buckbean/bogbean (genus Menyanthes)	marshwort (genus Liparophyllum)	floatingheart, banana lily, water snowflake, fringed water lily, marshwort (genus Nymphoides)
lčpç	menyanthaceae 2	deer cabbage (genus Nephrophyllidium)	other menyanthacean plant (genera Ornduffia, Villarsia)	n/a
lčpļ	rousseaceae	silver-leaved cuttsia/native elderberry/honey bush (genus Cuttsia)	marbleleaf/bucket-of-water-tree (genus Carpodetus)	other rousseacean plant (genera Abrophyllum, Roussea)
lčph	stylidiaceae	triggerplant (genus Stylidium)	forstera (genus Forstera)	stylewort (genus Levenhookia)
lčphw	other stylidiaceae & other asterales families	cushionplant (genera Phyllachne, Donatia)	other stylidiacean plant (genus Oreostylidium)	other asterales plant (genera Pentaphragma, Phelline)
rẓňw	other campanulid	possumwood tree, paracryphiaceous plant (genera Paracryphia, Quintinia, Sphenostemon)	brunia, button bush, redlegs (Bruniaceae)	columelliaceous plant (genera Columellia, Desfontainia)
fšk	mentha 1	spearmint/common mint/garden mint/lamb mint (Mentha spicata)	Corsican mint (Mentha requienii)	horse mint (Mentha longifolia)
fškw	mentha 2	water mint/marsh mint (Mentha aquatica)	corn mint/field mint/banana mint (Mentha arvensis)	Canada mint, American wild mint (Mentha canadensis)
fšky	mentha 3	forest mint (Mentha laxiflora)	creeping mint/native pennyroyal (Mentha satureioides)	apple mint, pineapple mint (Mentha suaveolens)
fškl	mentha 4	peppermint (Mentha × piperita)	gingermint/redmint/Scotchmint/Scotch spearmint (Mentha × gracilis)	Cuban mint/large apple mint/foxtail mint/hairy mint/woolly mint/mojito mint (Mentha × villosa)
fškr	mentha 5	forest mint (Mentha laxiflora)	creeping mint/native pennyroyal (Mentha satureioides)	apple mint, pineapple mint (Mentha suaveolens)
fškř	mentha 6	pennyroyal/pennyrile/squaw mint/mosquito lant/pudding grass (Mentha pulegium)	Australian mint/river mint/native mint/native peppermint, slender mint (Mentha australis, Mentha diemenica)	other mint plant (other genus Mentha)
fškf	mentheae 1	beebalm, bergamot, Oswego tea, fragrantbalm, horse-mint, monarda (genus Monarda)	wildmint, coyote mint, monardella, mountain pennyroyal (genus Monardella)	mountainmint, koellia (genus Pycnanthemum)
fškţ	mentheae 2	rosemary mint (genus Poliomintha)	mesa mint (genus Pogogyne)	wild pennyroyal (genus Piloblephis)
fškç	mentheae 3	mock pennyroyal (genus Stachydeoma)	false pennyroyal (genus Hedeoma)	scrub mint, coastal plain mint, rose balm, Titusville mint, Radford’s balm (genus Dicerandra)
fškv	mentheae 4	false rosemary, short-leaf rosemary (genus Conradina)	pagoda plant, wood mint (genus Blephilia)	thornmint (genus Acanthomintha)
fškm	mentheae 5	hyssop (genus Dracocephalum previously classified in genus Hyssopus)	giant hyssop, blue giant hyssop, anise hyssop, hummingbird mint (genus Agastache)	dragonhead, dragonhead mint (genus Dracocephalum previously not classified in genus Hyssopus, Lallemantia)
fškn	mentheae 6	catnip, catmint (genus Nepeta)	Canary balm/Balm of Gilead (genus Cedronella)	dragon's head (genus Dracocephalum previously classified in genus Lallemantia)
fškh	mentheae 7	calamint (genus Clinopodium previously classified in genus Calamintha)	self-heal, heal-all, allheal (genus Prunella)	dragonmouth, Pyrenean dead-nettle (genus Horminum)
fškhw	mentheae 8	lemon balm/common balm/balm mint (genus Melissa)	pitcher sage, woodbalm (genus Lepechinia)	sandmint (genus Rhododon)
fšgw	mentheae 9	water-horehound, gypsywort, bugleweed (genus Lycopus)	rock thyme, basil thyme/spring savory (genus Clinopodium previously classified in genus Acinos)	lesser calamint, Ozark calamint, Georgia calamint, Florida calamint, limestone calamint, wild basil, serpentine savory, monkeyflower savory, Browne’s savory, yerba buena (genus Clinopodium previously not classified in genera Calamintha, Acinos)
fšgy	mentheae 10	Meehan’s mint/creeping mint (genus Meehania)	ground-ivy/creeping charlie (genus Glechoma)	other menthid plant (other Mentheae)
fšp	thymus 1	common thyme (Thymus vulgaris)	lemon thyme/broad-leaved thyme (Thymus pulegioides)	citrus thyme (Thymus citriodorus)
fšpw	thymus 2	caraway thyme (Thymus herba-barona)	wild thyme/creeping thyme/elfin thyme/Breckland thyme (Thymus serpyllum)	mother of thyme (Thymus praecox)
fšpy	thymus 3	woolly thyme (Thymus pseudolanuginosus)	conehead thyme/Persian-hyssop/Spanish oregano (Thymus capitatus)	other thyme plant (other genus Thymus)
fšpl	origanum	oregano plant (Origanum vulgare)	marjoram plant (Origanum majorana)	other oregano or marjoram plant (genus Origanum except Origanum vulgare, Origanum majorana)
fšpr	satureja	summer savory (Satureja hortensis)	winter savory/mountain savory (Satureja montana)	other savory plant (genus Satureja except Satureja hortensis, Satureja montana)
fšpř	salvia	sage (Salvia officinalis)	rosemary (Salvia rosmarinus)	other sage plant (genus Salvia except Salvia officinalis, Salvia rosmarinus)
fšpf	ocimeae 1	basil (genus Ocimum)	xiancao/cincau (genus Platostoma)	John Charles, desert lavender (genus Condea)
fšpţ	ocimeae 2	lavender (genus Lavandula)	bushmint, wild hops/false ironwort, Brazilian mint, bayamon (genus Hyptis)	spurflower, lobster bush/fly bush/mosquito bush, cockspur, coleus, scaredy cat plant, country potato/Chinese potato, coleus, Swedish ivy/Swedish begonia, Livingstone potato, Ethiopian potato (genera Plectranthus, Coleus)
fšpç	lamiaceae 1	dead-nettle (genus Lamium)	ironwort/mountain tea/shepherd’s tea (genus Sideritis)	lampwick plant/Jerusalem sage (genus Phlomis)
fšps	lamiaceae 2	Chinese hat plant/cup-and-saucer plant/mandarin’s hat (genus Holmskioldia)	skullcap (genus Scutellaria)	n/a
fšpš	lamiaceae 3	richweed, stoneroot/whorled horse-balm (genus Collinsonia)	Vietnamese balm (genus Elsholtzia)	perilla, Japanese basil (genus Perilla)
fšpļ	lamiaceae 4	bugleweed, bugle, carpet bugle, ground-pine, carpetweed, St. Lawrence plant (genus Ajuga)	germander (genus Teucrium)	glorybower, bagflower, bleeding-heart (genus Clerodendrum)
fšpff	lamiaceae 5	teak (genus Tectona)	beautyberry (genus Callicarpa)	shower orchid, woolly congea (genus Congea)
fšph	lamiaceae 6	chaste tree (genus Vitex)	bastard stopper (genus Petitia)	firestick tree, fragrant premna (genus Premna)
fšphw	lamiaceae 7	mintbush (genus Prostanthera)	westringia, white button bush, coastal rosemary (genus Westringia)	other lamiaceous plant (other Lamiaceae)
lzfw	acanthoideae 1	acanthus, bear’s breech, sea holly/holly mangrove (genus Acanthus)	aphelandra, zebra plant (genus Aphelandra)	creat/green cireta/king-of-bitters, false waterwillow (genus Andrographis)
lzfy	acanthoideae 2	baleria, snake bush, bush violet, porcupine flower (genus Barleria)	Chinese violet/coromandel/creeping foxglove, asystasia (genus Asystasia)	wrightwort (genus Carlowrightia)
lzfl	acanthoideae 3	toothedthread (genus Odontonema)	snakeherb (genus Dyschoriste)	swampweed, temple plant/starhorn/giant hygro, glush weed, water wisteria, dwarf hygro, Indian waterweed (genus Hygrophila)
lzfr	acanthoideae 4	petal-bush (genus Petalidium)	ruellia, wild petunia (genus Ruellia)	other acanthoid plant (other Acanthoideae)
lzfř	acanthaceae	api api, black mangrove, grey mangrove/white mangrove, Indian mangrove (genus Avicennia)	other acanthaceous plant (Thunbergioideae, Nelsonioideae)	n/a
lzm	olea	olive tree (Olea europaea)	ironwood tree (Olea capensis)	other oleid tree (genus Olea except Olea europaea, Olea capensis)
lzmw	oleaceae 1	osmanthus, sweet olive/tea olive/fragrant olive, holly olive, false holly (genus Osmanthus)	mock privet, green olive tree (genus Phillyrea)	maire (genus Notelaea)
lzmy	oleaceae 2	fringetree (genus Chionanthus)	forsythia, Easter tree, Korean goldenbell tree (genus Forsythia)	white forsythia, Korean abelialeaf (genus Abeliophyllum)
lzml	oleaceae 3	jasmine (genus Jasminum)	menodora, broom twinberry (genus Menodora)	American olive/wild olive/devilwood (genus Cartrema)
lzmr	oleaceae 4	privet (genus Ligustrum)	swampprivet, stretchberry/desert olive/tanglewood/devil’s elbow/spring herald/spring goldenglow/New Mexico privet/Texas forsythia, southern privet (genus Forestiera)	n/a
lzmř	oleaceae 5	lilac (genus Syringa)	ash tree (genus Fraxinus)	other oleaceous tree (other Oleaceae)
řžp	lentibulariaceae	corkscrew plant (genus Genlisea)	butterwort (genus Pinguicula)	bladderwort (genus Utricularia)
řžpw	linderniaceae	false pimpernel, moist bank pimpernel (genus Lindernia)	wishbone flower, bluewing, ola’a beauty (genus Torenia)	other linderniaceous flower plant (Linderniaceae except genera Lindernia, Torenia)
řžpy	martyniaceae	cat’s claw/tiger’s claw (genus Martynia)	unicorn-plant, devil’s horn/devil’s claw, ram’s horn, doubleclaw (genus Proboscidea)	other martyniaceous plant, other unicorn plant (Martyniaceae except genera Martynia, Proboscidea)
řžpl	pedaliaceae	sesame, benniseed (genus Sesamum)	devil’s claw/grapple plant/wood spider (genus Harpagophytum)	other pelaliaceous plant (Pedaliaceae except genera Sesamum, Harpagophytum)
řžpr	phrymaceae	lopseed (genus Phryma)	mudmat (genus Glossostigma)	monkey-flower, musk flower, blood-drop-emlet (other Phrymaceae)
řžpř	stilbaceae	forest elder/wild elder/forest nuxia (genus Nuxia)	shell-flower (genus Bowkeria)	other stilbaceous plant (Stilbaceae except genera Nuxia, Bowkeria)
řžpf	verbenaceae 1	verbena/vervain (genus Verbena previously not classified in genus Glandularia)	fogfruit/frogfruit (genus Phyla)	sandpaper vine/purple wreath/queen’s wreath (genus Petrea)
řžpç	verbenaceae 2	fiddlewood (genus Citharexylum)	beebrush, whitebrush/whitebush, lemon verbena, almond verbena, mintbush lippia (genus Aloysia)	golden dewdrop/pigeon berry/skyflower, espino (genus Duranta)
řžpļ	verbenaceae 3	lantana, shrubverbena, tickberry, buttonsage, calico bush (genus Lantana)	mock vervain, mock verbena (genus Verbena previously classified in genus Glandularia)	porterweed, velvetberry, rat tail, snakeweed, bastard vervain/Brazilian tea (genus Stachytarpheta)
řžph	verbenaceae 4	lippia, Mexican oregano/scented matgrass, licorice verbena, koseret (genus Lippia)	Bahamas berry/pineapple verbena/Moujean tea (genus Nashia)	other verbenaceous plant (other Verbenaceae)
řžf	bignoniaceae 1	crossvine (genus Bignonia previously not classified in genus Saritaea)	garlic vine (genus Adenocalymma)	cricket-vine, chica (genus Fridericia)
řžfw	bignoniaceae 2	jacaranda tree, Brazilian caroba-tree, fern tree/black poui (genus Jacaranda)	Chilean glory-flower/Chilean glory creeper (genus Eccremocarpus)	glowvine (genus Bignonia previously classified in genus Saritaea)
řžfy	bignoniaceae 3	trumpet creeper/trumpet vine (genus Campsis)	golden bouquet tree/wallaby wireless tree/yellow pagoda flower tree (genus Deplanchea)	Chinese trumpet flower (genus Incarvillea)
řžfl	bignoniaceae 4	wonga vine, bower of beauty, Pandora’s vine, boat vine (genus Pandorea)	trumpetbush, Cape honeysuckle (genus Tecoma)	pink trumpet vine (genus Tecomanthe)
řžfr	bignoniaceae 5	tree jasmine/Indian cork tree (genus Millingtonia)	midnight horror/broken bones/tree of Damocles/Indian caper/Indian trumpet flower (genus Oroxylum)	catalpa, catawba (genus Catalpa)
řžfř	bignoniaceae 6	desert-willow (genus Chilopsis)	roble, pink manjack, trumpet tree, pink poui, white ipê (genus Tabebuia)	epay/ipe/poui (genus Handroanthus)
řžvl	bignoniaceae 7	African tulip tree/fountain tree/Nandi flame (genus Spathodea)	sausage tree/cucumber tree (genus Kigelia)	tender wild jack/pajanelia (genus Pajanelia)
řžvr	bignoniaceae 8	monkey’s comb (genus Amphilophium previously classified in genus Pithecoctenium)	other trumpet creeper/vine/bush/tree (other Bignoniaceae)	n/a
řžg	gesneriaceae 1	fieldia (genus Fieldia)	Chilean pitcher flower (genus Sarmienta)	pumpkin tree (genus Negria)
řžgw	gesneriaceae 2	magic flowers, widow’s tears, Cupid’s bower, hot water plant (genus Achimenes)	flame violet (genus Episcia)	kohleria, tree gloxinia (genus Kohleria)
řžgy	gesneriaceae 3	Orpheus flower, resurrection plant (genus Haberlea)	other gesnerioid or cyrtandroid plant (other Gesneriaceae)	n/a
řžgl	orobanchaceae 1	broomrape (genus Orobanche)	Indian paintbrush, prairie-fire (genus Castilleja)	desert-boomrape (genus Cistanche)
řžgr	orobanchaceae 2	cancer-root, squawroot (genus Conopholis)	false foxglove (genus Agalinis)	yellow false foxglove, oakleach, fernleaf false foxglove (genus Aureolaria)
řžgř	orobanchaceae 3	owl’s-clover (genus Orthocarpus)	owel’s-clover, johnny-tuck/butter-and-eggs (genus Triphysaria)	witchweed (genus Striga)
řžgv	orobanchaceae 4	cow wheat (genus Melampyrum)	toothwort (genus Lathraea)	rattle (genus Rhinanthus)
řžgḑ	orobanchaceae 5	bartsia, velvetbells (genus Bartsia)	eyebright (genus Euphrasia)	glandweed (genus Parentucellia)
řžgm	orobanchaceae 6	groundcone (genus Boschniakia)	bird's beak (genus Cordylanthus)	beech drops (genus Epifagus)
řžgn	orobanchaceae 7	American chaffseed (genus Schwalbea)	other orobanchaceous plant (other Orobanchaceae)	n/a
řžv	antirrhineae 1	dragon flower, snapdragon (genera Antirrhinum, Misopates, Mohavea, Sairocarpus)	trailing snapdragon (genus Asarina)	dog’s-mouth, Deep Canyon snapdragon (genus Pseudorontium)
řžvw	antirrhineae 2	Eurasian toadflax (genus Linaria)	Canada toadflax, Texas toadflax, Apalachicola toadflax (genus Nuttallanthus)	ivy-leaved toadflax/coliseum ivy/mother of thousands/wandering sailor (genus Cymbalaria)
řžvy	antirrhineae 3	cancerwort, fluellin (genus Kickxia)	angels trumpet/Mexican viper, climbing snapdragon/roving sailor (genus Maurandya)	other antirrhinine snapdragon or toadflax-like plant (other Antirrhineae)
řžm	cheloneae 1	turtlehead (genus Chelone)	blue eyed Mary, Chinese houses (genus Collinsia)	keckiella, beardtongue, penstemon (genus Keckiella)
řžmw	cheloneae 2	beardtongue (genus Penstemon)	woodland beardtongue (genus Nothochelone)	other chelonid plant (other Cheloneae)
řžmy	gratioleae 1	hedge-hyssops (genus Gratiola)	waterhyssop (genus Bacopa)	goatweed, Tamaulipan tea (genus Capraria)
řžml	gratioleae 2	cliff conobea/cut-leaf conobea/much-cleft conobea/narrow-leaved paleseed/Obi-Wan conobea (genus Leucospora)	marshweed (genus Limnophila)	axilflower (genus Mecardonia)
řžmr	gratioleae 3	licorice weed, sweet broom, scoparia-weed (genus Scoparia)	twintip, stemodia, bluerod, pagurda (genus Stemodia)	other gratiolid plant (other Gratioleae)
řžmř	veroniceae 1	speedwell, germander speedwell, bird’s eye, gypsyweed, brooklime (genus Veronica previously not classified in genus Hebe)	Culver’s-root/Culver’s physic/Bowman’s root/black root, veronicastrum (genus Veronicastrum)	hebe, New Zealand lilac, bushy veronica, mountain-box, koromiko, showy-speedwell (genus Veronica previously classified in genus Hebe)
řžx	veroniceae 2	wulfenia (genus Wulfenia)	other veronicid plant (other Veroniceae)	n/a
řžxw	plantaginaceae 1	plantain, fleawort (genus Plantago)	foxglove (genus Digitalis)	fairy foxglove/alpine balsam/starflower/liver balsam (genus Erinus)
řžxl	plantaginaceae 2	water-starwort (genus Callitriche)	mare's tail (genus Hippuris)	globe daisy, globularia, ball flower (genus Globularia)
řžxr	plantaginaceae 3	firecracker plant, coralblow, russelia, fountainbush/coral plant (genus Russelia)	other plantaginaceous plant (other Plantaginaceae)	n/a
řžd	scrophulariaceae 1	figwort (genus Scrophularia)	mullein (genus Verbascum)	butterfly bush (genus Buddleja)
řždw	scrophulariaceae 2	mudwort (genus Limosella)	twinspur (genus Diascia)	barometer bush, Texas ranger/silverleaf (genus Leucophyllum)
řždy	scrophulariaceae 3	boobialla, bastard ironwood/popwood, native myrtle, sugarwood, myoporum (genus Myoporum)	emu bush, turkey bush, poverty bush (genus Eremophila)	wild olive, white alling (genus Bontia)
řždl	scrophulariaceae 4	Cape fuchsia/Cape figwort (genus Phygelius)	other scrophulariaceous plant, other figwort-like plant (other Scrophulariaceae)	n/a
řžň	lamiales 1	rainbow plant (genus Byblis)	lady’s purse/slipper flower/pocketbook flower/slipperwort (genera Calceolaria, Jovellana)	mazus, swamp musk, lancea (genera Dodartia, Lancea, Mazus, Puchiumazus)
řžňw	lamiales 2	dragontree, empress tree, princess tree, foxglove-tree (genus Paulownia)	juniperleaf/rustweed (genera Polypremum, Tetrachondra)	other lamiales plant (Carlemanniaceae, Plocospermataceae, Schlegeliaceae, Thomandersiaceae)
nçb	rubieae 1	madder (genus Rubia)	kelloggia (genus Kelloggia)	bedstraw (genus Galium)
nçbw	rubieae 2	crosswort (genus Crucianella)	woodruff (genus Asperula)	other rubiid plant (other Rubieae)
nçby	psychotrieae	psychotria, wild coffee (genus Psychotria)	ant-house plant (genus Myrmecodia)	other psychotriid plant (Psychotrieae except genera Psychotria, Myrmecodia)
nçbl	spermacoceae 1	false buttonweed (genus Spermacoce)	poorjoe/rough buttonweed (genus Hexasepalum previously classified in genus Diodella)	Virginia buttonweed (genus Diodia)
nçbr	spermacoceae 2	beech creeper/cougbush (genus Ernodea)	starviolet (genus Hedyotis)	bluet (genus Houstonia)
nçbř	spermacoceae 3	girdlepod (genus Mitracarpus)	Mexican-clover (genus Richardia)	other spermacoceous plant (other Spermacoceae)
nçbv	anthospermeae	stinkweed, dogweed (genus Opercularia)	coral bead plant/coral moss/English baby tears (genus Nertera)	other anthosperm (Anthospermeae except genera Opercularia, Nertera)
nçbḑ	rubioideae	partridge berry (genera Damnacanthus, Mitchella)	sewer vine, snowrose, tree of a thousand stars, Japanese boxthorn (Paederieae)	other rubioid plant (other Rubioideae)
çx	coffea	arabica coffee plant (Coffea arabica)	robusta coffee plant (Coffea canephora)	other Coffea plant (genus Coffea except Coffea arabica, Coffea canephora)
çxw	gardenieae	gardenia, cape jasmine, turpentine tree (genus Gardenia)	indigoberry (genus Randia)	other gardeniid plant (Gardenieae except genera Gardenia, Randia)
çxl	condamineeae	chaconia/wild poinsettia/pride of Trinidad and Tobago (genus Warszewiczia)	other condamineid plant (Dialypetalantheae except genus Warszewiczia)	n/a
çxr	ixoroideae	West Indian jasmine, jungle flame, jungle geranium (genus Ixora)	needle flower (genera Molopanthera, Posoqueria)	other ixoroid plant (other Dialypetalanthoideae previously not classified in Cinchonoideae)
rgd	cinchoneae	quinine, cinchona, Peruvian bark, Jesuit’s bark (genus Cinchona)	remijia (genus Remijia)	other cinchonid plant (Cinchoneae except genera Cinchona, Remijia)
rgdw	chiococceae 1	milkberry, West Indian snowberry (genus Chiococca)	lilythorn (genus Catesbaea)	bell flower (genus Portlandia)
rgdy	chiococceae 2	Puerto Rico devilbrush, maricao (genus Scolosanthus)	other chiococcid plant (other Chiococceae)	n/a
rgdl	guettardeae	velvetseed (genus Guettarda)	‘ahakea (genus Bobea)	other guettardid plant (Guettardeae except genera Guettarda, Bobea)
rgdr	naucleeae	buttonbrush (genus Cephalanthus)	gambier, cat’s claw (genus Uncaria)	other naucleid plant (Naucleeae except genera Cephalanthus, Uncaria)
rgdř	cinchonoideae	rondeletia, Cleveland sunrise, Panama-rose, other rondeletiid plant (Rondeletieae)	Pride of Big Pine (genus Strumpfia)	other cichonoid plant (Hamelieae, Hymenodictyeae, Hillieae, Isertieae)
rgdv	rubiaceae	coptosapelta, acranthera, coptosapeltid plant (genera Coptosapelta, Acranthera)	luculia (genus Luculia)	n/a
gzvw	gentianaceae 1	gentia, agueweed (genera Gentiana, Gentianella, Gentianopsis)	frasera, American columbo, yellow gentian, green gentian, elkweed, deer’s ears/monument plant (genus Frasera)	lisianthus, prairie gentian (genus Eustoma)
gzvy	gentianaceae 2	centaury, sebaea, quinineweed (genera Centaurium, Sebaea, Zeltnera)	slender cidendia/yellow centaury (genus Cicendia)	Persian violet (genus Exacum)
gzvl	gentianaceae 3	felwort, swertia (genus Swertia)	slender marsh-pink, rose gentian, prairie sabatia, meadow pink (genus Sabatia)	Virginia pennywort (genus Obolaria)
gzvr	gentianaceae 4	ghostplant (genus Voyria)	screwstem (genus Bartonia)	kingwood, tembesu, perfume flower tree (genus Fagraea)
gzvř	gentianaceae 5	sea rose (genus Orphium)	other gentianaceous plant (other Gentianaceae)	n/a
rţpw	apocynoideae 1	dogbane, Indian hemp (genus Apocynum)	star jasmine, Confederate jasmine (genus Trachelospermum)	devil's potato (genus Echites)
rţpy	apocynoideae 2	oleander, nerium (genus Nerium)	rocktrumpet, mandevilla, dipladenia, Brazilian jasmine, Chilean jasmine (genus Mandevilla)	Sacramento waxydogbane (genus Cycladenia)
rţpl	apocynoideae 3	pineland golden trumpet (genus Angadenia)	hammock viper’s-tail/licebush/wild allamanda/wild wist yellow mandevilla/yellow dipladenia (genus Pentalinon)	other apocynoid plant (other Apocynoideae)
rţpr	asclepiadoideae 1	milkweed, spider antelope horns, cow-cabbage, blood flower/cotton bush/Mexican/redhead, milkplant, milkflower, silkweed, solanoa, swallow-wort, butterfly flower, butterfly weed/pleurisy root, green antelopehorn (genus Asclepias)	dog-strangling vine, climbing milkweed, caustic bush (genus Cynanchum)	twinevine (genus Funastrum)
rţpř	asclepiadoideae 2	milkvine (genus Matelea)	jungle netvine, waxflower/Madagascar jasmine/Hawaiian wedding flower/bridal wreath (genus Marsdenia)	Bushman's hat (genus Hoodia)
rţpf	asclepiadoideae 3	star flower (genus Orbea)	stapeliad (Stapeliinae except genera Hoodia, Orbea)	other asclepiadoid plant, other milkweed-like plant (other Asclepiadoideae)
rţpţ	periplocoideae 1	silkvine (genus Periploca)	propeller vine (genus Petopentia)	milk rope (genus Cryptolepis)
rţpç	periplocoideae 2	Indian sarsaparilla (genus Hemidesmus)	swallowroot (genus Decalepis)	other periplocoid plant (other Periplocoideae)
rţph	rauvolfioideae 1	periwinkle (genera Catharanthus, Vinca)	devil pepper (genus Rauvolfia)	yellowwood, bloodhorn/kopsia, ochrosia (genus Ochrosia)
rţpv	rauvolfioideae 2	pearl bery/tearshrub, vallesia (genus Vallesia)	cockroach plant (genus Haplophyton)	wheel tree, quebracho (genus Aspidosperma)
rţps	rauvolfioideae 3	chainfruit, sea box/dysentery bush, alyxia (genus Alyxia)	plumeria, frangipani, Singapore graveyard flower (genus Plumeria)	pteralyxia (genus Pteralyxia)
rţpš	rauvolfioideae 4	cassowary plum/grey milkwood, sea mango, suicide plant (genus Cerbera)	Bengal currant/Christ’s thorn, carandas plum, Natal plum, num-num, conkerberry/bush plum (genus Carissa)	mangabeira/mangaba plant (genus Hancornia)
rţpļ	rauvolfioideae 5	allamanda, trumpetvine, golden-trumpet (genus Allamanda)	melodinus (genus Melodinus)	other rauvolfioid plant (other Rauvolfioideae)
rţphw	secamonoideae	secamone, cork vine/corky milkvine (genus Secamone)	other secamonid plant (Secamonoideae except genus Secamone)	n/a
lzn	gelsemiaceae	heartbreak grass, swamp jessamine/Rankin’s trumpetflower, yellow jessamine/Carolina jessamine/evening trumpetflower (genus Gelsemium)	other gelsemiid plant (genera Mostuea, Pteleocarpa)	n/a
lznw	loganiaceae 1	logania (genus Logania)	labordia (genus Geniostoma previously classified in genus Labordia)	hornpod (genus Mitreola)
lzny	loganiaceae 2	strychnine tree/nux vomica/poison nut/quaker buttons, clearing-nut tree, threaded boxwood, black monkey orange (genus Strychnos)	pinkroot, Indian pink (genus Spigelia)	other loganiaceous tree (other Loganiaceae)
fstw	boraginoideae 1	borage (genus Borago)	lungwort (genus Pulmonaria)	comfrey (genus Symphytum)
fsty	boraginoideae 2	viper’s bugloss, Salvation Jane, Lady Campbell weed/Paterson’s curse, echium (genus Echium)	Siberian bugloss (genus Brunnera)	n/a
fstl	boraginoideae 3	bugloss/true alkanet/corn bugloss, Cape bugloss/Cape forget-me-not (genus Anchusa)	alkanet/dyer’s alkanet/dyer’s bugloss/orchanet/Spanish bugloss/Languedoc bugloss (genus Alkanna)	green alkanet, evergreen bugloss (genus Pentaglottis)
fstr	boraginoideae 4	monkwort (genus Nonea)	madwort (genus Asperugo)	honeywort (genus Cerinthe)
fstř	boraginoideae 5	gromwell, bastard alkanet (genus Buglossoides)	purple gromwell, olive-leaved gromwell (genus Lithodora)	gromwell, marbleseed, stoneseed, puccoon, Indian-paint, whiteseed (genus Lithospermum)
fstf	boraginoideae 6	forget-me-not, scorpion grass (genus Myosotis)	alpine forget-me-not (genus Eritrichium)	giant forget-me-not, chatham Islands forget-me-not (genus Myosotidium)
fstv	boraginoideae 7	fiddleneck (genus Amsinckia)	scorpionbush, Fukien tea tree (Ehretia microphylla)	oysterplant, bluebells, mountain bell (genus Mertensia)
fstç	boraginoideae 8	popcorn flowers (genus Plagiobothrys)	cat’s eyes/popcorn flowers (genus Cryptantha)	Prophet's flower (genus Arnebia)
fstļ	boraginoideae 9	hounds’ tongue, wild comfrey (genus Cynoglossum)	stickseed, sticktight, beggar’s lice (genus Hackelia)	stickseed, bluebur/bristly sheepbur/bur forget-me-not (genus Lappula)
fsth	boraginoideae 10	heliotrope (genus Heliotropium)	navelwort (genus Omphalodes)	combseed (genus Pectocarya)
fsthw	boraginoideae 11	geigertree (genus Cordia)	camel bush/cattle bush (genus Trichodesma)	other boraginoid plant (other Boraginaceae)
fsmw	hydrophylloideae 1	waterleaf (genus Hydrophyllum)	baby-blue-eyes, five-spot nemophila (genus Nemophila)	fiddleleaf (genus Nama)
fsmy	hydrophylloideae 2	yerba santa, Indian Knob mountainbalm, poodle-dog bush (genus Eriodictyon)	waterpod/false baby-blueeyes/Aunt Lucy (genus Ellisia)	phacelia, scorpionweed, Whitlavia/wild Canterbury bells, Miami mist, lavender windows, wild heliotrope, California bluebell/desertbells (genus Phacelia)
fsml	hydrophylloideae 3	whispering bells (genus Emmenanthe)	mistmaid/mistmaiden (genus Romanzoffia)	fiesta flower (genus Pholistoma)
fsmr	hydrophylloideae 4	violet draperia (genus Draperia)	hideseed (genus Eucrypta)	threeheart (genus Tricardia)
fsmř	hydrophylloideae 5	hesperochiron (genus Hesperochiron)	other hydrophylloid plant (genus Wigandia, Codon)	n/a
fsnw	ehretioideae 1	peace bush/native willow/peachwood, anacua, koda (genus Ehretia except Ehretia microphylla)	strongbark/strongback (genus Bourreria)	halgania, blue bush (genus Halgania)
fsny	ehretioideae 2	greenheart ebony (genus Rochefortia)	crinklemat, Peruvian sand flower (genus Tiquilia)	other ehretioid plant (genera Keraunea, Lepidocordia)
fsňw	boraginaceae	desert Christmas tree/scaly-stemmed sandplant, sandfood (genera Lennoa, Pholisma)	manjack, cordioid plant (genera Varronia, Coldenia, Hoplestigma)	other boraginaceous plant (genus Wellstedia)
zp	solanum 1	🥔 potato plant (Solanum tuberosum)	🍅 tomato plant (Solanum lycopersicum)	🍆 eggplant plant (Solanum melongena)
zpl	solanum 2	wild tomato, currant tomato (tomato-producing Solanum species except Solanum lycopersicum)	Ethiopian eggplant/gilo (Solanum aethiopicum)	naranjilla/lulo (genus Solanum quitoense)
zpr	solanum 3	Turkey berry/wild eggplant/pea eggplant/shoo-shoo bush/prickly nightshade/susumber (Solanum torvum)	pepino melon/melon pear (Solanum muricatum)	tamarillo/tree tomato/blood fruit (Solanum betaceum)
zpř	solanum 4	wolf apple (Solanum lycocarpum)	cocona (Solanum sessiliflorum)	kangaroo apple, desert raisin/bush raisin/bush saltana, bush tomato, potato bush, round-leaved solanum, wild tomato (edible Australian wild tomato species within genus Solanum)
zpf	solanum 5	wonderberry/sunberry (Solanum retroflexum)	garden huckleberry (Solanum scabrum)	hairy-fruited eggplant/Indian nightshade (Solanum lasiocarpum)
zpţ	solanum 6	vila-vila/sticky nightshade/red buffalo-bur/fire-and-ice plant, litchi tomato (Solanum sisymbriifolium)	earleaf nightshade/flannel weed/bugweed/tobacco weed/kerosene plant/wild tobacco (Solanum mauritianum)	bittersweet/bittersweet nightshade/blue bindweed/Amara Dulcis/climbing nightshade/fellenwort/felonwood/poisonberry/poisonflower/scarlet berry/trailing bittersweet/violet bloom/woody nightshade (Solanum dulcamara)
zpļ	solanum 7	nipplefruit/cow’s udder/fox head/apple of Sodom (Solanum mammosum)	winter cherry, Jerusalem cherry, Chilean potato tree, potato vine, Christmas cherry, blue potato bush, Italian jasmine/St. Vincent lilac, paradise flower (ornamental Solanum species)	nightshade, soda apple, popolo, horsenettle, devil’s apple, porcupine tomato, devil’s-fig, wolfpeach, wild potato (other genus Solanum)
zpw	capsicum annuum (bell/sweet pepper)	bell pepper plant	sweet/Italian pepper, pepperoncino plant	paprika plant
zpy	capsicum annuum (hot pepper)	serrano pepper plant	cayenne pepper plant	jalapeño pepper plant
zph	other cultivated capsicum species	habanero pepper plant (Capsicum chinense)	ají chili pepper plant (Capsicum baccatum)	tabasco chili pepper/piri piri/Hawaiian pepper/xiaomila pepper, manzano pepper/rocoto pepper/locoto pepper (Capsicum frutescens, Capsicum pubescens)
zphw	capsiceae	non-domesticated/non-cultivated capsicum species (other genus Capsicum)	blue potato bush/Paraguay nightshade, various lycianthes nightshades (genus Lycianthes)	n/a
zpç	physalis	tomatillo/Mexican husk tomato plant (Physalis philadelphica)	Chinese/Japanese lantern, winter-cherry plant (Alkekengi officinarum)	groundcherry, strawberry-tomato plant, Inca berry plant, golden strawberry plant (genus Physalis except Physalis philadelphica)
zps	physaleae 1	lobed groundcherry, purple groundcherry (genus Quincula)	five eyes, chamaesaracha (genus Chamaesaracha)	Saint Helena boxwood (genus Mellissia)
zpš	physaleae 2	‘aiea (genus Nothocestrum)	Indian rennet/vegetable rennet, Indian ginseng/winter cherry (genus Withania)	other physalid plant (other Physalideae)
ňţw	hyoscyameae	henbane (genus Hyoscyamus)	belladona, deadly nightshade (genus Atropa)	scopolia, other hyoscyamid plant (Hyoscyameae except genera Hyoscyamus, Atropa)
ňţy	lycieae & mandragoreae	box-thorn, desert-thorn, honey thorn, water-jacket, matrimony-vine/goji/goji-berry/Duke of Argyll’s teaplant, wolfberry, Christmas berry, peachthorn, squawthorn (genus Lycium previously not classified in genus Grabowskia)	grabowskia, other lyciid plant (genus Lycium previously classified in genus Grabowskia, genus Sclerophylax)	n/a
ňţl	datureae	devil's trumpet (genus Datura)	angel's trumpet (genus Brugmansia)	trompettia, other daturid plant (genus Trompettia)
ňţr	solandreae	chalice vine, Hawaiian lily (genus Solandra)	goldfinger (genus Juanulloa)	other solandrean plant (Solandreae except genera Solandra, Juanulloa)
ňţř	other solanoideae	apple-of-Peru/shoo-fly plant (genera Nicandra, Exodeconus)	Chilean bell flower (genus Nolana)	other solanoid plant (genera Jaborosa, Latua, Mandragora, Nectouxia, Salpichroa)
ňţm	cestroideae 1	cestrum, jessamine, lady of the night, green poisonberry (genus Cestrum)	Chilean box thorn (genus Vestia)	painted tongue/scalloped tube tongue/velvet trumpet flower (genus Salpiglossis)
ňţn	cestroideae 2	bush-violet, amethyst flower (genus Browallia)	marmalade bush/firebush (genus Streptosolen)	other cestroid flower (other Cestroideae)
čvw	petunioideae 1	petunia (genus Petunia)	raintree, brunfelsia, lady-of-the-night (genus Brunfelsia)	false heath (genus Fabiana)
čvy	petunioideae 2	cupflower, whitecup, nierembergia (genus Nierembergia)	Chiapas red trumpet (genus Plowmania)	other petunioid plant (other Petunioideae)
čvl	nicotianoideae 1	tobacco plant (genus Nicotiana)	tailflower (genus Anthocercis)	corkwood tree (genus Duboisia)
čvr	nicotianoideae 2	symonanthus, Bailey’s symonanthus (genus Symonanthus)	other nocotianoid plant (other Nicotianoideae)	n/a
čvř	other solanaceae	butterfly flower/fringeflower/poor-man’s orchid (genus Schizanthus)	other solanaceous plant (Schwenckioideae, Goetzeoideae, Duckeodendroideae)	n/a
psvw	convolvulaceae 1	morning glory, bindweed, convolvulus, rhodium/rhodium-wood, scammony, silverbush (genus Convolvulus)	false bindweed, hearbind/hedgebell/hedge bindweed/large bindweed, plateau morning glory, beach morning glory (genus Calystegia)	dwarf morning glory, Australian baby blue/sapphire blue, evovulus (genus Evolvulus)
psvy	convolvulaceae 2	lady's nightcap (genus Bonamia)	alkaliweed (genus Cressa)	dawnflower (genus Stylisma)
psvl	convolvulaceae 3	sweet potato (Ipomoea batatas)	morning glory, moonflower, cypress vine/cardinal creeper/cardinal vine/star glory, man-of-the-earth/manroot/wild potato vine, moon vine, water spinach, railway creeper, spiderleaf, lilacbell, firevine/Spanish flag, whitestar/whitestar potato/pitted morning-glory (genus Ipomoea except Ipomoea batatas)	Hawaiian baby woodrose (genus Argyreia)
psvr	convolvulaceae 4	ponysfoot, dichondra (genus Dichondra)	clustervine, jacquemontia (genus Jacquemontia)	dodder (genus Cuscuta)
psvř	convolvulaceae 5	woodrose, rock rosemary, Spanish arborvine, hogvine (genus Merremia)	turpeth/St. Thomas lidpod (genus Operculina)	other convolvulaceous plant (other Convolvulaceae)
ňţň	other solanales family	false fiddleleaf (genus Hydrolea)	montiniid plant (genera Montinia, Grevea, Kaliphora)	sphenoclea (genus Sphenoclea)
ňţmw	garryales	silk tassel/tassel bush (genus Garrya)	spotted laurel/Japanese laurel/gold dust plant, acuba (genus Aucuba)	eucommia (genus Eucommia)
ňţmy	other lamiid order	icacinacious plant, oncotheca plant (Icacinales)	vahlia (genus Vahlia)	metteniusaceous plant (Metteniusaceae)
ňḑ	vaccinium shrub 1	🫐 blueberry, sparkleberry (Vaccinium (Vaccinium))	cranberry (Vaccinium (Oxycoccus))	huckleberry, bilberry, whortleberry, grouseberry, blaeberry/fraughan/hurtleberry, Alaska blueberry (Vaccinium (Vaccinium) sect. Myrtillus)
ňḑr	vaccinium shrub 2	partridge berry/cowberry/redberry/lingonberry/foxberry/quailberry/bearberry/beaverberry/cougarberry (Vaccinium (Vaccinium) sect. Vitis-idaea)	deerberry (Vaccinium (Vaccinium) sect. Polycodium)	other blueberry or whortleberry (other genus Vaccinium)
ňḑl	gaultheria	eastern teaberry (Gaultheria procumbens)	salal/shallon (Gaultheria shallon)	gaultheria (genus Gaultheria except Gaultheria procumbens, Gaultheria shallon)
ňḑḑ	vaccinioideae	other vaccinid plant (Vaccinieae except genus Vaccinium)	sourwood/sorrel tree (genus Oxydendrum)	other vaccinioid plant (Andromedeae, Gaultherieae, Lyonieae except genus Gaultheria)
ňḑm	rhododendron (genus Rhododendron)	evergreen or vireya rhododendron plant (genus Rhododendron previously not classified in Rhododendron (Tsutsusi), Rhododendron (Pentanthera))	evergreen azalea plant (genus Rhododendron previously classified in Rhododendron (Tsutsusi))	deciduous azalea plant (genus Rhododendron previously classified in Rhododendron (Pentanthera))
ňḑmw	ericoideae 1	heath, heather (genus Erica)	mountainheath, mountain heather (genus Phyllodoce)	sand heath, sandhillrosemary, Florida-rosemary (genus Ceratiola)
ňḑmy	ericoideae 2	sheep-laurel, lambkill, calf-kill, kill-kid, sandmyrtle, whitewicky, mountain-laurel, bog-laurel/bob kalmia (genus Kalmia)	St. Dabeoc’s heath (genus Daboecia)	other ericoid/heath-like plant (other Ericoideae)
ňḑnw	arbutoideae 1	madrone, strawberry tree, cane apple tree (genus Arbutus)	manzanita (genus Arctostaphylos)	mission manzanita (genus Xylococcus)
ňḑny	arbutoideae 2	Baja birdbush (genus Ornithostaphylos)	summer holly (genus Comarostaphylis)	bearberry (genus Arctous)
ňḑn	ericaceae	wintergreen, shinleaf, shineleaf, prince’s pine/pipsissewa, rheumatism root (Pyroloideae)	monotrope, gnome plant/cone plant, Indian pipe/ghost plant/corpse plant, Dutchman’s pipe/pinesap/yellow bird’s-nest, pygmy pipes, pinefoot, pinedrops/beechdrops/giant bird’s nest, snow plant/snow flower (Monotropoideae)	moss bell heather, other ericaceous heather (Cassiopoideae, Harrimanelloideae, Enkianthoideae, Epacridoideae)
ňḑw	actinidiaceae	kiwi vine/Chinese gooseberry (Actinidia chinensis var. deliciosa)	kiwi berry/grape kiwi/dessert kiwi/cocktail kiwi vine, golden kiwi vine (Actinidia arguta, Actinidia kolomikta, Actinidia polygama, Actinidia chinensis var. chinensis, Actinidia chinensis var. setosa)	actinidia, actinidiaceous plant (genera Actinidia, Clematoclethra, Saurauia except Actinidia arguta, Actinidia kolomikta, Actinidia polygama, Actinidia chinensis)
ňḑv	clethraceae & cyrillaceae	sweet pepper bush/summersweet, mountain pepper bush, lily of the valley tree, Japanese sweet shrub (genera Clethra, Purdiaea)	buck-wheat tree (genus Cliftonia)	swamp cyrilla/swamp titi/leatherwood/ironwood (genus Cyrilla)
ňḑy	diospyros (persimmon)	Japanese persimmon tree (Diospyros kaki)	date-plum tree (Diospyros lotus)	American persimmon (Diospyros virginiana)
ňḑň	diospyros (ebony wood)	ebony tree (black-wooded species of genus Diospyros)	calamander wood tree, Makassar ebony tree, marblewood tree (other timber species of genus Diospyros)	other ebony/persimmon tree (other genus Diospyros)
ňḑňw	ebenaceae	guarri (genus Euclea)	other ebenaceous tree/plant (genus Lissocarpa)	n/a
ck	theaceae 1	tea plant (Camellia sinensis)	camellia (genus Camellia except Camellia sinensis)	stewartia (genus Stewartia)
cky	theaceae 2	Franklin tree (genus Franklinia)	needlewood tree (genus Schima)	other theaceous plant (genera Apterosperma, Gordonia, Polyspora, Pyrenaria)
ňzk	polemoniaceae	phlox (genus Phlox)	linanthus, desert snow, desertbeauty, evening snow, sandblossom, granite prickly-phlox (genus Linanthus)	Jacob’s-ladder, gilyflower, gillia, trumpet flower, woollystars, gymnosteris, Arizona firecracker, ipomopsis, skyrocket, standing cypress, calico (Polemoniaceae except genera Phlox, Linanthus)
ňzkw	primulaceae 1	primrose, cowslip, auricula/bear’s ear, oxlip, glory-of-the-marsh, shootingstar/mosquito-bill/sailor caps (genus Primula)	ardisia, marlberry, coral bush/coralberry/spiceberry, duck’s eye (genus Ardisia)	pimpernel, weather-glass, shepherd’s clock (genus Lysimachia previously classified in genus Anagallis)
ňzkm	primulaceae 2	brookweed, water pimpernel, water cabbage, water rose (genus Samolus)	maesa, false assegai (genus Maesa)	embelia, false black pepper, bitter leaf (genus Embelia)
ňzky	primulaceae 3	starflower, chickweed-wintergreen (genus Lysimachia previously classified in genus Trientalis)	rock-jasmine, Northern fairy candelabra, androsace (genus Androsace)	sowbread, swinebread (genus Cyclamen)
ňzkl	primulaceae 4	colicwood, red matipo, Cape myrtle/African boxwood (genus Myrsine)	loosestrife, swamp candle (genus Lysimachia previously not classified in genera Anagallis, Trientalis)	snowbell, featherfoil, Joewood, other primulaceous plant (other Primulaceae)
ňzkr	sapotaceae 1	bulletwood/balatá/ausubo/massaranduba/cow-tree, chicle, bully tree, nispero, sapotilla, sapota/sapodilla/naseberry, wild dilly (genus Manilkara)	pouteria, eggfruit, abiu, lúcuma, mamey sapote, canistel, green sapote, shiny-leaved condoo/black plum (genus Pouteria)	shea tree (genus Vitellaria)
ňzkř	sapotaceae 2	miracle berry/sweet berry plant (genus Synsepalum)	tar apple/star apple/golden leaf tree/milk fruit/cainito, Damson plum/wild star-apple/caimitillo, milkwood (genus Chrysophyllum)	makore wood tree (genus Tieghemella)
ňzkf	sapotaceae 3	gutta-percha tree (genus Palaquium)	bully tree (genus Sideroxylon)	other sapotaceous tree/plant (other Sapotaceae)
ňzkţ	sarraceniaceae	trumpet pitcher plant (genus Sarracenia)	California pitcher plant/cobra lily/cobra plant (genus Darlingtonia)	sun pitcher plant (genus Heliamphora)
ňzkv	styracaceae	silverbell/snowdrop tree (genus Halesia)	epaullete tree (genus Pterostyrax)	storax, snowbell, other styaracaceous plant (Styracaceae except genera Halesia, Pterostyrax)
ňzkh	lecythidaceae	brazil nut tree (genus Bertholletia)	paradise nut tree/monkey pot tree/sapucaia (genus Lecythis)	freshwater mangrove, mango-pine, itchytree, powder-puff tree (genus Barringtonia)
ňzks	ericales 1	balsam, jewelweed, touch-me-not, parrot flower, Congo cockatoo, impatiens, policeman’s helmet, poor man’s rhododendron, busy lizzie, patience, snapweed (genera Impatiens, Hydrocera)	wandplant/wandflower/beetleweed, pixiemoss, Oconee bells/acony bell, pincushion plant (Diapensiaceae)	ocotillo plant, boojum tree/cirio (genus Fouquieria)
ňzkš	ericales 2	dewstick/fly bush (genus Roridula)	sweetleaf, sapphireberry (genus Symplocos)	tea mangrove (genera Pelliciera, Pentamerista, Tetramerista)
ňzkhw	ericales 3	other lecythidaceous tree (Lecythidaceae except genera Bertholletia, Lecythis, Barringtonia)	other ericales plant (Sladeniaceae, Marcgraviaceae, Mitrastemonaceae, Pentaphylacaceae)	n/a
gzg	hydrangeaceae 1	hydrangea (genus Hydrangea except Hydrangea barbara, Hydrangea sinensis, Hydrangea arguta)	woodvamp (Hydrangea barbara, Hydrangea sinensis)	kanawao (Hydrangea arguta)
gzgw	hydrangeaceae 2	mock-orange (genus Philadelphus)	whipplea/modesty (genus Whipplea)	tree anemone/bush anemone (genus Carpenteria)
gzgy	hydrangeaceae 3	Utah fendlerbush (genus Fendlerella)	deutzia (genus Deutzia)	yellow waxbell, Korean kirengeshoma (genus Kirengeshoma)
gzgl	hydrangeaceae 4	fendlerbush (genus Fendlera)	jamesia/cliffbush/waxflower (genus Jamesia)	n/a
gzgr	cornaceae	blue- or white-fruited dogwood (genus Cornus, subgenera Yinquania, Kraniopsis, Mesomora)	other dogwood tree or shrub (genus Cornus except subgenera Yinquania, Kraniopsis, Mesomora)	alangium (genus Alangium)
gzgř	loasaceae 1	blazingstar, stickleaf, yellowcomet, mentzelia (genus Mentzelia)	sandpaper plant (genus Petalonyx)	stingbush, rock nettle (genus Eucnide)
gzgv	loasaceae 2	electric shock plant (genus Blumenbachia)	carnation nettle/ortiga/ortiguilla (genus Caiophora)	other loasaceous plant (other Loasaceae)
gzgḑ	nyssaceae	tupelo tree, black-gum tree (genus Nyssa)	dove-tree/handkerchief tree/ghost tree (genus Davidia)	happy tree/cancer tree/tree of life (genus Camptotheca)
gzgz	cornales	sillyberry (genus Grubbia)	assegai tree/Cape lancewood (genus Curtisia)	other cornales plant (genera Hydrostachys, Diplopanax, Mastixia)
ňzp	caryophylleae 1	carnation, pink, sweet william (genus Dianthus)	chickweed baby’s breath (genus Acanthophyllum)	baby’s breath, gypsophila (genus Gypsophila except Gypsophila vaccaria)
ňzpw	caryophylleae 2	tunica, tunic-flower/coat flower, pink (genus Petrorhagia)	cushion baby’s-breath/low baby’s-breath/annual gypsophila (genus Psammophiliella)	soapwort, bouncingbet/sweety Betty, pygmy pink, tumbling-Ted (genus Saponaria)
ňzpy	caryophylleae 3	cowherb/cowcockle/cow basil/cow soapwort/prairie carnation (Gypsophila vaccaria)	other caryophyllid plant (other Caryophylleae)	n/a
ňzpl	alsineae 1	mouse-ear chickweed, chickweed, snow in summer (genus Cerastium)	jagged chickweed (genus Holosteum)	upright chickweed, erect chickweed (genus Moenchia)
ňzpr	alsineae 2	starwort, chickweed, stitchwort (genus Stellaria)	false starwort, tuber starwort, robust starwort, Sierra starwort (genus Pseudostellaria)	other alsinid plant (other Alsineae)
ňzpř	paronychieae	nailwort, whitlow-wort, paronychia, chickweed (genus Paronychia)	rupturewort (genus Herniaria)	other paronychiid plant (Paronychieae except genera Paronychia, Herniaria)
ňzpf	polycarpeae 1	onyxflower/frost-mat (genus Achyronychia)	waxberry/barley sugar bush (genus Pollichia)	manyseed (genus Polycarpon)
ňzpţ	polycarpeae 2	rockwort (genus Scopulophila)	sandcarpet (genus Cardionema)	other polycarpid plant (other Polycarpeae)
ňzpç	sagineae	pearlwort (genera Colobanthus, Sagina)	sandwort (genus Minuartia)	other saginid plant (Sagineae except genera Colobanthus, Sagina, Minuartia)
ňzpļ	sclerantheae 1	schiedea, alsinidendron, Nihoa carnation (genus Schiedea previously not classified in genus Alsinidendron)	knawel, cushion-bush, German-knotweed (genus Scleranthus)	tinytim, earth-fruit (genus Geocarpon)
ňzph	sclerantheae 2	sea sandwort/seaside sandplant/sea chickweed/sea pimpernel/sea-beach sandwort/sea purslane (genus Honckenya)	alsinidendron (genus Schiedea previously classified in genus Alsinidendron)	other scleranthid plant (other Sclerantheae)
ňzf	sperguleae	spurry/spurrey, stickwort (genus Spergula)	sea-spurrey/sandspurry (genus Spergularia)	other spergulid plant (genus Rhodalsine)
ňzfw	sileneae 1	catchfly, campion, gunpowder plant, silene, fire pink, Indian pink (genus Silene previously not classified in genus Lychnis)	catchfly, white cockle, Maltese cross, ragged robin, flower-of-Jove, campion (genus Silene previously classified in genus Lychnis)	corncockle, corn-pink (genus Agrostemma)
ňzfy	sileneae 2	falguera (genus Petrocoptis)	rose catchfly, rose of heaven (genus Eudianthe)	other silenid plant (other Sileneae)
ňzphw	caryophyllaceae	sandwort, golden moss/Irish moss (genus Arenaria)	strapwort (genus Corrigiola)	other caryophyllaceous plant (other Caryophyllaceae)
rntw	polygonoideae 1	rhubarb plant (genus Rheum)	buckwheat plant (genus Fagopyrum)	sorrel plant, dock (genus Rumex)
rnty	polygonoideae 2	knotweed, knotgrass, bindweed, birdweed/pigweed/lowgrass, wireweed, jointweed, tree hogweed, sandlace (genus Polygonum)	silver lace vine, russian vine/mile-a-minute vine/fleece vine/fleece flower, black-bindweed, copse bindweed/small-flower knotweed, climbing false buckwheat, Korean knotweed (genus Fallopia)	bistort, fleece flower, knotweed, mountain fleece (genus Bistorta)
rntl	polygonoideae 3	maidenhair vine, lignum, wirevine, wire weed, shrubby tororaro/wiggy-wig bush, muehlenbeckia (genus Muehlenbeckia)	lignum (genus Duma)	knotweed, wild-rhubarb (genus Koenigia)
rntr	polygonoideae 4	mountain sorrel/wood sorrel/alpine sorrel (genus Oxyria)	smartweed, knotweed, willow-weed, tearthumb, amphibious bistort, water-pepper, kiss-me-over-the-garden-gate/prince’s feather/princess-feather, arrowvine, Jesusplant/redshank, lady’s thumb, jumpseed, Chinese indigo/polygonum-indigo, persicaria (genus Persicaria)	other polygonoid plant (other Polygonoideae)
rntř	eriogonoideae 1	wild buckwheat (genus Eriogonum)	lovechain, Mexican coral vine/Mexican creeper, queen’s wreath/queen’s jewels/chain-of-love/coralvine/beebush/San Miguelito vine (genus Antigonon)	Indian Valley spineflower/Indian Valley spinecape (genus Aristocapsa)
rntf	eriogonoideae 2	redvine, Ladies’ eardrops, buckwheat vine (genus Brunnichia)	Thurber’s spineflower/red triangles (genus Centrostegia)	spineflower, Turkish rugging (genus Chorizanthe)
rntm	eriogonoideae 3	pigeonplum, seagrape, false chiggergrape (genus Coccoloba)	July gold (genus Dedeckera)	slender-horned spineflower (genus Dodecahema)
rntn	eriogonoideae 4	golden carpet (genus Gilmania)	yellow spinecap (genus Goodmania)	rabbit's purse (genus Harfordia)
rntç	eriogonoideae 5	false spikeflower (genus Hollisteria)	leather spineflower (genus Lastarriaea)	spineflower (genus Mucronea)
rnth	eriogonoideae 6	woollyhead/cottonhead (genus Nemacaulis)	oxytheca, round-leaf puncturebract (genus Oxytheca)	woodland threadstem/woodland pterostegia/fairy mist/fairy bowties (genus Pterostegia)
rnthw	eriogonoideae 7	Vortriede’s spineflower (genus Systenotheca)	ant tree, devil tree (genus Triplaris)	other polygonaceous plant (other Polygonaceae)
rnd	amaranthoideae 1	amaranth, greenstripe, pigweed, careless weed, Prince-of-Wales feather/prince’s feather, Joseph’s-coat, lovelies-bleeding/tassel flower (genus Amaranthus)	woolflower, cockscomb, Lagos spinach, quail grass, celosia (genus Celosia)	false chaff flower (genus Chamissoa)
rndw	amaranthoideae 2	kapok bush/desert cotton, mountain knotgrass (genus Aerva)	foxtail, pussy tail, lamb’s tail, mulla mulla (genus Ptilotus)	chaff flower (genus Achyranthes)
rndy	amaranthoideae 3	rockwort (genus Nototrichium)	other amaranthoid plant (other Amaranthoideae)	n/a
rmd	chenopodioideae 1	spinach plant (genus Spinacia)	quinoa, kañiwa, fat hen/white goosefoot plant, tree spinach (Chenopodium album, Chenopodium pallidicaule, Chenopodium quinoa, Chenopodium giganteum)	goosefoot, bluebush, chualar, lambsquarters, huauzontle (genus Chenopodium except Chenopodium album, Chenopodium pallidicaule, Chenopodium quinoa, Chenopodium giganteum)
rmdw	chenopodioideae 2	saltbush/orache plant (genus Atriplex)	California saltbush/California orache plant, San Joaquin saltbush/San Juaquin orache (genus Extriplex)	sea purslane (genus Halimione)
rmdy	chenopodioideae 3	goosefoot, blite, Good-King-Henry/poor-man’s asparagus/Lincolnshire spinach/markery/English mercur, stawberry blite/strawberry spinach, poverty weed, Indian lettuce (genus Blitum)	salt-green/sowbane/Australian-spinach (genus Chenopodiastrum)	red goosefoot/saltmarsh goosefoot, upright goosefoot, coastblite goosefoot, oak-leaved goosefoot (genus Oxybasis)
rmdl	chenopodioideae 4	Coville’s orach, Suckley’s orach (genus Stutzia)	hop sage, siltbush (genus Grayia)	manyseed goosefoot (genus Lipandra)
rmdr	chenopodioideae 5	small povertyweed/red povertyweed (genus Micromonolepis)	four-corners orach/Mancos shadscale (genus Proatriplex)	winterfat (genus Krascheninnikovia)
rmdř	chenopodioideae 6	epazote (Dysphania ambrosioides)	Jerusalem oak/sticky goosefoot/feathered geranium (Dysphania botrys)	wormseed, crumbwee, goosefoot (genus Dysphania except Dysphania ambrosioides, Dysphania botrys, Dysphania atriplicifolia)
rmdv	chenopodioideae 7	axyris, Russian pigweed (genus Axyris)	winged pigweed/tumble ringwing/plains tumbleweed (Dysphania atriplicifolia)	other chenopodioid plant (other Chenopodioideae)
rmv	beta vulgaris (beet) 1	beetroot plant/red beet (Beta vulgaris vulgaris 'Conditiva')	sugar beet plant (Beta vulgaris vulgaris 'Altissima')	Swiss chard plant (Beta vulgaris vulgaris 'Cicla', Beta vulgaris vulgaris 'Flavescens')
rmvw	beta vulgaris (beet) 2	mangelwurzel/mangold wurzel/mangold/mangel beet/fodder beet (Beta vulgaris vulgaris 'Crassa')	sea beet/wild spinach (Beta vulgaris maritima, Beta vulgaris adanensis)	other beet species (genus Beta except Beta vulgaris)
rmvy	betoideae	Caucasian spinach (genus Hablitzia)	aphanisma, San Diego coastalcreeper (genus Aphanisma)	other betoid plant (genera Oreobliton, Patellifolia, Acroglochin)
rmvl	camphorosmoideae 1	burningbush/belvedere/Mexican fireweed/Mexican firebush, kochia, prostrate summer-cypress, five-horn smotherweed/thorn orache, bassia (genus Bassia)	molly (genus Neokochia)	contorted smotherweed (genus Spirobassia)
rmvr	camphorosmoideae 2	barrier saltbush (genus Enchylaena)	bluebush (genus Maireana)	goathead burr, galvanized burr, tall bindii (genus Sclerolaena)
rmvř	camphorosmoideae 3	coast bonefruit (genus Threlkeldia)	other camphorosmoid plant (other Camphorosmoideae)	n/a
rmf	gomphrenoideae 1	globe amaranth (genus Gomphrena previously not classified in genus Blutaparon)	silverhead/silverweed/saltweed/samphire, Galapagos amaranth (genus Gomphrena previously classified in genus Blutaparon)	snakecotton (genus Froelichia)
rmfw	gomphrenoideae 2	bloodleaf, white snowplant, Texas shrub, Juba’s bush (genus Iresine)	joyweed, ruby leaf, little ruby, calico-plant, chaff-flower, washerwoman, sanguinarea, alligatorweed, rabbit-meat, Joseph’s coat (genus Alternanthera)	honeysweet, tidestromia (genus Tidestromia)
rmfy	gomphrenoideae 3	matweed (genus Guilleminea)	suma root/Brazilian ginseng (genus Pfaffia)	other gomphrenoid plant (other Gomphrenoideae)
rmfl	polycnemoideae	needleleaf (genus Polycnemum)	niterwort, boraxweed (genus Nitrophila)	trailing saltstar/trailing jointweed/trailing hemichroa, surreya (genera Hemichroa, Surreya)
rmfr	salicornioideae 1	glasswort, saltwort, marsh samphire, samphire greens/sea asparagus/sea beans (genus Salicornia previously not classified in genus Sarcocornia)	thickheaded glasswort, Australian samphire, Pacific swampfire/Pacific glasswort, Utah swampfire, chickenclaws/perennial glasswort (genus Salicornia previously classified in genus Sarcocornia)	shrubby glasswort, shrubby samphire/grey glasswort, large-articled samphire, bead glasswort/bead samphire, blackseed glasswort/blackseed samphire, mat samphire (genus Tecticornia)
rmfř	salicornioideae 2	iodine bush (genus Allenrolfea)	Parish’s glasswort (genera Arthrocaulon, Arthroceras)	other salicornioid plant (other Salicornioideae)
rmfm	salsoloideae 1	saltwort, barilla plant (genus Salsola previously not classified in genus Kali)	Russian thistle, Tartar thistle, windwitch, tumbleweed, prickly saltwort/prickly glasswort (genus Salsola previously classified in genus Kali)	saltlover, Aral barilla, halogeton (genus Halogeton)
rmfn	salsoloideae 2	saxaul (genus Haloxylon)	other salsoloid plant (Salsoloideae except genera Salsola, Halogeton, Haloxylon)	n/a
rmfň	amaranthaceae	bugseed, tickseed, tumbleweed, other corispermoid plant (genera Corispermum, Agriophyllum, Anthochlamys)	seepweed, seablite, iodine weed, bienertia (genera Suaeda, Bienertia)	n/a
rnx	aizoaceae 1	New Zealand spinach, dune spinach (Tetragonia tetragonioides, Tetragonia decumbens)	bower spinach, tetragonia (genus Tetragonia except Tetragonia tetragonioides, Tetragonia decumbens)	kanna/channa (genus Mesembryanthemum previously classified in genus Sceletium)
rnxw	aizoaceae 2	narrow-leafed ice plant (genus Conicosia)	Livingstone daisy/Buck Bay vygie (genus Cleretum)	giant jewel plant (genus Aloinopsis)
rnxl	aizoaceae 3	pigface, ice plant, sour fig, sea fig, beach banana (genus Carpobrotus)	pickle plant, ice plant (genus Delosperma)	round-leaved pigface/New Zealand iceplant/purple dewplant (genus Disphyma)
rnxr	aizoaceae 4	dew-flower, redondo creeper (genus Drosanthemum)	Karoo rose (genus Lapidaria)	mesemb (genus Malephora)
rnxm	aizoaceae 5	mouse-head (genus Muiria)	split rock, mimicry plant (genus Pleiospilos)	African purslane (genus Zaleya)
rnxn	aizoaceae 6	sea-purslane (genus Sesuvium)	desert horse purslane/black pigweed/giant pigweed (genus Trianthema)	other aizoaceous plant (other Aizoaceae)
rnzv	molluginaceae	carpetweed (genus Mollugo)	sweetjuice (genus Glinus)	other molluginaceous plant (Molluginaceae except genera Mollugo, Glinus)
fsk	cacteae 1	peyote, false peyote (genus Lophophora)	pincushion cactus/foxtail cactus (genus Pelecyphora)	button cactus (genus Epithelantha)
fskw	cacteae 2	golden barrel cactus, devil’s head/silverbell cactus/Turk’s head cactus, horsecrippler/devil’s pincushion, giant barrel cactus, cottontop cactus (genus Echinocactus)	redspine fishhook cactus/redspine butterfly cactus/needlespine pineapple cactus/red pineapple cactus/purple-spine viznagita/acuña cactus, Johnson’s beehive cactus/Johnson’s fishhook cactus, Lloyd’s fishhok cactus/golfball cactus/silver column cactus/Mariposa cactus (Sclerocactus johnsonii, Sclerocactus mariposensis)	sand dollar cactus/sea urchin cactus/star peyote, goat’s horn cactus, bishop’s cap cactus/bishop’s hat/bishop’s mitre cactus, monk’s hood cactus (genus Astrophytum)
fsky	cacteae 3	beehive cactus, sea urchin cactus/hedghog cory cactus/rhinoceros cactus, nipple beehive cactus, Pima pineapple, bunched cory cactus/whiskerbush (genus Coryphantha)	agave cactus/prism cactus (genus Leuchtenbergia)	pincushion, finger cactus, powder-puff pincushion, green fishhook cactus, owl’s eyes, mother of hundreds, strawberry cactus/California fishhook cactus, ladyfinger cactus, twin-spinded cactus, crested twin-spined cactus, Arizona fishhook cactus, nipple cactus, rattail cactus, feather cactus, red headed Irishman, bristle brush cactus, old lady cactus, mammillaria (genus Mammillaria except Mammillaria candida)
fskl	cacteae 4	snowball cactus (Mammillaria candida)	artichoke cactus (genus Obregonia)	Brady’s pincushion cactus/Brady’s hedghog cactus/Marble Canyon cactus, Despain’s cactus/San Rafael cactus, Knowlton’s miniature cactus/Knowlton’s minute cactus, Navajo pincushion cactus, Winkler’s cactus, gypsum cactus (genus Pediocactus)
fskr	cacteae 5	little barrel cactus (genus Sclerocactus except Sclerocactus johnsonii, Sclerocactus mariposensis)	brain cactus (genus Stenocactus)	other cactid plant (other Cacteae)
fskř	phyllocacteae 1	saguaro cactus (genus Carnegiea)	old man cactus (genus Cephalocereus)	hedgehog cactus, rainbow cactus, king cup cactus/claret cup cactus, green pitaya, Mojave mound cactus, ladyfinger cactus, dahlia cactus (genus Echinocereus)
fskf	phyllocacteae 2	snake cactus (genus Bergerocactus)	chiotilla/jiotilla (genus Escontria)	octopus cactus, creeping devil caterpillar cactus, dagger cactus, sour pitaya, organ pipe cactus (genus Stenocereus)
fskţ	phyllocacteae 3	bilberry cactus/whortleberry cactus/blue candle, candelabra cactus (genus Myrtillocactus)	Indian comb, totem cactus/senita cactus (genus Pachycereus)	desert nightblooming cereus, gearstem cactus (genus Peniocereus)
fskv	phyllocacteae 4	barbed-wire cactus (genus Acanthocereus)	lava cactus (genus Brachycereus)	candelabra cactus (genus Jasminocereus)
fskç	phyllocacteae 5	climbing cactus, orchid cactus, leaf cactus (genus Epiphyllum)	moonlight cactus (genus Selenicereus previously not classified in genus Hylocereus)	other phyllocactid plant (other Echinocereeae, Hylocereeae)
fskm	cereeae 1	lady of the night cactus, giant club cactus/hedge cactus (genus Cereus)	toothpick cactus (genus Stetsonia)	chin cactus (genus Gymnocalycium)
fskn	cereeae 2	Turk’s cap cactus (genus Melocactus)	tree cactus, pipe organ cactus (genus Pilosocereus)	old Peruvian man (genus Espostoa)
fskh	cereeae 3	hedgehog cactus, torch cactus, golden torch/golden column, Argentine saguaro, cardón, San Pedro cactus, sea-urchin cactus, Easter lily cactus, peanut cactus (genus Echinopsis)	dragon fruit (genus Selenicereus previously classified in genus Hylocereus)	other cereid cactus (other Cereeae)
fskhw	rhipsalideae	mistletoe cactus (genus Rhipsalis)	Christmas cactus, Thanksgiving cactus, crab cactus, holiday cactus, Easter cactus/Whitsun cactus, claw cactus (genus Schlumbergera)	other rhipsalid cactus (genera Rhipsalidopsis, Hatiora, Lepismium)
fsgw	opuntieae	prickly pear, old man’s whiskers/cowboy’s red whiskers, calico cactus, britttle cactus, Aaron’s beard cactus/semaphore cactus, bunny ears cactus/polka-dot cactus, creeping cactus, red buttons opuntia (genus Opuntia)	Florida semaphore cactus/semaphore pricklypear (genus Consolea)	other opuntiid cactus (Opuntieae except genera Opuntia, Consolea)
fsgy	cylindropuntieae	cholla bush (genus Cylindropuntia)	matted cholla/Parish club cholla, sagebrush cholla (genus Grusonia)	other cylindropuntiid cactus (Cylindropuntieae except genera Cylindropuntia, Grusonia)
fsgl	cactaceae	lemon vine, rose cactus, leaf cactus (genus Pereskia)	other cactus (other Cactaceae)	n/a
bvk	basellaceae	Malabar spinach/vine spinach/Ceylon spinach (genus Basella)	ulluco (genus Ullucus)	Madeira vine, other basellaceous plant (genera Anredera, Tournonia)
bvkw	didiereaceae	octopus tree (genus Didierea)	Madagascar ocotillo (genus Alluaudia)	other didiereaceous plant (genera Decarya, Alluaudiopsis, Portulacaria)
bvky	droseraceae	sundew (genus Drosera)	Venus flytrap (genus Dionaea)	waterwheel plant (genus Aldrovanda)
bvkl	drosophyllaceae & nepenthaceae	Portuguese sundew/dewy pine (genus Drosophyllum)	tropical pitcher plant/monkey cup (genus Nepenthes)	n/a
bvkr	montiaceae 1	miner’s lettuce, tadlily, water-blinks, montia (genus Montia)	purslane, redmaid, parakeelya (genus Calandrinia)	pussypaws, sandcress (genus Cistanthe)
bvkř	montiaceae 2	spring beauty, winter purslane, Indian lettuce,  grass-flower/fairy spud, claytonia (genus Claytonia)	lewisia, cliff maids, bitter-root (genus Lewisia)	Tweedy’s pussypaws/Tweedy’s lewisia/Tweedy’s bitterroot (genus Lewisiopsis)
bvkţ	montiaceae 3	lyallia cushion (genus Lyallia)	fameflower, rock rose, rock pink, sand pink, sunbright (genus Phemeranthus)	other montiaceous plant (other Montiaceae)
bvkf	nyctaginaceae 1	bougainvillea, paperflower (genus Bougainvillea)	brittle thorn (genus Phaeoptilum)	sandpuff, sand-verbena (genus Tripterocalyx)
bvkv	nyctaginaceae 2	four-o’clock, marvel of Peru, desert wishbone-bush, umbrella wort, maravilla (genus Mirabilis)	abronia, sand-verbena, heart’s delight, prairie snowball/fragrant verbena, coastal (genus Abronia)	trumpets, desert moonpod (genus Acleisanthes)
bvkç	nyctaginaceae 3	windmills, trailing four o’clock (genus Allionia)	ringstem (genus Anulocaulis)	rling, alena, windflower, climbing wartclub/wishbone vine, alena, boerhavia (genus Boerhavia)
bvkh	nyctaginaceae 4	catchbirtree, pullback, devil’s-claws, water mampoo, birdcatcher tree, birlime tree (genus Pisonia)	nia, neea, saltwood (genus Neea)	other nyctaginaceous plant (other Nyctaginaceae)
bvkm	petiveriaceae	pigeonberry/rougeplant/baby peppers/bloodberry/coralito (genus Rivina)	hoopvine/black basket wythe/cooper’s wythe/basket wiss/basket with/hoop with (genus Trichostigma)	other petiveriaceous plant (Petiveriaceae except genera Rivina, Trichostigma)
bvkn	phytolaccaceae	pokeweed, poke, pokebush, pokeberry, pokeroot, poke sallet, red inkplant, inkberry (genus Phytolacca)	rockroot (genus Agdestis)	other phytolaccaceous plant (genera Anisomeria, Ercilla, Nowickea)
bvm	plumbaginaceae 1	leadwort, plumbago, doctorbush, whorled plantain (genus Plumbago)	leadwort, plumbago (genus Ceratostigma)	thrift, lady’s cushion/sea pink (genus Armeria)
bvmw	plumbaginaceae 2	sea-lavender, tree limonium, statice, caspia, marsh-rosemary (genus Limonium)	other plumbaginaceous plant (other Plumbaginaceae)	n/a
bvn	caryophyllales 1	sea heath, alkali heath, Saint Helena tea, frankenia (genus Frankenia)	jumby pepper (genus Microtea)	purslane, pigweed, ‘ihi (genus Portulaca)
bvnw	caryophyllales 2	greasewood/seepwood/saltbush (genus Sarcobatus)	jojoba/goat nut/deer nut/pignut/wild hazel/quinine nut/coffeeberry/gray box bush (genus Simmondsia)	other caryophyllales plant (other Caryophyllales)
cxn	berberidopsidales	montane tape vine, Chilean coral plant, streptothamnus (genera Berberidopsis, Streptothamnus)	olivillo/aceitunillo tree (genus Aextoxicon)	n/a
lfw	santalaceae 1	sandalwood, quandong, native peach, ‘iliahi (genus Santalum)	bastard toadflax, comandra (genus Comandra)	false toadflax/northern comandra (genus Geocaulon)
lfy	santalaceae 2	mistletoe (genus Viscum)	mistletoe (genus Phoradendron)	dwarf mistletoe (genus Arceuthobium)
lfl	santalaceae 3	piratebush (genus Buckleya)	sour bush (genus Choretrum)	ballart, grass tree, dwarf cherry, slender cherry, broad-leaved cherry, cypress cherry, jointed cherry (genus Exocarpos)
lfr	santalaceae 4	korthal mistletoe (genus Korthalsella)	currant bush (genus Leptomeria)	leechbrush/conjurer’s-nut/Indian olive/nestronia (genus Nestronia)
lfř	santalaceae 5	osyris, Cape sumach, wild tea plant, African sandalwood (genus Osyris)	meadowflax (genus Thesium)	other santalaceous plant (other Santalaceae)
lfs	loranthaceae 1	showy mistletoe (genus Loranthus)	Banksia mistletoe/coast mistletoe, Cypress-pine mistletoe, creeping mistletoe, hoop pine mistletoe myrtle-leaved mistletoe (genus Muellerina)	pincushion mistletoe, stalked mistletoe, wireleaf mistletoe, drooping mistletoe (genus Amyema)
lfš	loranthaceae 2	moodjar, Australian Christmas tree (genus Nuytsia)	Louisa's mistletoe (genus Atkinsonia)	parrot-flower (genus Psittacanthus)
lfţ	loranthaceae 3	harlequin mistletoe, Mulga mistletoe, Northern mistletoe (genus Lysiana)	red mistletoe (genus Peraxilla)	parasite honeysuckle (genus Macrosolen)
lfx	loranthaceae 4	long-flowered mistletoe/apostle mistletoe, orang mistletoe (genus Dendrophthoe)	African mistletoe (genus Agelanthus)	other showy mistletoe (other Loranthaceae)
lfm	balanophoraceae 1	coral plant, fungus root (genus Balanophora)	wood rose (genus Dactylanthus)	ground pineapple (genus Thonningia)
lfn	balanophoraceae 2	hechettea (genus Hachettea)	other balanophorid plant (other Balanophoraceae)	n/a
lfň	santalales	feathery mistletoe (genus Misodendrum)	arana, schoepfia (genera Arjona, Quinchamalium, Schoepfia)	other santalales plant (Olacaceae, Opiliaceae)
lšw	saxifragaceae 1	saxifrage, rockfoil, Dovedale moss, Madeira breakstone, fair maids of France, spider plant, Saint Patrick’s cabbage, strawberry geranium, London pride (genus Saxifraga)	saxifrage, brook lettuce (genus Micranthes)	alumroot, jill-of-the-rocks, jack-o’the-rocks, coral bells (genus Heuchera)
lšy	saxifragaceae 2	golden saxifrage (genus Chrysosplenium)	false goat’s beard, false spirea (genus Astilbe)	strawberry saxifrage (genus Saxifragopsis)
lšl	saxifragaceae 3	foamflower (genus Tiarella)	youth on age/pick-a-back-plant/piggyback plant/thousand mothers (genus Tolmiea)	brookfoam, boykinia (genus Boykinia)
lšr	saxifragaceae 4	coolwort (genus Sullivantia)	false coolwort (genus Bolandra)	jepsonia (genus Jepsonia)
lšř	saxifragaceae 5	woodland star (genus Lithophragma)	miterwort, bishop's cap (genus Mitella)	fringecups (genus Tellima)
lšf	saxifragaceae 6	elephant’s ears/elephant-eared saxifrage, gergenia, pigsqueak/Siberian tea/Mongolian tea (genus Bergenia)	Indian rhubarb/umbrella plant (genus Darmera)	Oregon bensoniella (genus Bensoniella)
lšţ	saxifragaceae 7	Japanese foam flower (genus Tanakaea)	other saxifragaceous plant (other Saxifragaceae)	n/a
lšm	grossulariaceae 1	redcurrant (Ribes rubrum)	white currant (cultivar of Ribes rubrum)	blackcurrant (Ribes nigrum)
lšn	grossulariaceae 2	gooseberry (Ribes uva-crispa)	jostaberry (Ribes × nidigrolaria)	golden currant/clove currant/pruterberry/buffalo currant (Ribes aureum)
lšň	grossulariaceae 3	ornamental currant/gooseberry plant (ornamental genus Ribes)	wild currant/gooseberry plant (wild/non-cultivated genus Ribes)	n/a
lšv	crassulaceae 1	jade plant, pygmyweed, silver dollar plant, rattlesnake tail, stonecrop, silver beads, crassula, tailor’s patch, watch chain/lizard’s tail/zipper plant, string of buttons, red carpet, rosary plant/kebab bush/concertina plant (genus Crassula)	stonecrop, orpine, wallpepper, prick-madam/tripmadam (genus Sedum)	mock stonecrop (genus Sedella)
lšx	crassulaceae 2	velvet leaf/felt plant/felt bush, flaming katy/Madagascar widow’s-thrill, devil’s backbone/Mexican-hat plant, donkey ears/life plant, penwiper, paddle plant, silver teaspoons, pies from heaven, flapjacks/desert cabbage/white lady, chandelier plant/mother of millions (genus Kalanchoe)	adromischus, calico hearts (genus Adromischus)	silver crown/silver ruffles, pig’s ear/rounded-leafed navel-wort, bear’s paw (genus Cotyledon)
lšfw	crassulaceae 3	stonecrop, live-forever, livelong/frog’s-stomach/life-everlasting/midsummer-men/harping Johnny/orphan John/witch’s moneybags (genus Hylotelephium)	redpod stonecrop/queen’s crown, golden root/rose root/Aaron’s rod/Arctic root/king’s crown/orpin rose, western roseroot/ledge stonecrop (genus Rhodiola)	Venus’ navel, navelwort, gold drop, umbilicus (genus Umbilicus)
lšfy	crassulaceae 4	houseleek, liveforever, hen and chicks, Jupiter’s beard (genus Sempervivum)	hen-and-chickens, rolling hen-and-chicks (genus Jovibarba)	tree houseleek (genus Aeonium)
lšţw	crassulaceae 5	dudleya, live-forever, sea lettuce, fingertips, alabaster plant (genus Dudleya)	echeveria, Mexican hens-andchicks, Mexican firecracker, desert savior, painted lady, Mexican snowball/Mexican gem/white Mexican rose (genus Echeveria)	leatherpetal, lavender pebbles/jewel-leaf plant, mother of pearl plant/ghost plant (genus Graptopetalum)
lšţy	crassulaceae 6	sugar-almond plant, moonstone, pachyphytum (genus Pachyphytum)	other crassulaceous plant (other Crassulaceae)	n/a
lšš	haloragaceae 1	seaberry, haloragis (genus Haloragis)	raspwort (genus Gonocarpus)	golden pennants, popflower (genus Glischrocaryon)
lšxw	haloragaceae 2	water-milfoil, parrot’s-feather (genus Myriophyllum)	mermaid-weed (genus Proserpinaca)	other haloragid plant (genera Haloragodendron, Laurembergia, Meionectes, Trihaloragis)
lšvw	hamamelidaceae 1	witch-hazel, winterbloom (genus Hamamelis)	witch alder, fothergilla (genus Fothergilla)	Persian ironwood, Chinese ironwood (genus Parrotia)
lšvy	hamamelidaceae 2	winter-hazel (genus Corylopsis)	Hong Kong rose (genus Rhodoleia)	other hamamelidaceous plant (other Hamamelidaceae)
lšmw	saxifragales 1	sweetspire, pterostemon (genus Itea, Pterostemon)	gum vine (genus Aphanopetalum)	peony (genus Paeonia)
lšmy	saxifragales 2	sweetgum/stargum, redgum, satin-walnut, americn storax (genus Liquidambar)	katsura (genus Cercidiphyllum)	other saxifragales plant (Tetracarpaeaceae, Penthoraceae, Daphniphyllaceae, Peridiscaceae, Cynomoriaceae)
ţn	vitis (grapevine)	🍇 European grapevine (Vitis vinifera)	grapevine (culinary/cultivated genus Vitis except Vitis vinifera)	wild/ornamental grapevine (wild/ornamental genus Vitis)
rţn	vitaceae 1	grape ivy, rex begonia vine, veldt grape, Arabian wax ivy, possum-grape, princess vine (genus Cissus)	Virginia creeper, silver vein creeper, diverse-leaved creeper, Boston ivy, thicket creeper (genus Parthenocissus)	peppervine, porcelainberry (genus Ampelopsis)
rţnw	vitaceae 2	birdfoot grapevine, bushkiller, water vine, bush grape (genera Cayratia, Causonis)	mapou tree, Jutta's botterboom, laza grape, butter-tree (genus Cyphostemma)	other vitaceous plant (other Vitaceae)
žk	brassica oleracea 1	🥦 broccoli plant (Brassica oleracea var. italica)	cauliflower, romanesco, or broccoflower plant (Brassica oleracea var. botrytis)	Chinese broccoli plant/gai lan, broccolini hybrid (Brassica oleracea var. alboglabra)
žkw	brassica oleracea 2	cabbage plant (Brassica oleracea var. capitata)	brussel sprout plant (Brassica oleracea var. gemmifera)	kohlrabi plant (Brassica oleracea var. gongylodes)
žky	brassica oleracea 3	kale plant (Brassica oleracea var. acephala)	collard plant (Brassica oleracea var. viridis)	spring greens (Brassica oleracea var. acephala 'Spring greens')
žkl	brassica oleracea 4	savoy cabbage plant (Brassica oleracea var. sabauda)	rutabaga plant (Brassica napus var. napobrassica)	ornamental kale (other Brassica oleracea)
žkr	brassica rapa 1	turnip plant (Brassica rapa var. rapa)	Napa cabbage plant (Brassica rapa var. pekinensis)	bok choy (Brassica rapa var. chinensis)
žkř	brassica rapa 2	field mustard plant (Brassica rapa var. oleifera)	rapini/broccoli rabe plant (Brassica rapa var. ruvo)	komatsuna plant/Japanese mustard spinach (Brassica rapa var. perviridis)
žkţ	brassica rapa 3	mizuna (Brassica rapa var. niposinica)	choy sum/flowering cabbage (Brassica rapa var. parachinensis)	rapeseed/canola (Brassica napus var. napus)
žkh	brassica 1	brown mustard, wrapped heart mustard cabbage (Brassica juncea)	white mustard (Sinapis alba)	black mustard (Rhamphospermum nigrum)
žkç	brassica 2	Siberian kale (Brassica napus var. pabularia)	tatsoi (Brassica rapa var. narinosa)	other brassica plant (other genus Brassica)
žkf	brassiceae 1	radish plant, daikon (genus Raphanus)	watercress plant (genus Nasturtium)	arugula/rocket plant (genus Eruca)
žkv	brassiceae 2	wasabi plant (genus Eutrema)	garden cress, field cress/field pepperweed/field pepperwort, maca/Peruvian ginseng (genus Lepidium except Lepidium didymum, Lepidium coronopus)	wild arugula/perennial wall-rocket (genus Diplotaxis)
žkm	brassiceae 3	dogmustard (genus Erucastrum)	star mustard, Isle of Man cabbage, wallflower cabbage, Lundy cabbage (genus Coincya)	shortpod mustard/buchanweed/hoary mustard/Mediterranean mustard (genus Hirschfeldia)
žkn	brassiceae 4	bastard cabbage (genus Rapistrum)	searocket (genus Cakile)	other brassicid plant (other Brassiceae)
žgw	thelypodieae 1	thelypody (genus Thelypodium)	winged rockcress (genus Sibara)	Hammitt's clay-cress (Streptanthus hammittii)
žgy	thelypodieae 2	twistflower, jewelflower, shieldplant (genus Streptanthus except Streptanthus hammittii)	longbeack streptanthella (genus Streptanthella)	waxfruit mustard/toad-flax cress/shrubby reed-mustard/Uinta Basin waxfruit (Hesperidanthus suffrutescens)
žgl	thelypodieae 3	cliffdweller (Hesperidanthus jaegeri)	jewelflower, wild cabbage (genus Caulanthus)	fringepod, lacepod (genus Thysanocarpus)
žgr	thelypodieae 4	prince’s plume (genus Stanleya)	Falkland rock-cress (genus Phlebolobium)	other thelypodiid plant (other Thelypodieae)
žgř	cardamineae 1	winter cress/yellow rocket, land cress/American cress/bank cress/black wood cress/Bermuda cress/scurvy cress/upland cress/creasy greens, bittercress/herb barbara/rocketcress/winter rocket/wound rocket (genus Barbarea)	horseradish (genus Armoracia)	toothwort, bittercress (genus Cardamine)
žgv	cardamineae 2	gladecress (genus Leavenworthia)	purplerocket (genus Iodanthus)	yellowcress (genus Rorippa)
žgḑ	cardamineae 3	selenia (genus Selenia)	planodes (genus Planodes)	other cardaminid plant (other Cardamineae)
žfw	brassicaceae 1	woad/dyer’s woad/glastum/Asp of Jerusalem (genus Isatis)	tansy-leaved rocket (genus Hugueninia)	pennycress (genus Thlaspi)
žfy	brassicaceae 2	hare’s ear mustards (genus Conringia)	honesty (genus Lunaria)	rockcress (genus Arabis)
žfl	brassicaceae 3	sandweed (genus Athysanus except Athysanus unilateralis)	whitlow-grass (genus Draba)	ladiestongue mustard (Athysanus unilateralis)
žfr	brassicaceae 4	scurvy-grass, spoonwort (genus Cochlearia)	dame’s rocket/damask-violet/dame’s-violet/dames-wort/gilliflower/summer lilac/mother-of-the-evening, hesperis (genus Hesperis)	wallflower (genus Erysimum)
žfř	brassicaceae 5	candytuft (genus Iberis)	shepherdscress (genus Teesdalia)	scalepod/oldstem idahoa (genus Idahoa)
žvw	brassicaceae 6	swinecress, wartcress (Lepidium didymum, Lepidium coronopus)	tansymustard (genus Descurainia)	awlwort (genus Subularia)
žvy	brassicaceae 7	rockcress (genus Arabidopsis)	rockcress (genus Boechera)	cusickiella (genus Cusickiella)
žvl	brassicaceae 8	daggerpod, phoenicaulis (genus Phoenicaulis)	daggerpod (genus Anelsonia)	fissurewort (genus Halimolobos)
žvr	brassicaceae 9	twinpod, bladderpod (genus Physaria)	shieldpod (genus Dithyrea)	bladderpod (genus Paysonia)
žvř	brassicaceae 10	stonecress (genus Aethionema)	false madwort (genus Berteroa)	other brassicaceous plant (other Brassicaceae)
žžp	capparaceae 1	caper bush/caper shrub, karir/kirir, wild orange, devil’s guts, wild passionfruit, mabinlang (genus Capparis except Capparis anomala)	shepherd tree, hanza (genus Boscia)	swartstorm, cadaba (genus Cadaba)
žžpw	capparaceae 2	warrior bush/broom bush (Capparis anomala)	three-finger bush (Crateva kirkii)	sacred barna, sacred garlic pear/temple plant (genus Crateva except Crateva kirkii)
žžpy	capparaceae 3	rough-skinned bush cherry (genus Maerua)	other capparaceous plant (other Capparaceae)	n/a
žžpl	cleomaceae 1	spider flower, spider plant, spiderwisp/cat’s whiskers/African cabbage, justago, cleome, mouse whiskers, bladderpod/burro-fat, bee plant, Navajo spinach/stinking-clover/skunk weed/beeweed/guaco, tick weed (genus Cleome)	cleomella, stinkweed (genus Cleomella except Cleomella oxystyloides, Cleomella refracta)	spiny caper (Cleomella oxystyloides)
žžpr	cleomaceae 2	clammyweed (genus Polanisia)	spactacle fruit, jackass clover (Cleomella refracta)	n/a
žžpř	resedaceae	mignonette, weld, dyer’s rocket, bastard rocket (genus Reseda)	other resedaceous plant (Resedaceae except genus Reseda)	n/a
žžpf	gyrostemonaceae	camel poison, corkybark (genus Gyrostemon)	bell-fruit tree, camel poison (genus Codonocarpus)	button creeper, other gyrostemonaceous plant (Gyrostemonaceae except genera Gyrostemon, Codonocarpus)
žžpţ	caricaceae	papaya/pawpaw (genus Carica)	mountain papaya/mountain pawpaw, babaco tree (genus Vasconcellea)	other caricaceous plant (Caricaceae except genera Carica, Vasconcellea)
žžpç	limnanthaceae	white meadowfoam (Limnanthes alba)	meadowfoam (genus Limnanthes except Limnanthes alba)	false mermaid, floerkea (genus Floerkea)
žžpļ	salvadoraceae	toothbrush tree, mustard tree (genus Salvadora)	azima, bee sting bush (genus Azima)	dobera (genus Dobera)
žžps	brassicales 1	turnipwood, bretschneidera (genera Akania, Bretschneidera)	turtleweed/saltwort/beachwort/pickleweed (genus Batis)	crown of thorns/allthorn/crucifixion thorn (genus Koeberlinia)
žžpš	brassicales 2	drumstick tree/horseradish tree/ben oil tree/benzolive tree, bottle tree, moringa (genus Moringa)	nasturtium/nasturtian, canary creeper, flame flower, three-coloured Indian cress, mashua (genus Tropaeolum)	other brassicales plant (genera Tovaria, Pentadiplandra, Emblingia, Setchellanthus, Tiganophyton)
lck	malvoideae 1	mallow, cheeseweed/cheeseplant (genus Malva previously not classified in genus Lavatera)	hollyhock, alcea (genus Alcea)	marshmallow, hemp-leaved hollyhock (genus Althaea)
lckw	malvoideae 2	tree-mallow (genus Malva previously classified in genus Lavatera)	globe-mallow, wild hollyhock, Peter’s mountain mallow (genus Iliamna)	bush-mallow, chaparral mallow (genus Malacothamnus)
lcky	malvoideae 3	Indian mallow, room maple/parlor maple/flowering maple, abutilon, Indian lantern-flower/monkeybush, desert Chinese-lantern, butterprint/abutilon-hemp/China-jute/velvetleaf (genus Abutilon)	velvetleaf (genus Wissadula)	false Indianmallow (genus Allowissadula)
lckl	malvoideae 4	bladder mallow, curly abutilon (genus Herissantia)	bigleaf akrosida (genus Akrosida)	scurfy mallow, alkali mallow, arrowleaf mallow (genus Malvella)
lckr	malvoideae 5	globemallow, desertmallow, false mallow (genus Sphaeralcea)	white mallow, Parry’s mallow, desert five-spot (genus Eremalche)	glade mallow (genus Napaea)
lckř	malvoideae 6	poppy mallow, winecup (genus Callirhoe)	checkerbloom, checkermallow, prairie mallow, miniature hollyhock, sidalcea (genus Sidalcea)	anoda, violetta (genus Anoda)
lckf	malvoideae 7	houhere, lacebark, ribbonwood, New Zealand mallow (genus Hoheria)	lawrencia, dunna dunna (genus Lawrencia)	mallow-wort/purple Spanish mallow, malope (genus Malope)
lckţ	malvoideae 8	bristly-fruited mallow/Carolina bristlemallow/babosilla/redflower mallow (genus Modiola)	hemp bush, aboriginal hemp (genus Gynatrix)	velvetmallow (genus Horsfordia)
lckç	malvoideae 9	cotton plant (genus Gossypium)	treecotton (genus Kokia)	portia tree/Pacific rosewood/milo, maga (genus Thespesia)
lckm	malvoideae 10	okra, musk mallow, abelmosk/ambrette/musk okra/rose mallow (genus Abelmoschus)	hibiscus, rosemallow, rosella, comfortroot, roselle, foulsapate marron, mahoe, mandrinette, pale face, flower-of-an-hour, rose of sharon (genus Hibiscus)	seashore mallow/sweat weed/saltmarsh mallow (genus Kosteletzkya)
lckn	malvoideae 11	wax mallow/Turkcap/Turk’s turban/ladies teardrop/Scotchman’s purse, Turk’s cap mallow, sleeping hibiscus, mazapan (genus Malvaviscus)	swampmallow, gingerbush, pavonia (genus Pavonia)	pyramid tree/Norfolk Island hibiscus/Queensland white oak/sally wood/itchy bomb tree/cow itch tree (genus Lagunaria)
lckh	malvoideae 12	desert rose mallow/bush hibiscus (genus Radyera)	hau kuahiwi (genus Hibiscadelphus)	n/a
lckhw	malvoideae 13	coastal hibiscus, lilac hibiscus, sand hibiscus (genus Alyogyne)	other malvoid plant (other Malvoideae)	n/a
lčk	bombacoideae 1	silk cotton tree, red cotton tree, kapok-tree, bombax (genus Bombax)	devil’s hand tree/monkey’s hand tree/Mexican hand tree/hand-flower (genus Chiranthodendron)	flannel bush, fremontia (genus Fremontodendron)
lčkw	bombacoideae 2	balsa tree/balsa wood tree (genus Ochroma)	Malabar chestnut tree/French peanut tree/Provision tree, saba nut, pochote (genus Pachira)	soroche, shaving brush tree (genus Pseudobombax)
lčky	bombacoideae 3	south American sapote/chupa-chupa, wild palm, swizzlestick tree (genus Quararibea)	other bombacoid plant (other Bombacoideae)	n/a
lčkl	helicteroideae 1	durian tree (genus Durio)	Indian screw tree (genus Helicteres)	krepal, durian tuang (genus Kostermansia)
lčkr	helicteroideae 2	African whitewood tree (genus Triplochiton)	other helicteroid tree (other Helicteroideae)	n/a
lčkř	brownlowioideae	trincomalee wood tree (genus Berrya)	other brownlowioid plant/tree (Brownlowioideae except genus Berrya)	n/a
lčkf	dombeyoideae	dombeya, pinkball/tropical hydrangea, dikba/South African wild pear, bois bete (genus Dombeya)	noon flower (genus Pentapetes)	other dombeyoid plant (Dombeyoideae except genera Dombeya, Pentapetes)
lčkţ	sterculioideae 1	tropical chestnut, sterculia, Panama tree/manduvi tree, mopopaja tree, bastard poon tree/wild almond tree, China chestnut/seven sister’s fruit, lowveld chestnut, gorarbar, ulumbu tree, gulu, broad-leaved bottle tree (genus Sterculia)	kola tree/kola nut, hairy cola/Zulu coshwood (genus Cola)	kurrajong, couramyn, illawarra flame tree, lacebark tree, bottletree (genus Brachychiton)
lčkç	sterculioideae 2	tulip sterculia/tulip kurrajong/cabbage crowsfoot (genus Franciscodendron)	booyong, tulip oak, crowsfoot, blackjack (genus Argyrodendron)	buddha coconut, koto (genus Pterygota)
lčkm	sterculioideae 3	looking-glass mangrove, dungon (genus Heritiera)	malva nut tree/Taiwan sweet gum tree (genus Scaphium)	other sterculioid plant/tree (other Sterculioideae)
lčkn	grewioideae	falsa/phalsa, crossberry, emu-berry/dog’s balls/turkey bush/diddle diddle/dysentery bush (genus Grewia)	burbark, Chinese bur (genus Triumfetta)	other grewioid plant (Grewioideae except genera Grewia, Triumfetta)
lčkh	tilioideae	linden/lime tree/limebush/basswood (genus Tilia)	other tilioid plant/tree (genera Craigia, Mortoniodendron)	n/a
lčkhw	byttnerioideae 1	cacao tree/cocoa tree (genus Theobroma)	kerrawang (genus Commersonia)	devil's cotton (genus Abroma)
lčks	byttnerioideae 2	sleepy morning (genus Waltheria)	grey felt-bush (genus Hannafordia)	crinkle-leaved firebush (genus Seringia)
lčkš	byttnerioideae 3	velvet bush, lasiopetalum (genus Lasiopetalum)	ayenia (genus Ayenia)	other byttnerioid plant (other Byttnerioideae)
lct	cistaceae 1	rockrose, cistus (genus Cistus previously not classified in genus Halimium)	basil-leaved rock rose, woolly rock rose/false sun-rose, halimium (genus Cistus previously classified in genus Halimium)	needle sunrose (genus Fumana)
lctw	cistaceae 2	rock rose/sunrose/rushrose/frostweed (genus Helianthemum)	peak rockrose/peak rushrose, low rockrose/low frostweed, island rush-rose, bushy rockrose/bushy frostweed, rock frost/frostplant/frostwort/Canada frost weed/longbranch frostweed (genus Crocanthemum)	goldenheather/povertygrass (genus Hudsonia)
lcty	cistaceae 3	spotted rock-rose/annual rock-rose (genus Tuberaria)	pinweed (genus Lechea)	pakaraimaea (genus Pakaraimaea)
lctl	thymelaeaceae 1	sparrow-wort, spurge flax (genus Thymelaea)	daphne, garland flower, Nepalese paper plant, spurge-laurel, spurge olive/mezereum/mezereon (genus Daphne)	lacebark tree/gauze tree (genus Lagetta)
lctr	thymelaeaceae 2	leatherwood/moosewood/ropebark/wicopy (genus Dirca)	false ohelo (genus Wikstroemia)	rice flower, bootlace bush, taranga, scrub kurrajong, pinatoro, New Zealand daphne/Strathmore weed, bunjong, banjine, Flinders poppy, pimelea (genus Pimelea)
lctř	thymelaeaceae 3	ramin, melawis (genus Gonystylus)	crocodile eaglewood/gaharu buaya (genus Aetoxylon)	lign-aloes tree (genus Aquilaria, Gyrinops)
lctf	thymelaeaceae 4	God’s crown/pau (genus Phaleria)	other thymelaeaceous plant/tree (other Thymelaeaceae)	n/a
lctç	dipterocarpaceae 1	keruing, gurjan (genus Dipterocarpus)	chengal (genus Neobalanocarpus)	lauan, Philippine mahogany (genus Shorea)
lctļ	dipterocarpaceae 2	white seraya/white lauan (genus Parashorea)	white dammar (genus Vateria)	other dipterocarpaceous plant/tree (other Dipterocarpaceae)
lcth	bixaceae	achiote, lipstick tree (genus Bixa)	yellowshow, Santa Rita throwup weed (genus Cochlospermum previously classified in genus Amoreuxia)	yellow cotton tree, kapok, diegodendron (genera Cochlospermum, Diegodendron previously not classified in genus Amoreuxia)
lcthw	malvales	calabur tree/capulin/Jamaica cherry/Panama berry/Singapore cherry/West Indian cherry/ornamental cherry/jamfruit tree, neotessmannia, dicraspidia (genera Muntingia, Neotessmannia, Dicraspidia)	other malvales plant/tree (Cytinaceae, Neuradaceae, Sarcolaenaceae, Sphaerosepalaceae)	n/a
vst	hippocastanoideae	maple tree, box elder tree, moosewood, sycamore (genus Acer)	horse chestnut, buckeye (genus Aesculus)	other hippocastanoid plant/tree (genera Billia, Dipteronia, Handeliodendron)
vstw	sapindoideae 1	lychee tree (genus Litchi)	longan, alupag (genus Dimocarpus)	rambutan, korlan, pulasan (genus Nephelium)
vsty	sapindoideae 2	blighia tree, ackee fruit tree (genus Blighia)	titberry, bastard taaibos, dune false crowberry/dune false currant (genus Allophylus)	native tamarind, small-leaved tamarind (genus Diploglottis)
vstl	sapindoideae 3	mamoncillo/Spanish lime/genip/quenette/limoncillo (genus Melicoccus)	pitomba tree (genus Talisia)	hairy bird’s eye/hairy alectryon, boonaree, titoki, beach bird’s eye (genus Alectryon)
vstr	sapindoideae 4	glossy tamarind (genus Guioa)	brown tamarind (genus Castanospora)	jacket plum/indaba tree/bushveld cherry (genus Pappea)
vstř	sapindoideae 5	soapberry/soapnut (genus Sapindus)	foambark/ferntree/pink foambark/ferntop/pink tamarind, daintree foambark (genus Jagera)	woolly bush apple (genus Mischocarpus)
vstf	sapindoideae 6	steelwood tree/corduoy (genus Sarcopteryx)	blunt-leaved steelwood, cape tamarind (genus Toechima)	Mexican buckeye (genus Ungnadia)
vstç	sapindoideae 7	coogera (genus Arytera)	other sapindoid plant/tree (other Sapindoideae)	n/a
psxw	dodonaeoideae 1	hop-bush (genus Dodonaea)	pepperflower (genus Diplopeltis)	tulipwood (genus Harpullia)
psxl	dodonaeoideae 2	ferntree/fern leaf tree (genus Filicium)	scaly ash/scaly bark ash/Daintree hickory/honeywood (genus Ganophyllum)	inkwood/white ironwood (genus Hypelate)
psxr	xanthoceroideae & other dodonaeoideae	velvet-fruited zanha (genus Zanha)	other dodonaeoid plant/tree (other Dodonaeoideae)	yellowhorn/shiny leaf yellowhorn/goldenhorn/Chinse flowering chestnut (genus Xanthoceras)
mfkw	rutoideae 1	rue (genus Ruta)	bushrue (genus Cneoridium)	desert rue, turpentinebroom, sandboegoe (genus Thamnosma)
mfky	rutoideae 2	burning bush/dittany/gas plant/fraxinella (genus Dictamnus)	buchu (genus Macrostylis)	Cape chestnut (genus Calodendrum)
mfkl	rutoideae 3	diosma, confetti bush, buchu, boegoe, Cape May (genera Diosma, Coleonema)	buchu, China flower (genus Adenandra)	buchu/boegoe/bucco/bookoo/diosma (genus Agathosma)
mfkr	rutoideae 4	angostura (genus Angostura)	esenbeckia, jopoy, limoncillo, crucecilla, coya/cuala-cuala, hueso de tigre, gasparillo (genus Esenbeckia)	jaborandi (genus Pilocarpus)
mfkř	rutoideae 5	boronia, native rose, granite rose (genus Boronia)	whitey wood/wirewood, yellow satinheart/bonewood (genus Acradenia)	starbush (genus Asterolasia)
mfkf	rutoideae 6	karri oak/chorilaena (genus Chorilaena)	correa, Dunally correct, native fuschia (genus Correa)	crowea, waxflower (genus Crowea)
mfkţ	rutoideae 7	Yanchep rose, wild rose, diplolaena (genus Diplolaena)	pink wax flower (genus Eriostemon)	Microcybe (genus Microcybe)
mfkç	rutoideae 8	nematolepis, satinwood/lancewood/bobie bobie/satin box (genus Nematolepis)	phebalium, St. Helens wax flower (genus Phebalium)	zieria, twiggy midge bush, stinkbush (genus Zieria)
mfkm	rutoideae 9	prickly ash, toothache, yellowwood, Chinese pepper/Sichuan pepper, Hercules’ club/pepperbark, coco/cochucho/smelly sauco, forest knobwood, West Indian satinwood, yellow prickle, Japanese pepper/Korean pepper/chopi, Indian pepper/Indian ivy-rue, niaragato, zanthoxylum (genus Zanthoxylum except Zanthoxylum asiaticum)	euodia/evodia/bee bee tree (genus Tetradium)	Hawai’i pilo kea (Melicope remyi, Melicope rostrata)
mfkn	rutoideae 10	pitao/pitran (genus Pitavia)	penta ash/bastard crows ash/black teak (genus Pentaceras)	Japanese orixa/East Asian orixa (genus Orixa)
mfks	rutoideae 11	doughwood/corkwood, melicope, pelea, wharangi, poataniwha, Maui ruta, catafaille, ‘alani, mokihana (genus Melicope except Melicope remyi, Melicope rostrata)	bosistoa/bonewood (genus Bosistoa)	Mexican orange (genus Choisya)
mfkš	rutoideae 12	Australian willow/native willow/wilga, axebreaker (genus Geijera)	pinkheart/bonewood (genus Medicosma)	other rutoid plant/tree (other Rutoideae, Haplophylloideae, Amyridoideae, Zanthoxyloideae previously not classified in Toddalioideae)
nļ	citrus hybrid 1	sweet orange tree (Citrus × sinensis)	bitter/Seville orange tree (Citrus × aurantium)	🍋‍🟩 key lime tree (Citrus × aurantiifola)
nļn	citrus hybrid 2	🍋 lemon tree (Citrus × limon)	Meyer lemon tree (Citrus × meyeri)	grapefruit tree (Citrus × paradisi)
nļny	citrus hybrid 3	clementine tree (Citrus × clementina)	tangelo tree (Citrus × tangelo)	other citrus hybrid (other genus Citrus hybrid)
nļň	citrus 1	Kaffir lime/makrut tree (Citrus hystrix)	🍊 mandarin orange tree (Citrus reticulata)	citron tree (Citrus medica)
nļnw	citrus 2	Australian lime, finger lime, round lime, desert lime, wild lime (Citrus glauca, Citrus australasica, Citrus autralis, Citrus garrawayae, Citrus inodora, Citrus gracilis, Citrus warburgiana, Citrus wintersii)	trifoliate orange tree (Citrus trifoliata)	byeonggyul tree (Citrus platymamma)
nļňw	citrus 3	kumquat tree (Citrus japonica)	pomelo/shaddock tree (Citrus maxima)	other citrus plant/tree (other genus Citrus except Citrus oxanthera, Citrus neocaledonica, Citrus undulata, Citrus brevipes)
nļmw	aurantioideae 1	African cherry orange (genus Citropsis)	Malay ghostlime (genus Burkillanthus)	clymenia, a-mulis (genus Clymenia)
nļmy	aurantioideae 2	Banguey Island orangeaster (genus Pleiospermium)	limeberry/sweet lime (genus Triphasia)	oxanthera/false orange (Citrus oxanthera, Citrus neocaledonica, Citrus undulata, Citrus brevipes)
nļml	aurantioideae 3	bael/Bengal quince/golden apple/Japanese bitter orange/stone apple/wood apple (genus Aegle)	curd fruit/wood-apple/elephant-apple (genus Limonia)	feroniella/ka sang/cra san/kawista-krikil/krasang/mak sang/canthan (genus Feroniella)
nļmr	aurantioideae 4	monanthocitrus/spotseed-lime (genus Monanthocitrus)	flowering merrillia/katinga/Malay lemon (genus Merrillia)	curry tree/curry leaf, orange jessamine/Hawaiian mock orange/bartree/cosmetic-bark-tree/Chinese box/Burmese-boxwood, murraya (genus Murraya)
nļmř	aurantioideae 5	orangeberry/gin berry, glycosmis, red-tangerine (genus Glycosmis)	horsewood, wampi/wampee, clausena (genus Clausena)	other aurantioid plant/tree (other Aurantioideae)
dvr	spathelioideae	sneezewood tree (genus Ptaeroxylon)	spurge olive (genus Cneorum)	other spathelioid plant/tree (Cneoroideae except genera Ptaeroxylon, Cneorum, Dictyoloma)
psmw	toddalioideae 1	orange climber (Zanthoxylum asiaticum)	achronychia, silver aspen, hairy aspen, white aspen, doughwood, acid berry/plasticine tree, lemon aspen, hard aspen (genus Acronychia)	yellowwood/yellow aspen/sarcomelicope (genus Sarcomelicope)
psmy	toddalioideae 2	hoptree (genus Ptelea)	cork-tree (genus Phellodendron)	skimmia (genus Skimmia)
psml	toddalioideae 3	bush orange (genus Hortia)	sapote, matasano (genus Casimiroa)	torchwood, chapotillo (genus Amyris)
psmr	toddalioideae 4	white ironwood (genus Vepris)	other toddalioid plant/tree (other Zanthoxyloideae previously classified in Toddalioideae)	n/a
psmř	flindersioideae & dictyolomatoideae	silver silkwood/silver maple, Australian teak/crows ash, scented maple/rose ash, leopardwood/leopard tree, mountain silkwood, maple silkwood/rose silkwood, silver ash/cudgerie/bumpy ash, yellowwood/long Jack, hickory ash/525 Cairns hickory, Queensland maple/maple silkwood, scented maple, Bennett’s ash (genus Flindersia)	East Indian satinwood/Sri Lanka satinwood, Madagascar satinwood (genus Chloroxylon)	dictyoloma (genus Dictyoloma)
nļk	anacardioideae 1	pistachio, American pistachio/Mexican pistache, mastic, Chinese pistache, betoum/wild pistachio/Persian turpentine tree/Mount Atlas mastic tree (genus Pistacia)	cashew, wild cashew (genus Anacardium)	mango tree (genus Mangifera)
nļkw	anacardioideae 2	sumac (genus Rhus)	laurel sumac (genus Malosma)	red beech (genus Protorhus)
nļky	anacardioideae 3	maidenplum, poison ash/hogwood/thumbtack, guao (genus Comocladia)	smoketree/smokebush, chittamwood, Venetian sumach/dyer’s sumach (genus Cotinus)	pepper tree (genus Schinus)
nļkl	anacardioideae 4	cuachalalate (genus Amphipterygium)	poison oak, poison ivy, poison sumac, lacquer tree/varnish tree, wax tree (genus Toxicodendron)	poisonwood/Florida poisontree (genus Metopium)
nļkr	anacardioideae 5	kingwood/locustwood/tigerwood/zebrawood, glassywood, urunday (genus Astronium)	bollygum/rose butternut (genus Blepharocarya)	pink poplar/ribbonwood/maiden’s blush/blush cudgerie (genus Euroschinus)
nļkř	anacardioideae 6	chirauli-nut, green plum, satinwood/lightwood (genus Buchanania)	rengas, ringas/Burmese lacquer/theetsee/thitsi (genus Gluta)	Baja elephant tree/torote blanco/copalquín (genus Pachycormus)
nļkf	anacardioideae 7	deep yellowwood/yellow cedar/tulip satinwood (genus Rhodosphaera)	red quebracho (genus Schinopsis)	African sumac/willow rhus/karee (genus Searsia)
nļkţ	anacardioideae 8	Australian cashew nut, marking nut tree/phobi nut tree/varnish tree, Chuuk poisontree, velvet badulla (genus Semecarpus)	African poison ivy (genus Smodingium)	ozoroa, resin tree (genus Ozoroa)
nļkç	anacardioideae 9	plum mango/mango plum/gandaria (genus Bouea)	other anacardioid plant/tree (other Anacardioideae)	n/a
nļkm	spondiadoideae	hog plum/Spanish plum/golden apple, mombin, Tahitian apple, gully plum/ashanti plum/Java plum, Brazil plum (genus Spondias)	Nepali hog plum/lapsi (genus Choerospondias)	other spondiadoid plant/tree (Spondiadoideae except genera Spondias, Choerospondias)
fxn	nitrariaceae	nitre bush/dillon bush (genus Nitraria)	wild rue/Syrian rue/African rue/esfand/harmel (genus Peganum)	other nitrariaceous plant (genera Tetradiclis, Malacocarpus)
nzxm	simaroubaceae 1	paradise-tree/dysentery-bark/bitterwood/Lakshmi Taru (genus Simarouba)	quassia, amargo/bitter-ash/bitter-wood (genus Quassia)	ailanthus, tree of heaven (genus Ailanthus)
nzxn	simaroubaceae 2	corkwood (genus Leitneria)	Malaysian ginseng/tongkat ali/pasak bumi (genus Eurycoma)	other simaroubaceous plant (other Simaroubaceae)
msfw	melioideae 1	chinaberry tree/Persian lilac/white cedar/Pride of India/bread-tree/syringa berrtree (genus Melia)	neem tree/nimtree/Indian lilac (genus Azadirachta)	santol tree/sentul/cotton tree (genus Sandoricum)
msfy	melioideae 2	bossé, guarea, pink mahogany, cramantee, American muskwood (genus Guarea)	African satinwood/African white mahogany (genus Turraeanthus)	pithraj tree (genus Aphanamixis)
msfl	melioideae 3	aglaia, Pacific maple, droopy leaf/priyangu (genus Aglaia)	langsat/lanzones/duku/dokong (genus Lansium)	rosewood, ivory maghogany, pink mahogany, spicy mahogany, yellow mahogany, hairy rosewood, New Zealand mahogany (genus Dysoxylum)
msfr	melioideae 4	Chinese lantern (genus Nymania)	emu apple, onion cedar/bog onion (genus Owenia)	Natal-mahogany, bariaco (genus Trichilia)
msfř	melioideae 5	scentless rosewood (genus Synoum)	other melioid plant/tree (other Melioideae)	n/a
msxw	cedreloideae 1	mahogany tree (genus Swietenia)	Argentine cedar, Spanish cedar/Cuban cedar (genus Cedrela)	redcedar/toon/toona (genus Toona)
msxl	cedreloideae 2	crabwood/andiroba, tangare (genus Carapa)	African mahogany (genus Khaya)	Indian mahogany/bastard cedar/white cedar/Indian redwood/Burma almond wood/chickrassy/chittagong wood (genus Chukrasia)
msxr	cedreloideae 3	sapele mahogany/sapelli, sipo/utile, kosipo, tiama (genus Entandrophragma)	brown mahogany/Kilimanjaro mahogany (genus Lovoa)	other cedreloid plant/tree (other Cedreloideae)
ňsxw	burseraceae 1	frankincense tree, luban/Yigaar tree, Indian oli-banum/Salai gugul (genus Boswellia)	myrrh plant, opopanax plant, bdellium plant, commiphora, rock corkwood, gugal/guggul/Mukul myrrh tree (genus Commiphora)	torchwood copal/fragrant bursera, gumbo-limbo/copperwood/chaca/turpentine tree, elephant tree, palo santo (genus Bursera)
ňsxl	burseraceae 2	gaboon/angouma/okoumé (genus Aucoumea)	Chinese white olive, mango bark/brown cudgerie/parsnip wood, scrub turpentine/carrot wood/Melville Island white beech, Chinese black olive, African canarium, black dhup/Raal dhup/black dammar (genus Canarium)	African pear/bush pear/bush plum/bush butter tree/butterfruit tree (genus Dacryodes)
ňsxr	burseraceae 3 & remaining sapindales	copal tree (genus Protium)	other burseraceous plant/tree (other Burseraceae)	other sapindales plant/tree (genera Biebersteinia, Kirkia)
ňsxm	huerteales	dipenodontaceous plant (genera Dipentodon, Perrottetia)	tapisciaceous plant (genera Tapiscia, Huertea)	other huerteales plant (genera Gerrardina, Petenaea)
ňsxn	picramniaceae	bitterbush (genus Picramnia)	Mexican alvaradoa, alvaradoa (genus Alvaradoa)	other picramniaceous plant (genera Nothotalisia, Aenigmanu)
rtļm	crossosomatales 1	California rockflower, ragged rockflower (genus Crossosoma)	greasebush (genus Glossopetalon)	Chiricahua rock flower/cliff brittlebush/Apache bush (genus Apacheria)
rtļmw	crossosomatales 2	bladdernut (genus Staphylea)	guyalone (genus Geissoloma)	tawari/whakou (genus Ixerba)
rtļmy	crossosomatales 3	stachyurus (genus Stachyurus)	other crossosomatales plant/tree (genera Velascoa, Guamatela, Aphloia, Dalrympelea, Turpinia, Strasburgeria)	n/a
tçmw	geraniaceae 1	geranium, cranesbill, giant herb robert (genus Geranium)	filaree/heron’s bill, storksbill/pinweed (genus Erodium)	roundleaf stork’s bill (genus California)
tçmy	geraniaceae 2	geranium, pelargonium, storksbill (genus Pelargonium)	monsonia, sarcocaulon (genus Monsonia)	hypseocharis (genus Hypseocharis)
tçnw	francoaceae 1	bridalwealth (genus Francoa)	honey flower (genus Melianthus)	Kei bottlebrush, Natal bottlebrush, woolly bottlebrush (genus Greyia)
tçny	francoaceae 2	té de burro / oreganillo (genus Viviania)	other francoaceous plant (other Francoaceae)	n/a
řdk	myrteae 1	guava/yellow guava/lemon guava, Costa Rican guava/cas, Jamaican guava, Cattley guava/strawberry guava/cherry guava, mountain guava, Galápagos guava, little guava, purple guava, araçá (genus Psidium)	allspice/myrtle pepper/pimenta/pimento, West Indian bay tree/bay rum tree/ciliment (genus Pimenta)	finger cherry/Cooktown loquat, native guava, rose myrtle (genus Rhodomyrtus)
řdkw	myrteae 2	feijoa/pineapple guava/guavasteen (genus Acca)	ubajay (genus Eugenia previously classified in genus Hexachlamys)	Brazilian grapetree/jaboticaba (genus Plinia)
řdky	myrteae 3	myrtle (genus Myrtus)	rose myrtle (genus Archirhodomyrtus)	needle-leaf cherry, rainforest plum, dune myrtle, mountain cherry, cherry of the Rio Grande, cerrado pear, pitomba, guayabilla, bush cherry, pitanga, bush orange, mountain stopper/Cedar Bay cherry/beach cherry, agatelang (genus Eugenia previously not classified in genus Hexachlamys)
řdkl	myrteae 4	Chilean myrtle/arrayán, chequén/huillipeta (genus Luma)	plum myrtle (genus Pilidiostigma)	twinberry/twinberry stopper, arrayán, guabiyu, lucumillo (genus Myrcianthes)
řdkr	myrteae 5	midgen berry/midyim/silky myrtle, narrow-leaf myrtle (genus Austromyrtus)	lidflower, spicewood, mountainbay (genus Myrcia previously classified in genus Calyptranthes)	scrub ironwood, python tree, Cape ironwood, sweet myrtle/small-leaved myrtle (genus Gossia)
řdkř	myrteae 6	beach myrtella (genus Lithomyrtus)	ramarama, rohutu (genus Lophomyrtus)	smooth scrub turpentine, brush turpentine, cliff malletwood (genus Rhodamnia)
řdkf	myrteae 7	red rodwood, pedro hume de caá (genus Myrcia previously not classified in genus Calyptranthes)	rumberry/guavaberry, camu-camu, cabeludinha, blue grape (genus Myrciaria)	other myrtean plant/tree (other Myrteae)
řdkţ	myrtaceae 1	clove tree, satinash, riberry, Malay apple/Malacca apple/Malay rose apple/Otaheite cashew/water apple, coolamon/durobby, lilly pilly, magenta cherry, onionwood, bellfruit, water cherry, hute/waterbessie, sour cherry, purple cherry/black water gum, jambul/jambolan/black plum Damson plum/Duhat plum/Portuguese plum, Indian bay leaf/Indonesian bay leaf/Salam leaf/Indonesian laurel, java apple/makopa/Samarang rose apple/wax jambu/wax apple, lady apple, Malabar plum/plum rose, sea apple (genus Syzygium previously not classified in genus Waterhousea)	weeping lilli pilli (genus Syzygium previously classified in genus Waterhousea)	turpentine tree, satinay, yanderra (genus Syncarpia)
řdkç	myrtaceae 2	an-binik (genus Allosyncarpia)	eucalyptus, wattle-leaved peppermint, Badgingarra box, mallee, white mahogany, Lakefield coolibah, gum, stringybark, whitebark, blackbutt, apple-box, soak yate, mallet, ironbark (genus Eucalyptus)	rough-barked apple, dwarf apple, Charmhaven apple, rusty gum, Coolabah apple, sandstone apple, broad-leaved apple, smudgee, red gum/smooth-barked apple, narrow-leaved apple (genus  Angophora)
řdks	myrtaceae 3	bloodwood tree, ghost gum tree, spotted gum tree, yellow jack/yellowjacket, range gum, snappy gum, apple gum/cabbage gum, mountain marri, Gilbert River box, rustyjacket, carbeen/Moreton Bay ash, cadaga/cadaghi (genus Corymbia)	stockwellia, Vic Stockwell’s puzzle (genus Stockwellia)	curry myrtle, Johnstone river hardwood, lemon scented myrtle/sweet berbena tree/lemon scented verbena/lemon ironwood, stonewood/limewood/greay teak/stony backhousia, grey myrtle/carrol/neverbreak/iron myrtle/cinnamon myrtle/ironwood, shatterwood/boomerang tree, giant ironwood/scrub ironwood/lancewood/ironwood box (genus Backhousia)
řdkš	myrtaceae 4	water gum (genus Tristania)	golden penda, bridal tree/northern penda, Philippine ironwood, crimson penda/red penda (genus Xanthostemon)	rātā, lehua, mountain rose, tepual (genus Metrosideros)
řdkm	myrtaceae 5	astartea (genus Astartea)	camphor myrtle, broom baeckea, babingtonia (genus Babingtonia)	heath-myrtle, baeckea (genus Baeckea)
řdkn	myrtaceae 6	native pomegranate (genus Balaustion)	starflower, snow myrtle, fringe-myrtle, Kimberley heather, calytrix (genus Calytrix)	waxflower (genus Chamelaucium)
řdkv	myrtaceae 7	bush pomegranate (genus Cheyniana)	darwinia, bell (genus Darwinia)	homoranthus, fairy bells, mouse bush, eastern feather flower (genus Homoranthus)
řdkh	myrtaceae 8	white myrtle, large myrtle, Swan River myrtle (genus Hypocalymma)	heath-myrtle (genus Micromyrtus)	coppercups (genus Pileanthus)
řdg	myrtaceae 9	rinzia, desert rock myrtle (genus Rinzia)	tall baeckia, fern-leaf baeckia, sannantha (genus Sannantha)	scholtzia (genus Scholtzia)
řdgw	myrtaceae 10	thryptomene (genus Thryptomene)	verticordia, feather flower, pixie ears, pink brownii/pink cauliflower, cauliflower bush, little chrysantha, landu, lambswool/native cauliflower/wild cauliflower, native tea, china cups, Morrison/Morrison-flower/Christmas Morrison, little grandiflora, Eurardy magenta (genus Verticordia)	brush box/Queensland box/Brisbane box, Northern swamp box, milky box, swamp mahogany/swamp turpentine/swamp box (genus Lophostemon)
řdgy	myrtaceae 11	Western Australian peppermint/Swan River peppermint/willow myrtle, summer snowflakes (genus Agonis)	liniment-tree (genus Asteromyrtus)	tick bush, rawiritoa, kunzea, spearwood/pondil, kanuka, manuka, muntries (genus Kunzea)
řdgl	myrtaceae 12	tree, tantoon/jellybush, turkey bush, manuka, wurunuru (genus Leptospermum)	wattie/native cedar/juniper myrtle, teatree, swamp peppermint (genus Taxandria)	paperbark, honey-myrtle, teatree, mock olive, cajuput/white samet, umbrella bush, bottlebrush, karnbor, totem poles, hillock bush, moonah, gorada, robin redbreast bush, snow-in-summer/budjur, broom bush, banbar, boree, claw flower, mindiyed, melaleuca (genus Melaleuca)
řdgr	myrtaceae 13	bottlebrush (genus Callistemon)	bottlebrush, claw flower, blood-flower (genus Calothamnus)	beaufortia, bottlebrush (genus Beaufortia)
řdgř	myrtaceae 14	brown hazelwood/budgeroo (genus Lysicarpus)	regelia (genus Regelia)	other myrtaceous plant/tree (other Myrtaceae)
mfx	melastomataceae 1	blue tongue/native lasiandra, Asian melastome, Singapore rhododendron/Malabar melastome, Straits rhododendron, fox-gongued melastoma/blood-red melastoma/red melastome (genus Melastoma)	pink lady/Spanish shawl/rockrose (genus Dissotis)	medinilla, rose grape, tagimaucia, chandelier tree (genus Medinilla)
mfxl	melastomataceae 2	camasey (genus Henriettea)	meadow-beauty, handsome Harry (genus Rhexia)	clover ash, West Indian lilac (genus Miconia previously classified in genus Tetrazygia)
mfxr	melastomataceae 3	soapbush/Koster's curse (genus Miconia previously classified in genus Clidemia)	other melastomataceous plant (other Melastomataceae)	n/a
ňňp	lythraceae 1	pomegranate (genus Punica)	water caltrop/buffalo nut/bat nut/devil pod/ling nut/mustache nut (genus Trapa)	mangrove apple, sonneratia, apple mangrove (genus Sonneratia)
ňňpw	lythraceae 2	loosestrife, lythrum, grass-poly, water purslane (genus Lythrum)	Indian toothcup, rotala (genus Rotala)	henna tree/hina/mignonette tree/Egyptian privet (genus Lawsonia)
ňňpy	lythraceae 3	crape myrtle/crêpe myrtle (genus Lagerstroemia)	sun opener/shrubby yellowcrest (genus Heimia)	swamp loosestrife/waterwillow (genus Decodon)
ňňpļ	lythraceae 4	cuphea, cigar plant, tarweed/blue waxweed, waxweed, false heather/Mexican heather (genus Cuphea)	redstem, ammannia (genus Ammannia)	other lythraceous plant (other Lythraceae)
ňňpl	combretaceae 1	bushwillow, leadwood tree, orange flame vine/chameleon vine, combretum (genus Combretum)	buttonwood/button mangrove (genus Conocarpus)	white afara, white olive, crocodile tree, white arudah/arjuna/koha, palo amarillo/tanimbú, silver greywood, jalool, Indian almond/tropical almond/umbrella tree, myrobalan/inknut, pindang quondong, billygoat plum/kakadu plum/gubinge, idigbo/black afara/blackbark/brimstone wood/shingle wood, okari nut, Madagascar almond tree, rosewood, marool, damson, limba, terminalia (genus Terminalia previously not classified in genera Bucida, Buchenavia)
ňňpr	combretaceae 2	white mangrove (genus Laguncularia)	black mangrove, Tonga mangrove (genus Lumnitzera)	bullet tree, spiny black olive (genus Terminalia previously classified in genus Bucida)
ňňpř	combretaceae 3	buchenavia, granadillo (genus Terminalia previously classified in genus Buchenavia)	other combretaceous plant (other Combretaceae)	n/a
ňňpf	onagraceae 1	fuchsia (genus Fuchsia)	enchanter’s nightshade (genus Circaea)	primrose-willow, water-purslane, waterprimrose, ludwigia, bushy seedbox/rattlebox, marsh seedbox, mosaic flower/false loosestrife (genus Ludwigia)
ňňpţ	onagraceae 2	willowherb, spike-primrose, boisduvalia, hummingbird flower/hummingbird trumpet/California-fuchsia (genus Epilobium)	willowherb, fireweed, Saint Anthony’s laurel (genus Chamaenerion)	goldeneggs/sun cup (genus Taraxia)
ňňpç	onagraceae 3	suncup, evening primrose (genus Camissonia)	sundrops, evening-primrose (Oenothera sect. Calylophus)	suncup, evening primrose (genus Camissoniopsis)
ňňps	onagraceae 4	browneyes/brown-eyed primrose, yellow cups, suncup, evening primrose (genus Chylismia)	wingfruit suncup (genus Chylismiella)	suncup, sundrop, evening primrose, gaura, beeblossum (genus Oenothera except Oenothera sect. Calylophus)
ňňpš	onagraceae 5	clarkia, godetia, mountain garland, farewell-to-spring, fairyfan, red ribbons, pink fairies/ragged robin (genus Clarkia)	groundsmoke (genus Gayophytum)	other onagraceous plant (other Onagraceae)
ňňph	vochysiaceae	jacaré, pau-terra (genus Qualea)	other vochysiaceous plant/tree (Vochysiaceae except genus Qualea)	n/a
ňňphw	other myrtales	alzatea (genus Alzatea)	crypteroniaceous plant/tree (genera Axinandra, Crypteronia, Dactylocladus)	penaeaceaous plant/tree (Penaeaceae)
jpw	phaseolus vulgaris (common bean) 1	kidney/red bean plant	white/navy bean plant	cannellini bean plant
jpy	phaseolus vulgaris (common bean) 2	pinto bean plant	black turtle bean plant	flageolet bean plant
jpl	other phaseolus species 1	runner bean plant (Phaseolus coccineus)	tepary bean plant (Phaseolus acutifolius)	year bean plant (Phaseolus dumosus)
jpr	other phaseolus species 2	lima/butter bean plant (Phaseolus lunatus)	spotted bean plant (Phaseolus maculatus)	slimjim bean plant, other phaseolus bean plant (other genus Phaseolus)
jpř	vigna 1	cowpea, black-eyed pea, crowderpea, Chinese long-bean/pea-bean (Vigna unguiculata)	adzuki bean (Vigna angularis)	mung bean/green gram/golden gram/mash bean/green soybean/celera-bean/Jerusalem-pea (Vigna radiata)
jpf	vigna 2	black gram/black lentil/white lentil/urd-bean/urad bean (Vigna mungo)	rice bean/red bean/climbing mountain bean/mambi bean/Oriental-bean (Vigna umbellata)	moth bean/mat bean/Turkish gram, creole-bean, jungle mat bean/jungli-bean/African gram/three-lobe-leaved cowpea, zombi pea/wild cowpea, sarawak-bean, Dalrymple vigna, Bambara groundnut/Congo goober/hog-peanut/jugo bean, pencil yam/Maloga-bean/parsnip-bean, dune-bean/notched cowpea/sea-bean, Oahu cowpea, creeping vigna, other Vigna bean (other genus Vigna)
jpç	phaseolinae 1	corkscrew vine/snail vine/snail creeper/snailflower/snail bean (genus Cochliasanthus)	okie bean/Cape sweet-pea/dolichos pea/mile-a-minute vine (genus Dipogon)	lablab-bean/hyacinth bean, bonavist bean/bonavist pea/Egyptian kidney bean/Indian bean/Australian pea/bataw (genus Lablab)
jpţ	phaseolinae 2	purple bush-bean, supine bean (genus Macroptilium)	ground bean/Kersting’s groundnut, horse gram/kulthi (genus Macrotyloma)	winged bean/goa bean/four-angled bean/four-cornered bean/manila bean/princess bean/asparagus bean/dragon bean/cigarrillas (genus Psophocarpus)
jpļ	phaseolinae 3	wild sweet-pea, African yam bean (genus Sphenostylis)	wild bean, fuzzybean, amberique-bean/annual sand bean (genus Strophostyles)	other phaseoline bean (other Phaseolinae)
jfw	phaseoleae 1	soybean/soya bean, wild soybean, glycine, love creeper (genus Glycine)	jicama plant/yam bean, ahipa/Andean yam bean, goiteño/nupe/jacatupe/Amazonian yam bean (genus Pachyrhizus)	kudzu/Japanese arrowroot, puero, East Asian arrowroot (genus Pueraria)
jfy	phaseoleae 2	pigeon wings, blue pea/butterfly pea/cordofan pea/Darwin bea/bluebellvine (genus Clitoria)	butterfly pea/wild blue vine/blue bell, centro (genus Centrosema)	hogpeanut (genus Amphicarpaea)
jfl	phaseoleae 3	pigeon pea/Congo pea (genus Cajanus)	snout-bean, jumby-bean/burn-mouth-vine (genus Rhynchosia)	luck plant/wild hops, sohphlang (genus Flemingia)
jfr	phaseoleae 4	clusterpea (genus Dioclea)	jack-bean, barbicou-bean, giant stock-bean/gotani-bean/horse-bean/seaside-bean/wonder-bean, sword bean/scimitar-bean, Cathie’s bean, bay bean/beach-bean/fire-bean/Mackenzie-bean (genus Canavalia)	milk pea/beach pea/wild pea (genus Galactia)
jfř	phaseoleae 5	kennedia, coral vine, black coral pea, purple running pea, running postman, dusky coral pea (genus Kennedia)	native lilac/wild sarsaparilla/wisteria climber, false sarsaparilla/purple coral pea/happy wanderer/waraburra (genus Hardenbergia)	flame-of-the-forest/bastard teak (genus Butea)
jfm	phaseoleae 6	coral tree, flame tree, cock’s spur, coral bean/Cherokee bean/red cardinal/cardinal spear, lucky bean tree, mulungu, mandara, tiger’s claw/sunshine tree/roluos tree, ploughbreaker, erythrina (genus Erythrina)	deer-eye bean/donkey-eye bean/ox-eye bean/hamburger seed (genus Mucuna)	jade vine/emerald vine (genus Strongylodon)
jfn	phaseoleae 7	potato bean/Indian potato/American groundnut/cinnamon vine/America-hoidomo/groundnut (genus Apios)	other phaseolean bean (other Phaseoleae)	n/a
řpp	pisum sativum (pea)	common pea plant (Lathyrus oleraceus)	snap pea plant (Lathyrus oleraceus var. macrocarpus)	snow pea plant (Lathyrus oleraceus var. saccharatus)
řppw	faboideae 1	fava bean plant (Vicia faba)	vetch (genus Vicia previously not classified in genus Lens except Vicia faba)	lentil (genus Vicia previously classified in genus Lens)
řppy	faboideae 2	peavine, vetchling, Indian pea, red pea, tuberous pea (genus Lathyrus except Lathyrus oleraceus)	chickpea/garbanzo bean plant (genus Cicer)	riverhemp, poisonbean, rattlebox/rattlebush, vegetable hummingbird, sesbania (genus Sesbania)
řppl	faboideae 3	peanut plant (genus Arachis)	Tahitian chestnut (genus Inocarpus)	pencilflower (genus Stylosanthes)
řppr	faboideae 4	tipa/rosewood/pride of Bolivia (genus Tipuana)	canarywood, amarillo de Guayaquil (genus Centrolobium)	padauk, klaat, muninga/barwood, Indian kino/Malabar kino, mututi, red sandalwood/red sanders, African coralwood (genus Pterocarpus)
řppř	faboideae 5	Madagascar rosewood, Brazilian tulipwood, Hluhluwe creeper, Bahia rosewod, climbing flat bean, frgrant rosewood, coin vine, kingwood, tracwood, Bombay blackwood/East Indian rosewood/Indian palisandre/Java palisandre, palisander, Siamese rosewood, Amazon rosewood, Honduras rosewood, Guatemalan rosewood, African blackwood/African ebony/African grenadio, zebrawood, moneybush (genus Dalbergia)	jointvetch, sola/sola pith plant, shyleaf, ambatch (genus Aeschynomene)	yellowhood (genus Nissolia)
řppf	faboideae 6	angelin/cabbagebark/cabbage tree, St. Martin rouge (genus Andira)	purple pea, hovea, rusty pods, mountain beauty, devil’s pins (genus Hovea)	cockies tongues, centipede bush, templetonia (genus Templetonia)
řppç	faboideae 7	wild laburnum (genus Calpurnia)	orange nodding-head/mountain dahlia (genus Liparia)	tree-in-a-hurry/cape lilack/blossom tree/pink blossom tree (genus Virgilia)
řppţ	faboideae 8	sand acacia (genus Ammodendron)	African sandalwood (genus Baphia)	blackbean/Moreton Bay chestnut (genus Castanospermum)
řppļ	faboideae 9	yellowwood (genus Cladrastis)	mescal bean (genus Dermatophyllum)	Liberian black grum (genus Haplormosia)
řpps	faboideae 10	sucupira/angelim (genus Luetzelburgia)	horse-eye bean, ormosia (genus Ormosia)	African teak, nandu wood (genus Pericopsis)
řppš	faboideae 11	kohwhai, ku shen, mamane, sophora root, necklace pod, toromiro, mayo/mayú, pelú, lignum vitae (genus Sophora)	necklacepod, coralbean/Eve’s necklace (genus Styphnolobium)	Mashatu tree/Nyala tree (genus Xanthocercis)
řpph	faboideae 12	broom, petty whin/needle furze, aulaga, talavera, greenweed, woodwaxen (genus Genista)	pineapple broom/Moroccan broom (genus Argyrocytisus)	thorny broom, spiny broom (genus Calicotome)
řpphw	faboideae 13	broom, Scotch broom, Spanish broom/French broom/Portuguese broom/hairy-fruited broom (genus Cytisus except Cytisus nigricans)	Portuguese broom/white broom, big-flower broom/clustered broom, tagasaste, purple broom (genus Chamaecytisus)	black broom (Cytisus nigricans)
řpk	faboideae 14	golden chain/golden rain/laburnum (genus Laburnum)	groom laburnum/Adam’s laburnum (+ Laburnocytisus 'Adamii')	Dalmatian laburnum (genus Petteria)
řpkw	faboideae 15	lupin, lupine (genus Lupinus)	bridal broom (genus Retama)	Spanish broom/rush broom/weaver’s broom (genus Spartium)
řpky	faboideae 16	gorse, furze, whin (genus Ulex)	rattlepod/rattlebox, chipilin, devil-bean/rattleweed/shack-shack, harebells/rabbit-bells, giant striata/chique chique, brown hemp/Indian hemp/Madras hemp/sunn hemp, green birdflower/regal birdflower (genus Crotalaria)	honeybush/honeybush tea plant (genus Cyclopia)
řpkl	faboideae 17	false indigo (genus Amorpha)	prairie clover, purpletassels, summer farewell, dalea, white tassel-flower, whitetassels, Gentry’s indigobush (genus Dalea)	kidneywood tree (genus Eysenhardtia)
řpkr	faboideae 18	false prairie-clover (genus Marina)	common dunebroom (genus Parryella)	indigo bush, dalea, smoketree/smokethorn (genus Psorothamnus)
řpkř	faboideae 19	goldenbanners/false-lupines (genus Thermopsis)	wild indigo, galse indigo, catbells, scareweed, rattleweed, gopherweed, horseflyweed/indigo-broom/yellow broom (genus Baptisia)	wisteria (genus Wisteria)
řpkf	faboideae 20	indigo plant (genus Indigofera)	guar/Lond bean (genus Cyamopsis)	lancepod, philenoptera/apple leaf/rain tree (genus Lonchocarpus)
řpkç	faboideae 21	millettia, panga panga, Indian beeech/Pongam oiltree/pongamia (genus Millettia)	fishpoison tree, Jamaican dogwood/fishfuddle (genus Piscidia)	hoarypea, tephrosia, Flinders River poison, sandhill tippitoes, goat-rue/catgut/rabbit pea, fish-poison-bean (genus Tephrosia)
řpkţ	faboideae 22	moneywort, alys, alyce clover, buffalo clover/one-leaf clover (genus Alysicarpus)	tick-trefoil, tick clover, beggarweed, Kaimi clover, dollar leaf, silverleaf, hitchhikers, beggar lice (genus Desmodium)	pink velvet bean (genus Pseudarthria)
řpks	faboideae 23	Korean bushclover, Japanese bushclover (genus Kummerowia)	lespedeza, bush clover, Japanese clover (genus Lespedeza)	jequirity bean/rosary pea (genus Abrus)
řpkš	faboideae 24	Arabian pea/pitch trefoil (genus Bituminaria)	scurfpea/leather-root (genus Hoita)	leather-root, Frenchgrass/lanceleaf scurfpea, Sampson’s snakeroot (genus Orbexilum)
řpkv	faboideae 25	Indian breadroot, skunktop, turniproot, buckroot, buffalo pea/tall-bread scurf-pea (genus Pediomelum previously not classified in genus Psoralidium)	white tumbleweed, prairie turnip/timpsula (genus Psoralea)	lemon scurfpea/wild lemonweed/dune scurfpea, slimflower scurfpea (genera Pediomelum, Ladeania previously classified in genus Psoralidium)
řpkh	faboideae 26	California tea/rupertia, forest scurfpea (genus Rupertia)	Bentham’s broom/Bentham’s deerweed, bird’s-foot trefoil, Haydon’s lotus/pygmy lotus, rush broom/rush deervetch, beach lotus/Nuttall’s lotus, island broom (genus Syrmatium)	tonka bean, almendro, baru, almendrillo (genus Dipteryx)
řpkhw	faboideae 27	Brazilian ebony/panococo (genus Swartzia)	wild mango (genus Cordyla)	chaparral pea (genus Pickeringia)
řpt	faboideae 28	milkvetch, locoweed, goat’s-thorn, cock’s-head, woollypod (genus Astragalus)	North Island broom, South Island broom, leafy broom, coral broom, dwarf broom, scented broom, large-flowered broom, pink broom, whip broom, wheeping broom/tree broom, giant-flowered broom (genus Carmichaelia)	goat's rue (genus Galega)
řptw	faboideae 29	kakabeak/parrot’s beak/parrot’s bill/lobster claw (genus Clianthus)	bladder senna (genus Colutea)	scree pea (genus Montigena)
řpty	faboideae 30	licorice/American licorice (genus Glycyrrhiza)	locoweed, oxytrope, oxytropis (genus Oxytropis)	alkali swainsonpea/Austrian peawead/red bladdervetch (genus Sphaerophysa)
řptl	faboideae 31	cancer bush/balloon pea/sutherlandia (genus Sutherlandia)	swainson-pea, desert pea, darling pea (genus Swainsona)	hourglass peaseed (genus Sphinctospermum)
řptr	faboideae 32	bird’s-foot trefoil/bacon-and-eggs, deervetch, trefoil (genus Lotus)	bird’s-foot trefoil, silver lotus, Spanish clover, deervetch, silky deerweed, Heermann’s lotus, Chile lotus (genus Acmispon previously not classified in genus Ottleya)	bird’s foot, yellow serradella (genus Ornithopus)
řptř	faboideae 33	shrubby deervetch/desert rock-pea, stiff-haired lotus/strigose bird’s foot trefoil, Wright’s deervetch (genus Acmispon previously classified in genus Ottleya)	kidneyvetch/woundwort (genus Anthyllis)	crown vetch, scorpion vetch (genera Coronilla, Securigera)
řptç	faboideae 34	horseshoe vetch, scorpion senna (genus Hippocrepis)	big deervetch/broad-leafed lotus, bird’s-foot trefoil, meadow lotus, thicket trefoil (genus Hosackia)	scorpion’s-tail/caterpillar-plant (genus Scorpiurus)
řptļ	faboideae 35	babybonnet (genus Coursetia)	brushpea (genus Genistidium)	quickstick (genus Gliricidia)
řpc	faboideae 36	ironwood/desert ironwood/palo fierro (genus Olneya)	spine-noded milkvetch/Thompson’s peteria (genus Peteria)	locust, false acacia (genus Robinia)
řpth	faboideae 37	sweetvetch, sweet-broom, alpine sainfoin (genus Hedysarum)	camelthorn/camelthorn-bush, manna tree/mannaplant (genus Alhagi)	Siberian peashrub/Siberian pea-tree/caragana (genus Caragana except Caragana halodendron)
řtp	faboideae 38	Cretan ebony (genus Ebenus)	common salt tree/Russian salt tree (Caragana halodendron)	sainfoin (genus Onobrychis)
řtpw	faboideae 39	clover, trefoil (genus Trifolium)	melilot, sweet clover (genus Melilotus)	alfalfa plant, medick, burclover, button clover, nonesuch, hop clover, moon trefoil, alfalfa arborea (genus Medicago)
řtpy	faboideae 40	restharrow (genus Ononis)	shamrock pea/blue oxalis (genus Parochetus)	blue fenugreek/blue melilot (genus Trigonella)
řtpl	faboideae 41	aotus, golden pea (genus Aotus)	glory pea/wedge-pea (genus Gompholobium)	bitter-pea, bookleaf, marno (genus Daviesia)
řtpr	faboideae 42	shaggy pea (genus Oxylobium)	shaggy pea (genus Podolobium)	bush-pea (genus Pultenaea)
řtpř	faboideae 43	heart-leaf flame pea/Australian flame pea, holly flame pea (genus Chorizema)	parrot-pea (genus Dillwynia)	clubmoss bush-pea (genus Stonesiella)
řtpç	faboideae 44	globe-pea (genus Sphaerolobium)	poison sage, granny bonnets, lamb poison (genus Isotropis)	poison plant, brother-brother, breelya, Swan River pea, mountain pea, cranbrook pea (genus Gastrolobium)
řtpf	faboideae 45	wonnich/native willow (genus Callistachys)	stinkwood, dogwood, waldjumi (genus Jacksonia)	native broom (genus Viminaria)
řtpţ	faboideae 46	bossiaea, water bush, cactus pea (genus Bossiaea)	golden-tip (genus Goodia)	flat-pea, eggs-and-bacon pea (genus Platylobium)
řtpļ	faboideae 47	eutaxia (genus Eutaxia)	mirbelia (genus Mirbelia)	other faboid plant/tree (other Faboideae)
řtps	cercidoideae 1	redbud, Judas tree (genus Cercis)	leather jacket/crown of gold tree (genus Barklya)	camel’s foot tree/monkey bread/monkey biscuit tree, purple orchid tree (genus Piliostigma)
řtpš	cercidoideae 2	orchid tree, bauhinia, bidi leaf tree (genus Bauhinia)	bauhinia/jigal tree, mountain ebony/Queensland ebony, northern beantree (genus Lysiphyllum)	granny backbone, monkey ladder vine (genus Schnella)
řtph	cercidoideae 3	bauhinia, butterfly tree, orchid tree/mountain ebony (genera Phanera, Cheniella, Lasiobema)	marama bean/gemsbok bean (genus Tylosema)	other cercidoid plant/tree (other Cercidoideae)
řpţ	caesalpineae 1	peacock flower/poinciana/red bird of paradise/Mexican bird of paradise/pride of Barbados/flos pavonis, nicker (genus Caesalpinia)	shoofly/Mauritius thorn/Mysore thorn/cat’s claw, sappanwood/Indian redwood (genus Biancaea)	yeheb bush (genus Cordeauxia)
řpţw	caesalpineae 2	fewflower holdback (genus Denisophytum)	tailed nicker, bird of paradise, Mexican holdback (genus Erythrostemon)	nicker, nicker nut (genus Guilandina)
řpţy	caesalpineae 3	logwood, peachwood/brazilette (genus Haematoxylum)	rushpea, holdback, nicker, pig-nut/hog potato (genus Hoffmannseggia)	Brazilian ironwood/leopard tree, divi-divi, Argentinian brown ebony, quebrahacha (genus Libidibia)
řpţl	caesalpineae 4	teri pod (genus Moullava)	brazilwood/pernambuco wood (genus Paubrasilia)	holdback, nicker (genus Pomaria)
řpţr	caesalpineae 5	redwing, camp siege/bhoca (genus Pterolobium)	tara (genus Tara)	other caesalpine plant/vine (other Caesalpinieae)
řtt	caesalpinoideae 1	cassia, wishing-tree, gold medallion tree, sjambok pod, native laburnum, golden shower, Palawan cherry, drumstick tree (genus Cassia)	senna, candlebush/Christmas candle/empress candle plant/ringworm shrub/candelabra bush, cassia, false sicklepod, avaram/Matara-tea, West Indian showertree, Christmas bush/money bush/yellow candlewood, coffee-weed/java-bean/American sicklepod, antbush/coffee-senna/septicweed/stinkingweed, monkey pod, Argentine wild sensitive plant, kassodtree/Thailand shower, arsenic-bush/Dooleyweed, New Mexico wild sensitive plant (genus Senna)	sensitive pea (genus Chamaecrista)
řttw	caesalpinoideae 2	wild syringa tree (genus Burkea)	Cooktown ironwood, ordeal tree (genus Erythrophleum)	brauna wood tree (genus Melanoxylum)
řtty	caesalpinoideae 3	poinciana (genus Delonix)	palo verde, brea (genus Parkinsonia)	Brazilian firetree/Brazilian fern tree (genus Schizolobium)
řttl	caesalpinoideae 4	carob tree (genus Ceratonia)	suicide tree (genus Tachigali)	pink cedar (genus Acrocarpus)
řttr	caesalpinoideae 5	honey locust, water locust/swamp locust, Caspian locust (genus Gleditsia)	coffee tree, dekang tree, soap tree/Chinese coffee tree (genus Gymnocladus)	other caesalpinoid plant/tree (other Caesalpinioideae)
řkţ	mimosoideae 1	mimosa, sensitive plant, sensitive tree, sensitive-briar, catclaw briar (genus Mimosa)	calcium tree, yopo (genus Anadenanthera)	African locust bean (genus Parkia)
řkţw	mimosoideae 2	wattle, acacia, jam, raspberry jam/fine leaf jam, gidgee, mulga, salwood, ashburton willow/moondyne tree, creekline miniritchi, boobialla/native willow, yalgoo, prickly Moses, currawang, lancewood, Minni Ritchie, needlewood, myall, false bowgada, pin bush, bendee, motherumbah, soap bush, old man wodjil, brown spearwood/ringy rosewood, wantan/milhan, sugar brother, curracabah, granite bush, mountain hickory/broad-leaved hickory, scrub ironbark, New England hickory, dead finish/kurara/curara, wirilda, alumaru/nyalanyalara, gundabluey, waddy-wood/waddy, kangaroo thorn, kanji bush, broombush, camel bush/corky canji, bluebush, two-veined hickory, buchan blue, motherumbung, Broughton willow/cooba/Doolan, billy blue, umbrella bush wirra, wait-a-while/Bohemia, mamoose tree, gidyea, bowyakka, dwarf nealie, lightwood, yarran, brigalow/brigalow spearwood/orkor, boree/balaar/nilyah, bank catclaw, spine bush, desert oak/wirewood/dogwood, womel, eumong/dunthy/belalei/munumula/balkura/gurley/gooralee, catbush (genus Acacia)	acacia, wattle, thorn tree (genus Vachellia)	acacia, catclaw, monkey thorn, cutch tree, visco/viscote/arca, catechu tree (genus Senegalia)
řkţy	mimosoideae 3	Texas ebony, ebano (genus Ebenopsis)	blackbead, everfresh (genus Pithecellobium)	chucum/cuisache, huajillo (genus Havardia)
řkţl	mimosoideae 4	acacia, wattle, yellow tamarind (genus Acaciella)	silk plant, silk tree, siris, acle/akle, albizia, musase, kalkora mimosa, lebbeck/lebbek tree/frywood/koko/woman’s-tongue tree, monkey’s earring, rain tree/saman/monkey pod (genus Albizia)	lace flower, tulip siris, djenkol/jengkol/jering, bacon wood (genus Archidendron)
řkţr	mimosoideae 5	powder-puff plant, fairy duster, soldierwood (genus Calliandra)	monkey-ear tree/elephant-ear tree/guanacaste, pacara earpod tree (genus Enterolobium)	apple-ring acacia/winter thorn/ana tree (genus Faidherbia)
řkf	mimosoideae 6	false tamarind, sabicu/horseflesh (genus Lysiloma)	snow-wood/tulip siris/monkey’s earrings (genus Pararchidendron)	rain tree (genus Samanea)
řkfw	mimosoideae 7	abarema, shadbark, crabwood/jumbie head/soapy-soapy/wild tamarind (genus Abarema)	sea bean/seaheart/monkey-ladder, St. Thomas bean, snuff box bean (genus Entada previously not classified in genus Elephantorrhiza)	elephant root/sumach bean, eland’s wattle (genus Entada previously classified in genus Elephantorrhiza)
řkfy	mimosoideae 8	red lucky seed/acacia coral/bead tree/Circassian seed, curly bean/jumbi-bead/red bead tree, peacock flower fence (genus Adenanthera)	mesquite tree, algarrobo, alpataco, tamarugo, Argentine screwbean, American carob, tornillo (genus Prosopis)	bundleflower, wild tantan, donkey bean (genus Desmanthus)
řkfl	mimosoideae 9	leadtree, leucania (genus Leucaena)	strand tangantangan (genus Schleinitzia)	sicklebush/Bell mimosa/Chinese lantern tree/Kalahari Christmas tree (genus Dichrostachys)
řkfr	mimosoideae 10	sensitive plant, yellow puff, water mimosa, neptunia (genus Neptunia)	other mimosoid plant/tree (other Mimosoideae)	n/a
řtk	detaroideae 1	tallow tree, sweet detar/sweet dattock (genus Detarium)	Rhodesian teak, African rosewood, Rhodesian copalwood/false mopane, black hyedua, tiete rosewood/Patagonian cherry/sirari (genus Guibourtia)	purpleheart, violet wood (genus Peltogyne)
řtkw	detaroideae 2	African teak/Rhodesian teak/Zambian teak/Zambesi redwood (genus Baikiaea)	mopane/balsam tree/butterfly tree/turpentine tree (genus Colophospermum)	West African copal tree/African copaiba balsam tree (genus Daniellia)
řtky	detaroideae 3	diesel tree/kerosene tree, cabimo (genus Copaifera)	wallaba tree (genus Eperua)	anjan tree (genus Hardwickia)
řtkl	detaroideae 4	ashoka tree, saraca tree, sorrowless tree, asoca, ashok (genus Saraca)	Johnstone River teak/Pacific teak/scrub mahogany, Borneo teak/Malacca teak/Moluccan ironwood/merbau (genus Intsia)	miombo, mountain acacia, zebrawood (genus Brachystegia)
řtkr	detaroideae 5	mountain rose/scarlet flame bean/rose of Venezuela/copper hoop (genus Brownea)	Uganda iron wood/muhimbi (genus Cynometra previously not classified in genus Maniltoa)	Liberian red oak (genus Gilbertiodendron)
řtkř	detaroideae 6	tamarind (genus Tamarindus)	handkerchief tree/pokok sapu tangan, cascading bean (genus Cynometra previously classified in genus Maniltoa)	congo zebrawood, mnondo, muchesa (genus Julbernardia)
řtkf	detaroideae 7	weeping boerbean (genus Schotia)	monkey-flower tree/fire of Pakistan (genus Barnebydendron)	other detarioid plant/tree (other Detarioideae)
řtkç	dialioideae & duparquetioideae	velvet tamarind, tamarind-plum (genus Dialium)	other dialioid plant (other Dialioideae)	duparquetia (genus Duparquetia)
řtf	polygalaceae 1	milkwort, snakeroot, butterfly-bush/parrotbush/cascade curse, senega, senega-root (genus Polygala)	pyramid flower, comesperma, love creeper, milkwort (genus Comesperma)	gaywings/fringed polygala, shrubby milkwort (genus Chamaebuxus)
řtfw	polygalaceae 2	glandleaf milkwort, New Mexico milkwort, hebecarpa (genus Hebecarpa)	desert polygala/thorn milkwort, California milkwort, Sierra milkwort, beaked spiny polygala/notch-beaked milkwort, intermountain milkwort, spiny milkwort (genus Rhinotropis)	other polygalaceous plant, other milkwort (other Polygalaceae)
řtfy	surianaceae	ooline (genus Cadellia)	bay cedar (genus Suriana)	other surianceous plant/tree (genera Recchia, Guilfoylia, Stylobasium)
řtfl	quillajaceae	soap bark tree (Quillaja saponaria)	Brazilian quillaja tree (Quillaja brasiliensis)	n/a
çfw	celastrales 1	staff vine/staff tree, bittersweet, orange boxwood (genus Celastrus)	crucifixion thorn, canotia (genus Canotia)	Cape saffron/bastard saffron/forest spoonwood, Bermuda olivewood (genus Cassine)
çfy	celastrales 2	olive berry/red fruited olive plum/cassine (genus Elaeodendron except Elaeodendron schinoides)	khat/qat (genus Catha)	Christmas-berry, maiden berry (genus Crossopetalum)
çfl	celastrales 3	spindle, spindle tree, burning-bush, strawberry-bush, dingle-dangle tree, wahoo, wintercreeper, euonymus (genus Euonymus)	common spike-thorn (genus Gymnosporia)	spoonwood (Elaeodendron schinoides)
çfr	celastrales 4	bushman's tea (genus Lydenburgia)	Khoi cherry/vulture-berry (genus Maurocenia)	mayten, orangebark, koonkara, white cinnamon, orange bush, Indian’s salt, maytenus, rock false candlewood, orange boxwood (genus Maytenus)
çfř	celastrales 5	saddlebush, sand paper bush, mortonia (genus Mortonia)	petiteplant (genus Lepuropetalon)	grass of Parnassus, bog-star (genus Parnassia)
çfm	celastrales 6	Canby’s mountain-lover/rat-stripper/cliff green, Oregon boxleaf/hedge/box/false box/myrtle box leaf (genus Paxistima)	candlewood/cherrywood (genus Pterocelastrus)	spikethorn, false spikethorn, mock spike thorn, bastard spikethorn (genus Putterlickia)
çfn	celastrales 7	white silky bark (genus Robsonodendron)	salacia, lolly berry (genus Salacia)	Florida boxwood, desert yaupon (genus Schaefferia)
çfň	celastrales 8	stackhousia, creamy candles, Gunn’s mignonette/grasslands candles (genus Stackhousia)	threewingnut, thunder god vine (genus Tripterygium)	other celestrales plant/tree (other Celastrales)
bzx	malpighiaceae 1	Singapore holly, Barbados cherry/acerola, bristly stingingbush, cowhage (genus Malpighia)	moth fruit (genus Acridocarpus)	ayahuasca plant (genus Banisteriopsis)
bzxw	malpighiaceae 2	peanut butter fruit, friar’s plum, usama/bush tomato paste, yellow usama/yellow coffee of the bush (genus Bunchosia)	locustberry, serret, nance/golden spoon, clam cherry/gooseberry (genus Byrsonima)	gold shower/shower-of-gold/slender goldshower/thryallis (genus Galphimia)
bzxm	malpighiaceae 3	amazonvine (genus Stigmaphyllon)	other malpighiaceous plant (other Malpighiaceae)	n/a
bzxn	elatinaceae & centroplacaceae	waterwort (genus Elatine)	bergia (genus Bergia)	centroplacaceous plant (genera Bhesa, Centroplacus)
lmç	euphorbiaceae 1	spurge, rattlesnake wed/white-margined sandmat, candelilla, sweet tabaiba, Hercules club, Medusa’s head, copper tree, fire-on-the-mountain, African milk bush, desert poinsettia/fireplant/paint leaf, asthma-plant, African milk barrel, candelabra tree, frilled fan/elkhorn, gopher plant/mole plant, Madagascar jewel, snow on the mountain, crown-of-thorns/Christ plant, donkey tail, bonfire, Mexican flame leaf/Christmas star/winter rose, milk bush/pencil tree/firestick, devil’s backbone/redbird cactus, African milk tree/cathedral cactus, poison tree, euphorbia (genus Euphorbia)	bleeding heart/native poplar/Queensland poplar (genus Homalanthus)	Gulf Sebastian-bush (genus Ditrysinia)
lmçw	euphorbiaceae 2	milktree, tallow tree (genus Neoshirakia)	Chinese tallowtree/Florida aspen, chicken tree/gray popcorn tree/candleberry tree (genus Triadica)	milktree/gumtree (genus Sapium)
lmçl	euphorbiaceae 3	duiker berry (genus Sclerocroton)	"""Mexican jumping bean"" tree, sebastiania (genus Sebastiania)"	toothleaf, queen’s-root, corkwood, queen’s delight (genus Stillingia)
lmçr	euphorbiaceae 4	mercury (genus Mercurialis)	castor bean plant/castor oil plant (genus Ricinus)	silverbush (genus Argythamnia)
lmçf	euphorbiaceae 5	turnsole plant/dyer’s croton/giradol (genus Chrozophora)	Jamaican cobnut/popnut (genus Omphalea)	fire croton/variegated croton (genus Codiaeum)
lmçv	euphorbiaceae 6	croton, rushfoil, hogwort/goatweed, cascarilla, encinilla, grannybush, prairie-tea, dove weed/turkey mullein, forest fever-berry (genus Croton)	perah tree (genus Elateriospermum)	tree spinach/chaya, mala mujer, bull nettle/spurge nettle/tread-softly/finger rot (genus Cnidoscolus)
lmçm	euphorbiaceae 7	rubber plant/rubber tree (genus Hevea)	maongongo tree/mongongo nut tree/manketti tree (genus Schinziophyton)	njangsa/munguella/djansang (genus Ricinodendron)
lmçn	euphorbiaceae 8	wedding bush (genus Ricinocarpos)	turpentine bush, wallaby bush, pinkwood (genus Beyeria)	other euphorbiaceous plant/tree (other Euphorbiaceae)
rmç	peraceae	lightning bush (genus Clutia)	hedoke (genus Chaetocarpus)	other peraceous plant (genera Pera, Pogonophora, Trigonopleura)
rmçw	picrodendraceae 1	lebombo ironwood (genus Androstachys)	pink cherry/hairybark (genus Austrobuxus)	box micrantheum, western tridentbush (genus Micrantheum)
rmçl	picrodendraceae 2	African oak (genus Oldfieldia)	quinine berry/quinine bush/quinine tree, long-leaved bitter bark (genus Petalostigma)	three-leaf piranhea (genus Piranhea)
rmçr	picrodendraceae 3	bitter plum, picrodendron (genus Picrodendron)	scrubby-spurge, tetracoccus, hollybush (genus Tetracoccus)	other picrodendraceous plant (other Picrodendraceae)
rmçř	phyllanthaceae 1	gooseberry, leafflower, red root floater, scrubby spurge, gale of the wind/stonebreaker/seed-under-leaf, mousetail plant, brush sauropus, chamberbitter, sand riverchonia, gripeweed/shatterstone (genus Phyllanthus)	bushweed, mehamehame (genus Flueggea)	pheasant-berry/egossa red pear/bushveld peacock-berry, bastard hogberry (genus Margaritaria)
rmçf	phyllanthaceae 2	Burmese grape, rambi/rambai, tampoi (genus Baccaurea)	coastal golden-leaf/mitzeeri, brush ironbark/scrub ironbark (genus Bridelia)	kudu berry (genus Pseudolachnostylis)
rmçv	phyllanthaceae 3	maidenbush (genus Leptopus)	poranthera (genus Poranthera)	other phyllanthaceous plant (other Phyllanthaceae)
rmçm	linaceae	flax (genus Linum)	dwarf-flax/western flax (genus Hesperolinon)	yellow flax/pyoli (genus Reinwardtia)
rmçn	rafflesiaceae	corpse lilly, rafflesia (genus Rafflesia)	rhizanthes (genus Rhizanthes)	sapria (genus Sapria)
rmçň	other linaceae & ixonanthaceae	northwestern yellowflax (genus Sclerolinon)	other linaceous plant (other Linaceae)	ixonanthaceous plant (Ixonanthaceae)
bzf	genus populus	poplar tree	cottonwood tree	aspen tree
bzfw	salicaceae 1	willow tree, osier, sallow (genus Salix)	brushholly, logwood, xylosma (genus Xylosma)	snuff-box tree/fried egg tree/fried-egg flower (genus Oncoba)
bzfy	salicaceae 2	azara (genus Azara)	kei apple/kai apple/kau apple (genus Dovyalis)	Batoko plum, Indian coffee plum, rukam (genus Flacourtia)
bzfl	salicaceae 3	flintwood/mountain cherry/brown birch/scolopia, mountain saffron/red pear (genus Scolopia)	sword-leaf (genus Casearia)	other salicaceous plant/tree (other Salicaceae)
bzfr	passifloraceae 1	passion flower, passion vine, grenadilla, passionfruit, maypop, water lemon/Jamaican honeysuckle, sweet calabash, bell apple, tumbo, goatsfoot (genus Passiflora)	monkey rope/snake climber/wild granadilla, hondala, adenia (genus Adenia)	damiana, white buttercup  sulphur alder/politician’s flower/dark-eyed turnera/white alder, turnera, ramgoat dashalong/yellow alder (genus Turnera)
bzfř	passifloraceae 2	ant tree (genus Barteria)	other passifloraceous plant/tree (other Passifloraceae)	n/a
bzfm	violaceae	violet, pansy, heartsease (genus Viola)	porcupine shrub, mahoe, whitey-wood, tree violet (genus Melicytus)	other violaceous plant (Violaceae except genera Viola, Melicytus)
bzfn	achariaceae	chaulmoogra (genus Hydnocarpus)	keluak/keluwak/kepayang/payang (genus Pangium)	wild peach (genus Kiggelaria)
bzfň	other achariaceae & humiriaceae	pau de Lepra (genus Carpotroche)	other achariaceous plant/tree (other Achariaceae)	humiriaceous plant (Humiriaceae)
gzfw	clusiaceae 1	autograph tree/copey/cupey/balsam apple/pitch-apple/Scotch attorney (genus Clusia)	tallow tree (genus Allanblackia)	saptree, mangosteen, gambooge/brindleberry/brindall berry/Malabar tamarind, garcinia (genus Garcinia)
gzfy	clusiaceae 2	bacuri/pakuri/maniballi/naranjillo (genus Platonia)	chewstick/chestick/manni (genus Symphonia)	other clusiaceous plant (other Clusiaceae)
gzfl	calophyllaceae 1	mastwood/Alexandrian laurel/beauty leaf, Nicobar canoetree, pink touriga, poonspar/sirpoontree (genus Calophyllum)	mammee apple/mamey apple/Santo Domingo apricot/tropical apricot/South American apricot (genus Mammea)	Ceylon ironwood/Indian rose chestnut (genus Mesua)
gzfr	calophyllaceae 2	malva-do-campo, pau santo (genus Kielmeyera)	other calcophyllaceous plant/tree (other Calophyllaceae)	n/a
gzfř	hypericaceae 1	St. John’s wort, goatweed, goldwire, sweet-amber, tutsan, pineweed/orangegrass, curry bush, sangrenaria, sanguinaria (genus Hypericum)	marsh St. John’s wort/bog St. John’s wort (genus Triadenum)	dragon’s blood tree/orange-milk tree/haronga (genus Harungana)
gzfm	hypericaceae 2	other hypericaceous plant (Hypericaceae except genera Hypericum, Triadenum, Harungana)	riverweed, podostemaceous plant (Podostemaceae)	n/a
gzfn	ochnaceae 1	ochna, plane, yellow mai flower, Mickey Mouse bush, bird’s-eye bush (genus Ochna)	red ironwood tree (genus Lophira)	yellow peeling plane (genus Brackenridgea)
gzfň	ochnaceae 2	jellyfish tree (genus Medusagyne)	other ochnaceous plant (other Ochnaceae)	n/a
mzvw	irvingiaceae & pandaceae	wild mango/African mango/bush mango, wild almond/barking deer’s mango (genus Irvingia)	other irvingiaceous plant (Irvingiaceae except genus Irvingia)	pandaceous plant (genera Panda, Microdesmis, Galearia)
mzvy	erythroxylaceae & ctenolophonaceae	coca plant, catuaba plant, brown plum, kerosene wood/turpentine tree (genus Erythroxylum)	other erythroxylaceous plant (genera Aneulophus, Nectaropetalum, Pinacopodium)	ctenolophon (genus Ctenolophon)
mzvl	rhizophoraceae 1	true mangrove, red mangrove (genus Rhizophora)	yellow mangrove, spurred mangrove/Indian mangrove (genus Ceriops)	orange mangrove, oriental mangrove/black mangrove/mangrove bean (genus Bruguiera)
mzvr	rhizophoraceae 2	corkwood/butterfly plant (genus Carallia)	other rhizophoraceous plant (other Rhizophoraceae)	n/a
mzvř	dichapetalaceae	poison-leaf (genus Dichapetalum)	tapura (genus Tapura)	stephanopodium (genus Stephanopodium)
mžvw	chrysobalanaceae 1	coco plum/paradise plum (genus Chrysobalanus)	sweet angelim, pajurá (genus Couepia)	gopher apple/ground oak, merecure, sansapote (genus Licania)
mžvy	chrysobalanaceae 2	Annamese burada, mobola plum, nonda plum, guinea plum (genus Parinari)	tabon-tabon (genus Atuna)	other chrysobalanaceous plant (other Chrysobalanaceae)
mžvl	caryocaraceae & lophopyxidaceae	souari tree, butter-nut of Guiana/pekea-nut tree (genus Caryocar)	anthodiscus (genus Anthodiscus)	lophopyxis (genus Lophopyxis)
mžvr	putranjivaceae & balanopaceae	ironplum, forest ironwood/bastard white ironwood, yellow tulipwood/grey boxwood/white myrtle/grey bark (genus Drypetes)	putranjiva (genus Putranjiva)	balanops (genus Balanops)
mžvř	other malpighiales	scyphostegiaceous, lacistemataceous, or goupiaceous plant (genera Scyphostegia, Lacistema, Lozania, Goupia)	bonnetiaceous plant (genera Archytaea, Bonnetia, Ploiarium)	trigoniaceous or euphroniaceous plant (Trigoniaceae, Euphroniaceae)
lmskw	oxalidaceae	wood sorrel, yellow sorrel, pink sorrel, false shamrock, sourgrass, stabwort, Cape shamrock, lavender sorrel, alpine sorrel, sleeping beauty, finger-leaf, Mexican shamrock, redwood sorrel/Oregon sorrel, love plant, spiral sorrel, coamo, oca/oka/New Zealand yam, volcanic sorrel, oxalis (genus Oxalis)	starfruit tree/carambola/five-corner tree, bilimbi (genus Averrhoa)	other oxalidaceous plant/tree (genera Biophytum, Dapania, Sarcotheca)
lmsky	connaraceae & huaceae	Indian zebrawood (genus Connarus)	other connaraceous plant (Connaraceae except genus Connarus)	huaceous plant (genera Hua, Afrostyrax)
lmskl	cunoniaceae 1	butterspoon tree/butterknife tree/African red alder, cunonia (genus Cunonia)	marara (genus Vesselowskya)	tawhero/towai, kamahi, encenillo, tineo (genus Weinmannia)
lmskr	cunoniaceae 2	horizontal scrub (genus Anodopetalum)	coachwood/scented satinwood/tarwood, New South Wales Christmas bush (genus Ceratopetalum)	Australian white birch/crab apple/white cherry/snowberry/humbug/squeaker (genus Schizomeria)
lmskř	cunoniaceae 3	red carabeen/leather jacket/brush mahogany/red bean/pink marara/bush marara (genus Karrabina)	rose marara/mararie/scrub rosewood/red carabeen (genus Pseudoweinmannia)	soft corkwood/rose-leaf marara/brown alder/sugarbark, tiaca (genus Caldcluvia)
lmskf	cunoniaceae 4	black wattle/butterwood/silver leaf/wild quince/callicoma (genus Callicoma)	hard alder (genus Pullea)	bauera, dog rose/river rose (genus Bauera)
lmskç	cunoniaceae 5	Davidson plum, mullumbimby plum, ooray (genus Davidsonia)	leatherwood, pinkwood/plumwood (genus Eucryphia)	other cunoniaceous plant (other Cunoniaceae)
lmskţ	elaeocarpaceae 1	quandong, whitewood/pigeonberry ash, grey carabeen/freckled oliveberry, blueberry ash, yoga tree, blue marble tree/blue fig, kalia, rudraksha tree (genus Elaeocarpus)	carabeen (genus Aceratium)	mountain wineberry, Chilean wineberry/maqui, wineberry (genus Aristotelia)
lmsks	elaeocarpaceae 2	grey quandong/buff quandong (genus Peripentadenia)	maiden’s blush, bullwood/montillo, acomat boucan, yellow carabeen (genus Sloanea)	pink-bells, black-eyed susan, shy susan (genus Tetratheca)
lmskš	elaeocarpaceae 3	tremandra (genus Tremandra)	other elaeocarpaceous plant (other Elaeocarpaceae)	n/a
lmskh	brunelliaceae & cephalotaceae	West Indian sumac (genus Brunellia)	Albany pitcher plant/Australian pitcher plant/fly-catcher plant (genus Cephalotus)	n/a
rţm	rosoideae 1	rose (genus Rosa)	agrimony (genus Agrimonia)	bastard-agrimony (genus Aremonia)
rţmw	rosoideae 2	African redwood/East African rosewood, hagenia (genus Hagenia)	oldwood (genus Leucosidea)	meadowsweet, mead wort, dropwort, queen-of-the-prairie (genus Filipendula)
rţmy	rosoideae 3	bidibid, biddy-biddy, pirri-pirri-bur, sheep’s burr, New Zealand-bur, burnet, liliwai (genus Acaena)	caperose (genus Cliffortia)	pearl-fruit (genus Margyricarpus)
rţml	rosoideae 4	queñoa (genus Polylepis)	burnet, burnet bloodwort (genus Sanguisorba)	prickly burnet/spiny burnet/thorny burnet (genus Sarcopoterium)
rţmr	rosoideae 5	Apache plume/ponil (genus Fallugia)	avens, herb bennet, prairie smoke, Tasmanian snowrose (genus Geum)	barren strawberry (genus Waldsteinia)
rţmř	rosoideae 6	lady’s mantle (genus Alchemilla)	parsley-piert, parsley breakstone, Australian piert, dew cup/lady’s mantle (genus Aphanes)	little-rose (genus Chamaerhodos)
rţnw	rosoideae 7	purple marshlocks/swamp cinquefoil/marsh cinquefoil (genus Comarum)	woody cinquefoil (genus Dasiphora)	sticky cinquefoil, tall cinquefoil/cream cinquefoil, rock cinquefoil (genus Drymocallis)
rţny	rosoideae 8	silverweed (genus Argentina)	horkelia (genus Potentilla previously classified in genus Horkelia)	mousetail, rock whitefeather, ivesia (genus Potentilla previously classified in genus Ivesia)
rţň	rosoideae 9	sibbaldia, creeping sibbaldia (genus Sibbaldia except Sibbaldia tridentata)	cinquefoil, barren strawberry, tormentil, fan-foil, old-field five-fingers (genus Potentilla previously not classified in genera Horkelia, Ivesia, Duchesnea)	three-toothed cinquefoil/shrubby fivefingers, wineleaf (Sibbaldia tridentata)
rţňw	rosoideae 10	mock strawberry/Indian-strawberry/false strawberry (genus Potentilla previously classified in genus Duchesnea)	other rosoid plant (other rosoid)	n/a
řž	fragaria plant (strawberry)	wild strawberry plant (Fragaria vesca, etc.)	strawberry plant cultivar	strawberry plant hybrid (Fragaria ananassa, etc.)
řt	rubus plant 1	raspberry plant (Rubus (Idaeobatus))	blackberry plant (Rubus (Rubus))	dewberry plant (Rubus sect. Caesii/Flagellares)
řtw	rubus plant 2	cloudberry plant (Rubus chamaemorus)	salmonberry plant (Rubus spectabilis)	thimbleberry plant (Rubus parviflorus)
řty	rubus plant hybrid 1	loganberry plant (Rubus loganobaccus)	boysenberry plant (Rubus ursinus × idaeus)	tayberry plant (Rubus fruticosus × idaeus)
řtl	rubus plant hybrid 2	marionberry plant (Rubus 'Chehalem' × 'Olallie')	youngberry plant (Rubus caesius 'Youngberry')	olallieberry plant (Rubus 'Black Logan' × 'Youngberry')
nž	maleae 1	🍏/🍎 apple tree (Malus domestica)	crabapple tree (genus Malus except Malus domestica))	pear tree (genus Pyrus)
nžw	maleae 2	quince (genus Cydonia)	Chinese quince (genus Pseudocydonia)	Japanese quince, Chinese flowering quince, Tibetan quince (genus Chaenomeles)
nžy	maleae 3	rowan/mountain-ash (genus Sorbus)	false medlar/dwarf whitebeam (genus Chamaemespilus)	serviceberry, juneberry, shadbush, snowy mespilus, saskatoon berry, shadbush, shadwood, shadblow, sarvisberry, sugarplum/wild-plum, chuckley pear (genus Amelanchier)
nžl	maleae 4	whitebeam (genus Aria)	service-tree/sorb tree (genus Cormus)	wild service-tree, chequers/checker tree (genus Torminalis)
nžr	maleae 5	hawthorn, quickthorn, thornapple, May-tree, whitethorn, hawberry (genus Crataegus)	India hawthorn/Hong Kong hawthorn (genus Rhaphiolepis)	loquat (genus Eriobotrya)
nžř	maleae 6	medlar (genus Mespilus)	false serviceberry (genus Malacomeles)	squaw apple/wild crab apple (genus Peraphyllum)
nžv	maleae 7	chokeberry (genus Aronia)	toyon/Christmas berry/California holly (genus Heteromeles)	cotoneaster (genus Cotoneaster)
nžt	prunus tree/shrub 1	almond tree (Prunus sect. Amygdalus, Prunus sect. Emplectocladus)	🍑 peach tree (Prunus sect. Persica)	peach tree bearing nectarine fruit (Prunus persica var. nucipersica)
nžtw	prunus tree/shrub 2	plum tree (Prunus sect. Prunocerasus, Prunus sect. Prunus)	apricot tree (Prunus sect. Armeniaca)	plum-apricot hybrid
nžty	prunus tree/shrub 3	cherry tree (Prunus (Cerasus))	sand cherry shrub (Prunus sect. Microcerasus)	bird cherry, cherry-laurel, bitter-berry, chokeberry (Prunus (Padus))
nžtl	amygdaloideae 1	Japanese marigold bush/miracle marigold bush/kerria (genus Kerria)	jetbead, rhodotypos (genus Rhodotypos)	blackbrush (genus Coleogyne)
nžtr	amygdaloideae 2	snow-wreath (genus Neviusia)	Hawaiian rose/Hawaiian hawthorn (genus Osteomeles)	firethorn, pyracantha (genus Pyracantha)
nžtř	amygdaloideae 3	photinia (genus Photinia)	Chinese photinia (genus Stranvaesia)	Arizona rosewood, slimleaf rosewood (genus Vauquelinia)
nžtç	amygdaloideae 4	lace shrub (genus Neillia)	ninebark (genus Physocarpus)	Indian physic, Bowman’s root (genus Gillenia)
nžtļ	amygdaloideae 5	Catalina ironwood (genus Lyonothamnus)	pearlbush (genus Exochorda)	osoberry/Indian plum (genus Oemleria)
nžd	amygdaloideae 6	false spiraea/false goat’s beard (genus Sorbaria)	fern bush/desert sweet (genus Chamaebatiaria)	chamise, redshanks/ribbonwood/ribbon bush (genus Adenostoma)
nždw	amygdaloideae 7	spiraea, bridewort, meadowsweet, hardhack/steeplebush (genus Spiraea)	rockmat, mat rock spiraea (genus Petrophytum)	partridgefoot/luetkea (genus Luetkea)
nždy	amygdaloideae 8	ocean spray/creambush, mountain spray/rock-spiraea (genus Holodiscus)	goatsbeard (genus Aruncus)	other amygdaloid plant/tree/shrub (other Amygdaloideae)
nžmw	dryadoideae 1	avens (genus Dryas)	mountain misery, bearclover/kit-kit-dizze (genus Chamaebatia)	mountain mahogany (genus Cercocarpus)
nžmy	dryadoideae 2	cliffrose, bitterbrush (genus Purshia previously not classified in genus Cowania)	evergreen cliffrose (genus Purshia previously classified in genus Cowania)	n/a
řç	moraceae 1	fig tree (genus Ficus)	mulberry tree (genus Morus)	African breadfruit tree (genus Treculia)
řçw	moraceae 2	breadfruit (Artocarpus altilis)	jackfruit (Artocarpus heterophyllus)	monkey fruit/lakoocha (Artocarpus lacucha)
řçl	moraceae 3	iroko/African teak (genus Milicia)	cow wood (genus Bagassa)	milk tree, Siamese rough bush (genus Streblus)
řçr	moraceae 4	bark cloth tree, antiaris, false iroko, upas tree (genus Antiaris)	urnfig/false-fig (genus Trilepisium)	Osage orange, old fustic/dyer’s mulberry, cudrang/mandarin melon berry/silkworm thorn/Chinese mulberry, cockspur thorn (genus Maclura)
řçř	moraceae 5	snakewood, breadnut/Maya nut, satine bloodwood, mama-cadela (genus Brosimum)	paper mulberry (genus Broussonetia)	mulberry weed/crabweed (genus Fatoua)
řçç	moraceae 6	dorstenia (genus Dorstenia)	other moraceous plant/tree (other Moraceae)	n/a
nžk	urticaceae 1	nettle, stinging nettle, creeping nettle, swamp nettle (genus Urtica)	nettle tree, stinging tree, bympie-bympie, lip tree (genus Dendrocnide)	Hawaii nettle, western nettle (genus Hesperocnide)
nžkw	urticaceae 2	woodnettle (genus Laportea)	flameberry, hopue, scratchbush, climbing-nettle (genus Urera)	New Zealand begonia/parataniwha (genus Elatostema)
nžky	urticaceae 3	baby’s tears/angel’s tears/bits and pieces/bread and cheese/Corsican creeper/Corsican curse/friendship plant, mind-your-own-business/mother of thousands/Paddy’s wig/Pollyanna vine (genus Soleirolia)	pellitory, lichwort, asthma (genus Parietaria)	silver springkles, friendship plant, artillery plant/gunpowder plant, Moon Valley plant/creeping Charlie, chinese money plant/missionary plant, Canadian clearweed, black-leaf panamiga (genus Pilea)
nžkl	urticaceae 4	Amazon grape/Amazon tree-grape/uvilla (genus Pourouma)	giant yellow mulberry/monkey fruit (genus Myrianthus)	pumpwood, cecropia, trumpet tree, guarumo (genus Cecropia)
nžkr	urticaceae 5	mamaki, Waimea pipturus (genus Pipturus)	maʻoloa (genus Neraudia)	other urticaceous plant (other Urticaceae)
nžkř	cannabaceae 1	cannabis, hemp, marijuana plant (genus Cannabis)	hop plant (genus Humulus)	hackberry, nettle tree, lote tree, white stinkwood, cottonwood, tala, almex (genus Celtis)
nžkf	cannabaceae 2	blue sandalwood/Tara wingceltis (genus Pteroceltis)	thorny elm (genus Chaetachme)	other cannabaceous plant (other Cannabaceae)
nžkç	ulmaceae 1	elm (genus Ulmus)	zelkova (genus Zelkova)	thorn-elm (genus Hemiptelea)
nžkţ	ulmaceae 2	Indian elm/jungle cork tree (genus Holoptelea)	planertree/water elm (genus Planera)	other ulmaceous tree (genera Ampelocera, Phyllostylon)
nžp	rhamnaceae 1	buckthorn, redberry, Avignon berry, staddo (genus Rhamnus)	buckthorn, coffeeberry, Indian cherry, black dogwood (genus Frangula)	bird plum, supplejack, rattan vine, pink ivory (genus Berchemia)
nžpw	rhamnaceae 2	bluewood, snakewood, purple haw, logwood, yana yana, condalia (genus Condalia)	coyotillo/cacachila (genus Karwinskia)	black ironwood/leadwood (genus Krugiodendron)
nžpy	rhamnaceae 3	darlingplum (genus Reynosia)	mock buckthorn, sageretia (genus Sageretia)	cat-thorn (genus Scutia)
nžpl	rhamnaceae 4	vine tree, whip vine, supplejack (genus Ventilago)	umbrella tree (genus Maesopsis)	chewstick, toothbrush tree (genus Gouania)
nžpr	rhamnaceae 5	California prickbush/California pineshrub, junco (genus Adolphia)	crucifixion thorn, thorn of the cross/anchor plant (genus Colletia)	hairy anchor plant/Australian anchor plant, matagouri (genus Discaria)
nžpř	rhamnaceae 6	Japanese raisin tree/oriental raisin tree (genus Hovenia)	Jerusalem thorn/garland thorn/Christ’s thorn/crown of thorns (genus Paliurus)	jujube, buffalo thorn, lotebush, hinap, red date/Chinese date, Chinese apple/Indian plum/dunks, mistol, graythorn/gumdrop tree/Texas buckthorn, zunna berry, ziziphus (genus Ziziphus)
nžpf	rhamnaceae 7	soapbush/soap dogwood (genus Noltea)	Saint Helena rosemary (genus Phylica)	cryptandra (genus Cryptandra)
nžpç	rhamnaceae 8	pomaderris, kumarahou/gum-digger’s soap, dogwood (genus Pomaderris)	basket bush, dusty miller, spyridium (genus Spyridium)	karri hazel (genus Trymalium)
nžpţ	rhamnaceae 9	soap bush/red ash, pink ash/white ash, kauila, sarsaparilla tree (genus Alphitonia)	ceanothus, Jersey tea, New Jersey tea/red root, buckbrush, pinemat, blueblossom, chaparral whitethorn, Barranca brush, coast whitethorn, California lilac (genus Ceanothus)	nakedwood, snakewood, greenheart, Texan hogplum, mabi/soldierwood, Pondo weeping thorn (genus Colubrina)
nžpļ	rhamnaceae 10	red-hair bush (genus Lasiodiscus)	yellow ash/bonewood (genus Emmenosperma)	other rhamnaceous plant (other Rhamnaceae)
nžps	elaeagnaceae	silverberry, oleaster, wolf-willow, Russian olive, lingaro berry, silverthorn, autumn olive (genus Elaeagnus)	buffaloberry/bullberry (genus Shepherdia)	sea-buckthorn/seaberry/sallowthorn/sandthorn (genus Hippophae)
nžpš	barbeyaceae & direchmaceae	barbeya (genus Barbeya)	dirachma (genus Dirachma)	n/a
řntw	fagaceae 1	beech tree (genus Fagus)	oak tree (genus Quercus)	chestnut tree (genus Castanea)
řnty	fagaceae 2	chinquapin/chinkapin (genus Castanopsis)	golden chinquapin (genus Chrysolepis)	trigonobalanus (genus Trigonobalanus)
řntl	fagaceae 3	stone oak (genus Lithocarpus)	tanoak/tanbark oak (genus Notholithocarpus)	n/a
řntr	nothofagaceae	Antarctic beech, Magellan’s beech, Dombey’s beech, lenga beech, New Guinea beech, New Caledonian beech (Nothofagus (Nothofagus), Nothofagus (Brassospora))	ruil, mountain beech, red beech, tanglefoot-beech, black beech, hard beech (Nothofagus (Fuscospora))	rauli, myrtle beech, hualo, Santiago’s oak, silver beech, Antarctic beech, Patagonian oak/roble beech (Nothofagus (Lophozonia))
řntř	myricaceae	bayberry/bay-rum tree, wax-myrtle, sweet gale/bog-myrtle, yumberry, candleberry (genus Myrica)	sweet-fern (genus Comptonia)	canacomyrica (genus Canacomyrica)
řntf	juglandaceae 1	walnut tree, butternut tree (genus Juglans)	wingnut tree (genus Pterocarya)	wheel wingnut tree (genus Cyclocarya)
řntç	juglandaceae 2	hickory tree, pignut, kingnut, shellbark (Carya sect. Carya, Carya sect. Sinocarya except Carya sinensis)	pecan tree, bitternut hickory, bitter pecan/water hickory, Mexican hickory (Carya sect. Apocarya)	Chinese hickory/beaked hickory (Carya sinensis)
řntļ	juglandaceae 3	gavilán, guayaba amarillo (genus Oreomunnea)	horsetail tree (genus Rhoiptelea)	other juglandaceous tree (genera Alfaroa, Engelhardia, Platycarya)
řntm	casurinaceae	she-oak, swamp oak, grey oak/river oak, common ironwood/Australian pine tree/whistling pine tree, belah (genus Casuarina)	she-oak, bull-oak, tamma, desert oak, karri oak, hairy oak (genus Allocasuarina)	other casuarinaceous tree (genera Gymnostoma, Ceuthostoma)
řntn	betulaceae 1	birch tree (genus Betula)	alder tree (genus Alnus)	hazel tree, filbert tree (genus Corylus)
řntň	betulaceae 2	hornbeam tree (genus Carpinus)	hop-hornbeam, ironwood (genus Ostrya)	hazel-hornbeam, ticodendron (genera Ostryopsis, Ticodendron)
bḑ	cucumis 1	European cantaloupe plant (Cucumis melo var. cantalupensis)	North American cantaloupe plant (Cucumis melo var. reticulatus)	muskmelon plant (other Cucumis melo variants)
bḑw	cucumis 2	honeydew melon plant (Cucumis melo var. inodorus)	Crenshaw melon plant (Cucumis 'Casaba' × 'Persian')	casaba melon plant (Cucumis melo var. inodorus 'Casaba')
bḑy	cucumis 3	cucumber vine (Cucumis sativus)	cackrey/West Indian gherkin vine (Cucumis anguria)	aardvark cucumber/aardvark pumpkin vine (Cucumis humifructus)
bḑn	benincaseae 1	watermelon (genus Citrullus)	winter melon/wax gourd/ash gourd/white gourd/tallow gourd/Chinese preserving melon (Benincasa hispida)	tinda/Indian squash/round melon (Benincasa fistulosa)
bḑm	benincaseae 2	nara melon, gemsbok cucumber (genus Acanthosicyos)	scarlet gourd, ivy gourd/tindora/kowai fruit (genus Coccinia)	Garcin’s bur cucumber (genus Blastania)
bḑň	benincaseae 3	native bryony/striped cucumber (genus Diplocyclos)	calabash/bottle gourd/long melon/New Guinea bean/Tasmania bean/white-flowered gourd (genus Lagenaria)	native cucumber/giant cucumber (genus Zehneria)
gḑm	cucurbita pepo 1	zucchini squash vine	scallop summer squash	crookneck squash vine
gḑn	cucurbita pepo 2	pumpkin vine	acorn squash vine	spaghetti squash vine
gḑḑ	cucurbita	winter squash, cushaw/silver-seed gourd, chilacayote/cidra/black seed squash, banana squash, buttercup squash, Hubbard squash, kabocha, butternut squash, calabaza, tromboncino (Cucurbita argyrosperma, Cucurbita ficifolia, Cucurbita maxima, Cucurbita moschata)	wild/non-cultivated cucurbita species (other Cucurbita)	n/a
gḑň	cucurbiteae	cranberry gourd (genus Abobra)	melonleaf, São Caetano melon, tayuya (genus Cayaponia)	cassabanana/casbanan/sikana/puttigel/musk cucumber (genus Sicana)
gḑg	cucurbitaceae 1	Socatran cucumber tree (genus Dendrosicyos)	tumamoc globeberry (Ibervillea macdougalii)	burr cucumber (genus Sicyos previously not classified in genus Sechium)
gḑgw	cucurbitaceae 2	luffa/loofah (genus Luffa)	serpent gourd, snake gourd (genus Trichosanthes)	exploding cucumber, stuffing cucmber/slipper gourd/caigua (genus Cyclanthera)
gḑgy	cucurbitaceae 3	chayote/mirliton/choko/christophine (genus Sicyos previously classified in genus Sechium)	manroot/wild cucumber/cucumber gourd/old man in the ground (genus Marah)	wild cucmber/prickly cucumber/bur cucumber (genus Echinocystis)
gḑgl	cucurbitaceae 4	bryony (genus Bryonia)	squirting cucumber/exploding cucumber (genus Ecballium)	fluted pumpkin, oyster nut, queen’s nut/Zanzibar oilvine (genus Telfairia)
gḑgr	cucurbitaceae 5	bitter melon/bitter apple/bitter gourd/bitter squash/balsam-pear, gac, spiny gourd/spine gourd/teasle gourd/kantola, balsam apple (genus Momordica)	monk fruit/Buddha fruit (genus Siraitia)	Manchu tubergourd/goldencreeper/wild potato (genus Thladiantha)
gḑgř	cucurbitaceae 6	bigfoot (genus Gerrardanthus)	antidote vine (genus Fevillea)	cucamelon/Mexican miniature watermelon, creeping cucumber/meloncito, egusi/white-seed melon (genus Melothria)
gḑgv	cucurbitaceae 7	Javan cucumber (genus Alsomitra)	jiaogulan/five-leaf ginsent/poor man’s ginseng/miracle grass/fairy herb/sweet tea vine/gospel herb/southern ginseng (genus Gynostemma)	other cucurbitaceous plant (other Cucurbitaceae)
gḑmw	begoniaceae & datiscaceae & tetramelaceae	begonia, aka ‘aka ‘awa (genera Begonia, Hillebrandia)	Durango root (genus Datisca)	tetrameles tree, octomeles tree (genera Tetrameles, Octomeles)
gḑnw	carynocarpaceae & coriariaceae	New Zealand laurel, Glenugie karaka (genus Corynocarpus)	redoul, tutu, deu/huique (genus Coriaria)	n/a
gḑňw	apodanthaceae & anisophylleaceae	stemsucker, apodanthes (genera Apodanthes, Pilostyles)	anisophylleaceous plant (Anisophylleaceae)	n/a
bḑbw	zygophyllaceae 1	Syrian bean-caper (genus Zygophyllum previously not classified in genera Fagonia, Tetraena)	fagonbush, simple-leaved bean caper/hureim (genus Zygophyllum previously classified in genera Fagonia, Tetraena)	coast twin-leaf (genus Roepera)
bḑby	zygophyllaceae 2	California caltrop, Arizona poppy, hairy caltrop, big caltrop, warty caltrop, perennial caltrip, Caribbean caltrop (genus Kallstroemia)	Jamaican feverplant/puncture vine, cork hopbush, goat’s-head/bullhead, cat’s-head/devil’s eyelashes/tackweed (genus Tribulus)	Egyptian balsam, Angolan greenthorn, small torchwood (genus Balanites)
bḑbl	zygophyllaceae 3	lignum-vitae (genus Guaiacum)	Texas gualacum/Texas lignum-vitae/soapbush/huayacán (genus Porlieria)	maracaibo lignum-vitae, verawood, Argentine lignum-vitae/Paraguay lignum-vitae (genus Bulnesia)
bḑbr	other zygophyllaceae & krameriaceae	chaparral, creosote bush/greasewood (genus Larrea)	other zygophyllaceous plant (other Zygophyllaceae)	rhatany/rattany, krameria, abrojo colorado (genus Krameria)
cfw	magnoliaceae	magnolia, sweetbay, bull bay, champak, champaca, banana shrub (genus Magnolia)	tulip tree/tulipwood/tulip poplar/whitewood/fiddletree/yellow-poplar (genus Liriodendron)	n/a
cfw	myristicaceae	nutmeg tree (genus Myristica)	baboonwood/ucuhuba/ucuuba (genus Virola)	other myristicaceous plant/tree (Myristicaceae except genera Myristica, Virola)
cfl	annonaceae 1	custard apple, soursop/graviola, pond apple/alligator apple, sugar apple/sweetsop, cherimoya, guanabana (genus Annona)	junglesop (genus Anonidium)	pawpaw (genus Asimina)
cfr	annonaceae 2	cananga tree, ylang-ylang (genus Cananga)	climbing lang-lang/ylang ylang vine (genus Artabotrys)	finger-root/bush banana (genus Uvaria)
cfř	annonaceae 3	calabash nutmeg (genus Monodora)	xylopia, Selim tree/Kani pepper tree/Senegal pepper tree/Ethiopian pepper tree (genus Xylopia)	other annonaceous plant (other Annonaceae)
cff	himantandraceae & degeneriaceae & eupomatiaceae	northern pigeonberry ash, white magnolia (genus Galbulimima)	karawa, masiratu (genus Degeneria)	bolwarra, copper laurel (genus Eupomatia)
cvw	lauraceae 1	laurel/bay laurel/sweet bay (genus Laurus)	Oregon myrtle/California bay laurel/California bay/cinnamon bush/peppernut tree/headache tree/mountain lurel/balm of heaven (genus Umbellularia)	dodder laurel/laurel dodder, devil’s twine, love vine (genus Cassytha)
cvy	lauraceae 2	cinnamon tree, camphor laurel/camphorwood, Selasian wood/Martaban camphor wood/saffrol laurel, kalingag tree, Indian bay leaf, malabathrum, red barked sassafras, stout camphor tree, false camphor tree/Nepal camphor tree (genus Cinnamomum)	sassafras (genus Sassafras)	spicebush, spicewood, Benjamin bush (genus Lindera)
cvl	lauraceae 3	bollywood/bollygum, brown beech, bolly beech, Mexican bay leaf, litsea, may chang, mangeao (genus Litsea)	green bolly gum, hairy bolly gum (genus Neolitsea)	blush walnut/hard bolly gum/nut wood, yellow walnut/yellow nut/canary ash, northern acorn tree, tawa tree, taraire tree (genus Beilschmiedia)
cvr	lauraceae 4	avocado tree, coyo (Persea americana, Persea schiedeana)	redbay, swampbay, lingue, large-flowered bay tree (Persea (Eriodaphne), genus Machilus)	sweetwood (genus Nectandra)
cvř	lauraceae 5	stinkwood, Brazilian sassafras, cape laurel, sword laurel (genus Ocotea)	greenheart (genus Chlorocardium)	other lauraceous plant/tree (other Lauraceae)
šţw	monimiaceae 1	Australian mulberry, pigeonwood/porokaiwhiri (genus Hedycarya)	lemonwood (genus Xymalos)	bois tambour (genus Tambourissa)
šţy	monimiaceae 2	boldo (genus Peumus)	tetra beech, wilkiea (genus Wilkiea)	other monimiaceous plant/tree (other Monimiaceae)
šţl	hernandiaceae	lantern tree (genus Hernandia)	helicopter tree/propeller tree/whirly whirly tree/stinkwood/shitwood (genus Gyrocarpus)	other hernandiaceous plant/tree (genera Illigera, Hazomalania, Sparattanthelium)
šţr	atherospermataceae 1	southern sassafras/blackheart sassafras (genus Atherosperma)	socketwood, light yellowwood (genus Daphnandra)	yellow sassafras/canary sassafras/golden sassafras/golden deal (genus Doryphora)
šţř	atherospermataceae 2	Peruvian nutmeg/Chilean laurel/Chilean sassafras, pukatea (genus Laurelia)	tepa (genus Laureliopsis)	other atherospermataceous plant (genera Dryadodaphne, Nemuaron)
šţm	calycanthaceae	sweetshrub, spicebush (genus Calycanthus)	wintersweet, Japanese allspice (genus Chimonanthus)	ribbonwood/idiot fruit (genus Idiospermum)
šţn	siparunaceae & gomortegaceae	siparunaceous plant (genera Siparuna, Glossocalyx)	gomortega, keule/queule (genus Gomortega)	n/a
ssw	piperaceae	pepper, pepper vine, pepperleaf, peppercorn, root bear plant, yerba santa, betel leaf vine, long pepper, ant plant/ant piper, kawakawa, cubeb, kava, pariparoba (genus Piper)	radiator plant, peperomia, watermelon begonia, baby rubberplant/pepper face, jade necklace/trailing jade/creeping buttons (genus Peperomia)	other piperaceous plant (genera Verhuellia, Zippelia, Manekia)
ssy	saururaceae	lizard’s tail/water-dragon/dragon’s tail/swamp root (genus Saururus)	yerba mansa/lizard tail (genus Anemopsis)	fish mint/fish leaf/rainbow plant/chameleon plant/fish wort/bishop’s weed/Chinese lizard tail (genera Houttuynia, Gymnotheca)
ssl	aristolochiaceae 1	birthwort, Dutchman’s pipe, fox’s ears, work killer, pipevine, swanflower, pelican flower, rooster flower, calico flower, sarrasine, smearwort, snakeroot, aristolochia (genus Aristolochia)	large-leaved Dutchman’s pipe (genus Isotrema)	jackal food (genus Hydnora)
ssr	aristolochiaceae 2	wild ginger, hazelwort/wild spikenard/asarabacca, Sichuan ginger (genus Asarum previously not classified in genus Hexastylis)	heartleaf, little brown jug (genus Asarum previously classified in genus Hexastylis)	other aristolochiaceous plant (other Aristolochiaceae)
ssř	canellaceae	wild cinnamon/white cinnamon/cinnamon bark (genus Canella)	chupacallos (genus Pleodendron)	other canellaceous plant/tree (genera Cinnamodendron, Cinnamosma, Warburgia)
ssm	winteraceae 1	winter’s bark/canelo (genus Drimys)	horopito, pepperwood (genus Pseudowintera)	pepperbush, pepper tree (genus Tasmannia)
ssn	winteraceae 2	hotbark (genus Zygogynum)	takhtajania (genus Takhtajania)	n/a
rjx	cristidiscoidea	slime mold (genus Fonticula)	nuclearia amoeba (genus Nuclearia)	parvularia amoeba (genus Parvularia)
rjg	rozellomyceta/cryptomycota	rozellid fungus (genera Rozella, Nucleophaga, Paramicrosporidium)	microsporidian fungus (Microsporidea)	aphelidiaceous fungus (Aphelidomyceta)
rjgw	chytridiomyceta	neocallimastigaceous fungus (Neocallimastigomycota)	monoblepharid fungus (Monoblepharomycota)	chytridiomycote fungus (Chytridiomycotina)
rjgy	blastocladiomycota	pyshodermataceous fungus (genera Physoderma, Paraphysoderma, Urophlyctis)	blastocladiaceous fungus (Blastocladiales)	entomophthoromycote fungus other than basidiobolomycote fungus (Entomophthoromycota except Basidiobolomycota)
rjgl	entomophthoromycota	basidiobolaceous fungus (Basidiobolales)	neozygitaceous fungus (genera Apterivorax, Neozygites)	kickxellomycotine fungus (Kickxellomycota)
rjgr	non-zoopagomycetic fungi other than mucoromycota	mortierellaceous fungus (Mortierellomycota)	calcarisporiellaceous fungus (genera Calcarisporiella, Echinochlamydosporium)	glomeromycotine fungus (Glomeromycota)
rjgv	mucoromycota	mucormycosis-causing fungus (genera Mucor, Rhizomucor, Rhizopus, Absidia, Apophysomyces, Cunninghamella)	other mucorales fungus (Mucorales except genera Mucor, Rhizomucor, Rhizopus, Absidia, Apophysomyces, Cunninghamella)	other mucoromycotine fungus (Endogonomycetes, Umbelopsidomycetes)
rjt	lichenized ascomycete fungus	lecanoromycetes fungus (Lecanoromycetes)	lichinales fungus (Lichinales)	arthoniomycetes fungus (Arthoniomycetes)
rjtw	pathogenic dothideomycetes	hortea wernecki (Hortea wernecki)	pyrenochaeta (Pyrenochaeta)	alternaria (Alternaria)
rjty	dothideomycetes	capnodiales, dothideales, myriangiales (Dothideomycetidae)	jahnulales, hysteriales, mytilinidiales, pleosporales (Pleosporomycetidae)	botryosphaeriales, microthyriales, patellariales, trypetheliales (other Dothideomycetes)
rjtl	eurotimycetes 1 [-ÇK- phaeohyphomycosis]	cladophialophora (genus Cladophialophora) [-ÇK- phaeohyphomycosis]	rhinocladiella (genus Rhinocladiella) [-ÇK- phaeohyphomycosis]	exophiala (genus Exophiala) [-ÇK- phaeohyphomycosis]
rjtr	eurotimycetes 2	coccidioides (genus Coccidioides)	aspergillus (genus Aspergillus)	talaromyces (genus Talaromyces)
rjtř	eurotimycetes 3 [-ÇK- ringworm/athlete’s foot]	trichophyton (genus Trichophyton) [-ÇK- ringworm/athlete’s foot]	microsporum (genus Microsporum) [-ÇK- ringworm/athlete’s foot]	epidermophyton (genus Epidermophyton) [-ÇK- ringworm/athlete’s foot]
rjtç	eurotimycetes 4	histoplasma (genus Histoplasma)	blastomyces (genus Blastomyces)	paracoccidioides (genus Paracoccidioides)
rjtf	eurotimycetes 5	mycocaliciomycetid fungus (Mycocaliciomycetidae)	chaetothryiomycetid fungus (Chaetothyriomycetidae except Exophiala)	other eurotimycetid fungus (other Eurotimycetidae)
rjth	sordariomycetes 1	fusarium (genus Fusarium)	acremonium (genus Acremonium) [-ÇK- hyalohyphomycosis]	madurella (genus Madurella)
rjtļ	sordariomycetes 2	pseudallescheria (genus Pseudallescheria)	sporothrix (genus Sporothrix) [-ÇK- rose handler’s disease]	claviceps, ergot (genus Claviceps)
rjthw	sordariomycetes 3	xylaria (genus Xylaria)	colletotrichum (genus Colletotrichum)	other sordariomycetes fungus (other Sordariomycetes)
rjd	leotiomycetes 1	cytariales fungus (genus Cyttaria, Cyttariella)	erysiphaceous fungus, powdery mildew (Erysiphales)	helotiales fungus (Helotiales)
rjdv	leotiomycetes 2	leotiales fungus (Leotiales)	rhytismatales fungus (Rhytismatales)	thelobolales fungus (Thelebolales)
rjb	pezizomycetes 1	cup fungus (Pezizaceae)	cup fungus, orange peel fungus (Pyronemataceae)	cup fungus (Sarcoscyphaceae)
rjbw	pezizomycetes 2	morel (genus Morchella)	morchellaceous fungus (Morchellaceae except genus Morchella)	cup fungus (Chorioactidaceae)
rjby	pezizomycetes 3	false morel (genus Gyromitra)	discinaceous fungus (Discinaceae except genus Gyromitra)	elfin saddle (Helvellaceae)
rjbl	pezizomycetes 4	truffle (genus Tuber)	tuberaceous fungus (Tuberaceae except genus Tuber)	other pezizomycetes fungus (Sarcosomataceae, Ascobolaceae, Ascodesmidaceae, Rhizinaceae, Glaziellaceae,  Carbomycetaceae, Caloscyphaceae)
rjbr	pezizomycotina 1	coniocybaceous fungus (Coniocybomycetes)	xylonaceous or symbiotaphrinacous fungus (Xylonomycetes)	geoglossaceous fungus (Geoglossomycetes)
rjbř	pezizomycotina 2	laboulbeniomycetes fungus (Laboulbeniomycetes)	orbiliaceous fungus (Orbiliomycetes)	lahmia, medeolaria, triblidiaceous fungus (Pezizomycotina except Laboulbeniomycetes and Orbiliomycetes)
rjxm	saccharomycotine yeast	baker’s yeast (genus Saccharomyces)	candida yeast (genus Candida)	saccharomycotine yeast (Saccharomycotina except genera Saccharomyces, Candida)
rjxn	taphrinomycotine yeast	fission yeast (Schizosaccharomycetes)	pneumocystis yeast (genus Pneumocystis)	taphrinomycontine yeast (Taphrinomycotina except Schizosaccharomycetes and genus Pneumocystis)
rjxw	ascomycetes	thelocarpaceous fungus (Thelocarpaceae)	vezdaea fungus (genus Vezdaea)	other ascomycete fungus (other Taphrinomycotina)
rţk	cantharellales 1	yellow chanterelle (genus Cantherellus)	tube chanterelle/yellowfoot chanterelle/yellow-leg, trompette de la mort/horn of plenty (genus Craterellus)	other cantharellaceous mushroom (genus Goossensia, Parastereopsis, Pseudocraterellus, Pterygellus)
rţkw	cantharellales 2	sweet tooth fungus/hedgehog mushroom/urchin of the woods, pied de mouton (genus Hydnum)	hydnoid fungus/tooth fungus (Hydnaceae)	corticioid fungus/patch fungus/crust fungus (Botryobasidiaceae)
rţky	cantharellales 3	clavarioid fungus (Clavulnaceae)	club fungus/coral fungus (Aphelariaceae)	other cantharellales fungus (Ceratobasidaceae, Tullasnellaceae)
rţkl	polyporaceae	sulpher shelf/sulphur polypore, chicken/crab/lobster-of-the-woods (genus Laetiporus)	native bread/blackfellow’s bread (Laccocephalum/Polyporus)*	dryad’s saddle/pheasant’s back mushroom (genus Cerioporus)
rţkr	polyporales	maitake/ram’s head/sheep’s head mushroom (genus Grifola)	cauliflower fungus/mushroom (genus Sparassis)	other polyporales fungus (other Polyporales)
rţkř	agaricomycetes 1	wood/Judas’/jelly ear, cloud ear (genus Auricularia)	other auriculariales fungus (Auriculariales except Auricularia)	jelly fungus (Sebacinales)
rţkf	agaricomycetes 2	stereopsidales fungus (genera Stereopsis, Clavulicium)	earthstar fungus (Geastraceae)	hysterangiales fungus (Hysterangiales)
rţkţ	agaricomycetes 3	pine-spike/spike-cap (genus Chroogomphus)	coral fungus (genus Ramaria)	pig’s ear fungus (Gomphaceae)
rţkç	agaricomycetes 4	hydnodontaceous fungus (Hydnodontaceae)	hymenochaetales fungus (Hymenochaetales)	stinkhorn fungus (Phallaceae)
rţks	agaricomycetes 5	shingled/scaly hedgehog fungus (genus Sarcodon)	bankeraceous fungus (Bankeraceae except Sarcodon)	leathery earthfan fungus (Thelephoraceae)
rţkš	agaricomycetes 6	corticiales fungus (Corticiales)	jaapia fungus (genus Jaapia)	gloeophyllaceous fungus (Gloeophyllales)
rţkm	russulaceae	brittlegill, Charcoal Burner, Sickener, erupting mushroom, shrimp mushroom, the Flirt (genus Russula)	milk-cap (genus Lactarius)	milky, milk-cap (genus Lactifluus)
rţkn	russulales	lion’s mane/monkey head/bearded tooth/satyr’s bear/bearded hedgehog/pom pom mushroom (genus Hericium)	Berkeley’s polypore / stum blossom (genus Bondarzewia)	other russulales fungus (other Russulales)
rţkh	agaricomycetidae	lepidostramataceous fungus (Lepidostromataceae)	atheliaceous fungus (Atheliaceae)	amylocorticiaceous fungus (Amylocorticiaceae)
rţx	boletales 1	cep/penny bun/porcini mushroom, old man of the woods (genus Boletus)	red-capped scaber stalk, northern roughstem, birch bolete, Aspen bolete, slate bolete, manzanita bolete (genus Leccinum)	weeping/granulated bolete, Slippery Jack, woolly-capped suillus, Jersey cow mushroom/bovine bolete (genus Suillus)
rţxw	boletales 2	shoro (genus Rhizopogon)	earthball fungus, hard-skinned puffball, prettymouth, dyer’s puffball (Sclerodermataceae)	other boletales fungus (other Boletales)
pţp	agaricaceae 1	common/button/crimini/champignon/baby bella/portabella mushroom (genus Agaricus)	shaggy ink cap/shaggy mane/lawyer’s wig (genus Coprinus)	yellow pot-plant mushroom (genus Leucocoprinus)
pţpw	agaricaceae 2	true puffball (genus Bovista)	culptured puffball/sculptured giant puffball/warted giant puffball (genus Calbovista)	puffball, giant puffball (genus Calvatia)
pţpy	agaricaceae 3	common/warted/gem-studded/wolf farts/devil’s snuff-box, pear-shaped, meadow, grassland/spring, peeling, smooth/soft puffball, dusky, umber-brown puffball (genus Lycoperdon)	stalkball/stalked puffball (genus Tulostoma)	n/a
pţpl	agaricaceae 4	parasol mushroom (genus Macrolepiota)	shaggy parasol mushroom (genus Chlorophyllum)	other agaricaceous mushroom (other Agaricaceae)
pţpr	hymenogastraceae 1	magic/psychedelic mushroom (genus Psilocybe)	dung-loving/mountain moss Psilocybe (genus Deconica)	magic blue gym, laughing gym/spectacular rustgill, common rustgill, scaly restgill, western jumbo gym (genus Gymnopilus)
pţpř	hymenogastraceae 2	autumn skullcap, turf bell (genus Galerina)	poison pie/fairy cake, ghoul fungus (genus Hebeloma)	other hymenogastraceous mushroom (other Hymenogastraceae)
pţpf	strophariaceae 1	winecap/burgundy/garden giant, roundhead mushroom (genus Stropharia)	pioppino/velvet pioppino/poplar mushroom/black poplar mushroom (genus Agrocybe/Cyclocybe)	nameko mushroom (genus Pholiota)
pţpç	strophariaceae 2	sulphur tuft/clustered woodlover, brick cap/chestnut mushroom/cinnamon cap/brick top/red woodlover/kuritake (genus Hypholoma)	sheathed woodtuft (genus Kuehneromyces)	other strophariaceous mushroom (other Strophariaceae)
pţpļ	agaricineae 1	bird’s nest fungus (Nidulariaceae)	cystodermateous or squamanitaceous fungus (Cystodermateae/Squamanitaceae)	crassisporiaceous mushroom (genera Crassisporium, Romagnesiella)
pţps	agaricineae 2	cortinar/webcap, Gypsy mushroom (genus Cortinarius)	other cortinariaceous mushroom (Cortinariaceae except Cortinarius)	bolbitiaceous mushroom (Bolbitiaceae)
pţpš	agaricineae 3	deceiver mushroom (genus Laccaria)	other hydnangiaceous mushroom (Hydnangiaceae except Laccaria)	psathyrellaceous mushroom (Psathyrellaceae)
pţph	agaricineae 4	crepidotaceous fungus (Crepidotaceae)	inocybaceous fungus (Inocybaceae)	tubariaceous fungus (Tubariaceae)
pţphw	agaricineae 5	mythicomycetaceous fungus (genera Mythicomyces, Stagnicola)	gimnopilean fungus (Gimnopileae)	other agaricine fungus (other Agaracineae)
pšxw	tricholamatineae 1	mycenaceous mushroom (Mycenaceae)	catathelasmataceous mushroom (Catathelasmataceae/Biannulariaceae)	entolomataceous mushroom (Entolomataceae)
pšxl	tricholamatineae 2	beech mushroom, bunapi-shimeji, buna-shimeji (genus Hypsizygus)	St. George’s mushroom/marzolino (genus Calocybe)	other lyophyllaceous mushroom (other Lyophyllaceae)
pšxr	tricholamatineae 3	wood blewit/blewitt muschroom (genus Clitocybe)	matsutake mushroom, ponderosa/pine/American matsutake mushroom, grey knight/dirty tricholoma (genus Tricholoma)	other tricholamatine mushroom (other Tricholamatineae)
lvm	marasmiaceae	parachute, fairy ring, or pinwheel mushroom (genus Merasmius)	coincap mushroom (genus Clitocybula)	other marasmiaceous mushroom (other Marasmiaceae)
lvmw	omphalotaceae	shiitake mushroom (genus Lentinula)	wood woolly-foot or spindle-shank mushroom (genus Gymnopus)	other omphalotaceous mushroom (other Omphalotaceae)
lvmy	physalacriaceae	enoki/golden needle/seafood/lily/winter mushroom/fungus or velvet foot/shank/stem (genus Flammulina)	honey mushroom/fungus (genus Amillaria)	other physalacriaceous mushroom (other Physalacriaceae)
lvmr	marasmiineae	cyphellaceous mushroom (Cyphellaceae)	niaceous fungus (Niaceae/Lachnellaceae)	other marasmiine mushroom (other Marasmiineae)
bzvw	schizophyllineae	schizophyllaceous mushroom (genera Auriculariopsis, Schizophyllum)	beefsteak/ox tongue mushroom (genus Fistulina)	other fistulinaceous mushroom (other Fistulinaceae)
bzvy	hygrophoraceae 1	woodwax/waxy cap, herald of winter (genus Hygrophorus)	waxcap mushroom (genus Hygrocybe)	other hygrophoraceous mushroom (other Hygrophoraceae)
bzvl	hygrophoraceae 2	coral/antler/finger/clavariaceous fungus or worm mold/spaghetti mushroom (Clavariaceae)	typhulaceous mushroom (Typhulaceae)	other hygrophoriine fungus/mushroom (other Hygrophoriineae)
nzgw	amanitaceae	Caesar’s mushroom (Amanita caesaria)	fly agaric, blusher mushroom, panther cap, death cap, orange spring amanita, destroying angel (genus Amanita)	other amanitaceous mushroom (other Amanitaceae)
nzgy	pluteaceae 1	deer mushroom/deer shield/fawn mushroom (Pluteus cervinus)	knackers crumpet (Pluteus salicinus)	straw mushroom (genus Volvariella)
nzgl	pluteaceae 2	other pluteaceous mushroom (other Pluteaceae)	pterulaceous mushroom (Pterulaceae)	radulomytaceous mushroom (Radulomytaceae)
nzgr	pleurotineae	oyster, abalone, or king tuber mushroom (genus Pleurotus)	other pleurotaceous mushroom (other Pleurotaceae)	other agaricales fungus (other Agaricales)
ẓbv	tremellomycetes 1	snow fungus/snow ear/silver ear fungus/white jelly mushroom (genus Tremella)	cryptococcus (genus Cryptococcus)	trichosporon (genus Trichosporon)
ẓdv	tremellomycetes 2	other tremellales fungus/yeast (Carcinomycetaceae, Cuniculitremaceae, Phragmoxenidaceae, Rhynchogastremataceae, Sirobasidiaceae, Tetragoniomycetaceae, Trichosporonaceae)	filobasidium (Filobasidiales)	cystofilobasidiaceous fungus (Cystofilobasidiales)
ẓgv	dacrymycetes/bartheletiomycetes	dacrymycetaceous fungus (Dacrymycetaceae)	bartheletia fungus (genus Bartheletia)	n/a
bzdv	other basidiomycota	pucciniomycotine fungus/rust fungus (Pucciniomycotina)	ustilaginomycotine fungus/smut fungus (Ustilaginomycotina)	wallemia fungus (genus Wallemia)
rzdv	entorrhizomycota	talbotiomyces (genus Talbotiomyces)	juncorrhiza (genus Juncorrhiza)	entorrhiza (genus Entorrhiza)
mļm	haptista/primitive unicellular eukaryote 1	glaucocystid alga (Glaucophyta)	ancoracysta (Alveidea)	spironemid (Hemimastigophora)
mļmw	haptista/primitive unicellular eukaryote 1	pavlovophyceous alga (Pavlovophyceae)	prymnesiophyceous alga (Prymnesiophyceae)	rappemonid alga (Rappephyceae)
mļmy	centroheliozoa	pterocystid heliozoan (Pterocystida)	acanthocystid heliozoan (Acanthocystida)	spiculophrys (genus Spiculophrys)
mļml	corbihelia	microhelid or heliomorphid alga (genera Microheliella, Heliomorpha)	picozoan (genus Picomonas)	telonemid alga (genera Telonema, Lateronema)
mļmr	cryptista	cryptophytic alga (Cryptophyta)	leucocryptid/katablepharid alga (Leucocrypta/Katablepharidophyta)	palpitomonad alga (genus Palpitomonas)
bzgv	unicellular red alga	cyanidiales alga (Cyanidiales)	rhodellales alga (Rhodellales)	porphyridiales alga (Porphyridiophyceae)
bzgw	metarhodophytina (red algae)	dillisk/dilsk/red dulse/sea lettuce flakes (genus Palmaria)	black brush/black beard algae (genus Audouinella)	nemaliophycid alga/seaweed (other Nemaliophycidae)
bzgy	gigartinacea (red algae)	Irish moss (genus Chondrus)	Turkish towel seaweed (genus Chondracanthus)	gigartinaceous alga/seaweed (other Gigartinaceae)
bzgl	phyllophoracea (red algae)	carragheen/false Irish moss, Turkish washcloth/black tar spot/grapestone (genus Mastocarpus)	leaf bearer (genus Phyllophora)	phyllophoraceous alga/seaweed (other Phyllophoraceae)
bzgr	solieriaceae (red algae)	guso (genus Euchuma)	tosaka-nori (genus Meristotheca)	elkhorn sea moss (genus Kappaphycus)
bzgř	gigarinales (red algae)	carola seaweed (genus Callophyllis)	sea belt, poor man’s weather glass (genus Dilsea)	gigartinales seaweed (other Gigartinales)
bzgm	rhodymeniophycidae (red algae)	banded siphon weed, lobster horns (genus Polysiphonia)	ogo/ogonori/sea moss (genus Gracilaria)	umutgasari, tengusa, makusa, genso  (genus Gelidium)
bzgn	florideophycea (red algae)	coralline alga (Corallinophycidae)	rhodymeniophycid alga/seaweed (other Rhodymeniophycidae)	other florideophyceous alga (Hildenbrandiophycidae, Ahnfeltiophycidae)
bzgz	bangiaciae (red algae)	nori/purple laver seaweed (genus Porphyra)	southern laver, gim/nori, karengo (genus Pyropia)	bangiacieous alga/seaweed (other Bangiaceae)
bzgḑ	metarhodophytina (red algae)	compsopogonophyceous alga/seaweed (Compsopogonophyceae)	stylonemataceous alga/seaweed (Stylonemataceae)	rufusia alga (genus Rufusia)
lmḑm	stramenophile/heterokont 1	water mold, downy mildew (Oomycetes/Peronosporomycetes)	hyphochytrid (Hyphochytridiomycota)	developayella (Bigyromonadea)
lmḑn	stramenophile/heterokont 2	bicosoecid, including Cyathobodonia (Bicosidia)	slime net, thraustochytrid, eogyea, amphitrematid (Sagenista)	placidian protist (Placidozoa)
lmḑň	stramenophile/heterokont 3	opaline protist (Opalinata)	actinophryid protist (Nucleohelea)	opalozoan protist (other Opalozoa)
lmḑḑ	stramenophile/heterokont 4	pirsonia (genus Pirsonia)	platysulcus (genus Platysulcus)	blastocystis (genus Blastocystis)
gḑd	bacillariphyta (diatom)	raphid diatom (Bacillariophyceae)	araphid diatom (Fragilariophyceae)	centric diatom (Coscinodiscophyceae)
gḑdw	hypogyrista	bolidophyte, bolidophyceous plankton (Bolidophyceae)	dictyochophyte (Dictyochophyceae)	pelagophyte (Pelagophyceae)
gḑdy	chrysista 1	pinguiophyte (Pinguiophyceae)	eustigmatophyte (Eustigmatophyceae)	picophagus (Picophagus)
gḑdl	chrysista 2	synchromophyte (genera Synchroma, Chlamydomyxa)	desmid/golden alga/golden-brown alga/chrysophyte/chrysomonad, synurid (Chrysophyceae)	leukarachnion (genus Leukarachnion)
gḑdr	chrysista 3	raphidophyte (Raphidophyceae)	chrysomerphyte (Chrysomerophyceae)	phaeothamniophyte (Phaeothamniophyceae)
gḑdř	chrysista 4	yellow-green algae (Xanthophyceae)	other chrysista alga (other Chrysista)	n/a
ňžg	edible brown alga (kelp) 1	kombu, haidai seaweed, oarweed (genus Laminaria)	kombu (genus Saccharina)	wakame, hiromi (genus Undaria)
ňžgw	edible brown alga (kelp) 2	arame/sea oak (genus Eisenia)	winged kelp, badderlocks (genus Alaria)	paddle weed/kajime/noro-kajime (genus Ecklonia)
ňžgy	edible brown alga (kelp) 3	rimurapa/cochayuyo (genus Durvillaea)	sea palm/palm seaweed (genus Postelsia)	bull/bullwhip/ribbon kelp (genus Nereocystis)
ňžgl	edible brown alga (kelp) 4	sugar kelp/sea belt/Devil’s apron (genus Kjellmaniella)	bladderwrack, spiral wrack (genus Fucus)	channelled wrack (genus Pelvetia)
ňžgr	edible brown alga (kelp) 5	thongweed (genus Himanthalia)	hiziki (genus Hizikia)	mozuku (genus Cladosiphon)
ňžgř	edible brown alga (kelp) 6	ito-mozuku (genus Nemacystus)	futo mozuku (genus Tinocladia)	ishi-mozuku (genus Sphaerotrichia)
ňžgv	unusual brown alga (kelp)	sargasso kelp (genus Sargassum)	chrysoparadoxa (genus Chrysoparadoxa)	other paeophyte/brown alga (other Phaeophyceae)
nţk	heterotrichea 1	blepharisma (genus Blepharisma)	climacostomum (genus Climacostomum)	fabrea (genus Fabrea)
nţkw	heterotrichea 2	phacodinium (genus Phacodinium)	protocruzia (genus Protocruzia)	condylostoma (genus Condylostoma)
nţky	heterotrichea 3	folliculina (genus Folliculina)	spirostomum (genus Spirostomum)	stentor (genus Stentor)
nţkl	heterotrichea 4	maristentor (genus Maristentor)	peritromus (genus Peritromus)	other heterotrich ciliate (other Heterotrichea)
nţkr	karyorelictea 1	loxodes (genus Loxodes)	cryptopharynx (genus Cryptopharynx)	geleia (genus Geleia)
nţkř	karyorelictea 2	kentrophorus (genus Kentrophorus)	tracheloraphis (genus Tracheloraphis)	other karyorelict ciliate (other Karyorelictea)
nţkf	colpodea 1	colpoda (genus Colpoda)	bresslaua (genus Bresslaua)	tillina (genus Tillina)
nţkç	colpodea 2	woodruffia (genus Woodruffia)	bryophrya (genus Bryophrya)	other colpodid ciliate (other Colpodea)
nţks	nassophorea	nassula (genus Nassula)	discotricha (genus Discotricha)	other nassophorid ciliate (other Nassophorea)
nţkš	peritrichia	vorticella (genus Vorticella)	cothurnia (genus Cothurnia)	other peritrich ciliate (other Peritrichia)
nţkm	oligohymenophorea 1	paramecium (genus Paramecium)	frontonia (genus Frontonia)	urocentrum (genus Urocentrum)
nţkn	oligohymenophorea 2	tetrahymena (genus Tetrahymena)	glaucoma (genus Glaucoma)	colpidium (genus Colpidium)
nţkh	oligohymenophorea 3	ichthyophthirius (genus Ichthyophthirius)	ophryoglena (genus Ophryoglena)	other oligohymenophorean ciliate (other Oligohymenophorea)
nţtw	phyllopharyngea 1	cryptogemmid ciliate (Cryptogemmida)	exogemmid ciliate (Exogemmida)	chlamydodontid ciliate (Chlamydodontida)
nţty	phyllopharyngea 2	dysteriid ciliate (Dysteriida)	hypocomatid ciliate (Hypocomatida)	rhynchodid ciliate (Rhynchodida)
nţtl	phyllopharyngea 3 (scutorian)	endogenid suctorian (Endogenida)	exogenid suctorian (Exogenida)	evagionogenid or other suctorian (Evaginogenida, other Suctoria)
nţtr	prostomatea 1	coleps (genus Coleps)	prorodon (genus Prorodon)	placus (genus Placus)
nţtř	prostomatea 2	urotricha (genus Urotricha)	chilophrya (genus Chilophrya)	balanion (genus Balanion)
nţtç	prostomatea 3	bursella (genus Bursella)	holophrya (genus Holophrya)	other prostomate ciliate (other Prostomatea)
nţtf	plagiopylea 1	plagiopyla (genus Plagiopyla)	sonderia (genus Sonderia)	discomorphella (genus Discomorphella)
nţtļ	plagiopylea 2	epalxella (genus Epalxella)	saprodinium (genus Saprodinium)	other plagiopylean ciliate (other Plagiopylea)
nţc	litostomatea 1	chaenia (genus Chaenia)	didinium (genus Didinium)	homolozoon (genus Homolozoon)
nţcw	litostomatea 2	lachrymaria (genus Lachrymaria)	dileptus (genus Dileptus)	trachelius (genus Trachelius)
nţč	litostomatea 3	spathidium (genus Spathidium)	enchelys (genus Enchelys)	mesodinium (genus Mesodinium)
nţčw	litostomatea 4	amphileptus (genus Amphileptus)	loxophyllum (genus Loxophyllum)	litonotus (genus Litonotus)
nţth	litostomatea 5	trachelophyllum (genus Trachelophyllum)	balantidium (genus Balantidium)	other litostomate ciliate (other Litostomatea)
nţp	spirotrichea 1	euplotes (genus Euplotes)	paraeuplotes (genus Paraeuplotes)	diophrys (genus Diophrys)
nţpw	spirotrichea 2	euplotidium (genus Euplotidium)	aspidisca (genus Aspidisca)	uronychia (genus Uronychia)
nţpy	spirotrichea 3	stylonychia (genus Stylonychia)	steinia (genus Steinia)	pleurotricha (genus Pleurotricha)
nţpl	spirotrichea 4	oxytricha (genus Oxytricha)	urosoma (genus Urosoma)	kahliella (genus Kahliella)
nţpr	spirotrichea 5	urostyla (genus Urostyla)	uroleptus (genus Uroleptus)	tachysoma (genus Tachysoma)
nţpř	spirotrichea 6	amphisiella (genus Amphisiella)	uroleptoides (genus Uroleptoides)	tetrastyla (genus Tetrastyla)
nţpç	spirotrichea 7	gonostomum (genus Gonostomum)	holosticha (genus Holosticha)	epiclintes (genus Epiclintes)
nţpf	spirotrichea 8	strongylidium (genus Strongylidium)	kerona (genus Kerona)	trachelostyla (genus Trachelostyla)
nţpļ	spirotrichea 9	hypotrichidium (genus Hypotrichidium)	stichotricha (genus Stichotricha)	other spirotrich ciliate (other Spirotrichea)
nţps	oligotrichea 1	halteria (genus Halteria)	strombidium (genus Strombidium)	tontonia (genus Tontonia)
nţpš	oligotrichea 2	tintinnidium (genus Tintinnidium)	strombidinopsis (genus Strombidinopsis)	other oligotrich ciliate (other Oligotrichea)
nţph	armophorea	metopus (genus Metopus)	chaenomorpha (genus Chaenomorpha)	other armophorean ciliate (other Armophorea)
nţphw	unusual ciliophora	muranothrix (genus Muranothrix)	cariacothrix (genus Cariacothrix)	other unicellular ciliate (other Ciliophora)
nţfw	apicomplexa/sporozoa 1	plasmodium (genus Plasmodium)	toxoplasma (genus Toxoplasma)	cryptosporidium (genus Cryptosporidium)
nţfy	apicomplexa/sporozoa 2	cyclospora (genus Cyclospora)	cystoisospora/isospora (genus Cystoisospora)	hepatocystis (genus Hepatocystis)
nţfl	apicomplexa/sporozoa 3	babesia (genus Babesia)	entopolypoides (genus Entopolypoides)	theileria (genus Theileria) [-ÇK- equine piroplasmosis]
nţfr	apicomplexa/sporozoa 4	nycteria (genus Nycteria)	rayella (genus Rayella)	other apicomplexan/sporozoan parasite (other Apicomplexa)
nţvw	dinoflagellata 1	tripos (genus Tripos)	ceratium (genus Ceratium)	gonyaulax (genus Gonyaulax)
nţvy	dinoflagellata 2	peridinium (genus Peridinium)	gymnodinium (genus Gymnodinium)	oxyrrhis (genus Oxyrrhis)
nţvl	dinoflagellata 3	amoebophrya (genus Amoebophrya)	noctiluca (genus Noctiluca)	other dinoflagellate (other Dinoflagellata)
nţvr	dinoflagellata 4	chromerid myzozoan (Chromerida)	perkinsean parasite (Perkinsozoa)	other myzozoan, including Protalveolata (other Myzozoa)
rmt	monadofilose cercozoan 1	euglypha (genus Euglypha)	trinema (genus Trinema)	thamatomonad cercozoan (Thaumatomonadida)
rmtw	monadofilose cercozoan 2	phaeodarian cercozoan (Phaeodarea)	tectofilosid cercozoan (Tectofilosida)	other thecofilose cercozoan (other Thecofilosea)
rmty	monadofilose cercozoan 3	cercomonas (genus Cercomonas)	kraken (genus Kraken)	other monadofilose cercozoan (other Monadofilosa)
rmtl	reticulofilose cercozoan	clathrulina (genus Clathrulina)	hedriocystis (genus Hedriocystis)	other reticulose cercozoan (other Reticulofilosa)
rmtr	endomyxan cercozoan 1	vampyrella (genus Vampyrella)	pseudospora (genus Pseudospora)	gromia (genus Gromia)
rmtř	endomyxan cercozoan 2	plasmodiophorid parasite (Plasmodiophorida)	phagomyxa (genus Phagomyxa)	other endomyxan cercozoan (other Endomyxa)
rmtç	tubothalamean foramnifera 1	allogromiid foraminifera (Allogromiida)	astrorhizid foramnifera (Astrorhizida)	other monothalamean foraminifera (other Monothalamea)
rmtf	tubothalamean foramnifera 2	miliolid foraminifera (Miliolida)	spirillinid foraminifera (Spirillinida)	miliammellus (genus Miliammellus)
rmtļ	globothalamean foramnifera	rotaliid foraminifera (Rotaliida)	texturlariid formaminifera (Textulariida)	other globothalamean foraminifera (other Globothalamea)
rmth	unusual foramnifera	nodosariid foraminifera (Nodosariidae)	lagenid foraminifera (Lagenidae)	other foraminiferan (other Foraminifera)
rmthw	radiozoan	polycystine radiolarian, including Collodaria (Polycystina)	acantharean radiolarian (Acantharea)	sticholonche (genus Sticholonche)
rsk	euglenoida 1	euglena (genus Euglena)	astasia (genus Astasia)	khawkinea (genus Khawkinea)
rskw	euglenoida 2	ascoglena (genus Ascoglena)	trachelomonas (genus Trachelomonas)	strombomonas (genus Strombomonas)
rsky	euglenoida 3	phacus (genus Phacus)	lepocinclus (genus Lepocinclus)	eutreptia (genus Eutreptia)
rskl	euglenoida 4	peranema (genus Peranema)	anisonema (genus Anisonema)	urceolus (genus Urceolus)
rskr	euglenoida 5	heteronema (genus Heteronema)	distigma (genus Distigma)	neometanema (genus Neometanema)
rskř	euglenoida 6	rhabdomonas (genus Rhabdomonas)	lentomonas (genus Lentomonas)	ploetia (genus Ploetia)
rskf	euglenoida 7	rapaza (genus Rapaza)	keelungia (genus Keelungia)	petalomonas (genus Petalomonas)
rskţ	euglenoida 8	entosiphon (genus Entosiphon)	colacium (genus Colacium)	other euglenoid flagellate (other Euglenoida)
rskç	kinetoplastea	trypanosoma (genus Trypanosoma)	leishmania (genus Leishmania)	other kinetoplast flagellate (other Kinetoplastea)
rsks	diplonemea	diplonema (genus Diplonema)	rhynchopus (genus Rhynchopus)	other diplonemid flagellate (other Diplonemidae)
rskš	other euglenozoan	calkinsia (genus Calkinsia)	postgaardi (genus Postgaardi)	other euglenozoan flagellate (other Euglenozoan)
rskm	discoba 1	jakobid flagellate (genus Jakobea)	tsukubamonas (genus Tsukubamonas)	percolate flagellate (genera Percolomonas, Stephanopogon)
rskn	discoba 2	non-mycetozoan cellular slime mold (Acrasida)	lyromonas (genus Lyromonas)	gruberellid flagellate (Gruberellidae)
rskh	discoba 3	naegleria (genus Naegleria)	vahlkampfia (genus Vahlkampfia)	other vahlkampfiid amoeboid (other Vahlkampfiidae)
skmw	trichozoa	trichomonas (genus Trichomonas)	dientamoeba (genus Dientamoeba)	giardia (genus Giardia)
skmy	unusual loukazoa	anaeromonad metamonad flagellate (Anaeromonadea)	malawimonad glagellate (genera Malawimonas, Gefionella)	ancyromonad or other trichozoan metamonad flagellate (Ancyromonadida/Planomonadida, other Trichozoa)
skm	diphyllatea/rigiflida/mantamonadida	collodictyonid flagellate (genera Collodictyon, Diphylleia, Sulcomonas)	rigifilid (genera Micronuclearia, Rigifila)	mantamonas (genus Mantamonas)
ňšk	amoebozoan 1	amoeba (genus Amoeba)	chaos (amoeba) (genus Chaos)	metachaos (genus Metachaos)
ňškw	amoebozoan 2	polychaos (genus Polychaos)	parachaos (genus Parachaos)	metamoeba (genus Metamoeba)
ňšky	amoebozoan 3	flabellula (genus Flabellula)	harmannella (genus Harmannella)	echinamoeba (genus Echinamoeba)
ňškl	amoebozoan 4	arcella (genus Arcella)	nebela (genus Nebela)	difflugia (genus Difflugia)
ňškr	amoebozoan 5	acanthamoeba (genus Acanthamoeba)	balamuthia (genus Balamuthia)	cochliopodium (genus Cochliopodium)
ňškř	amoebozoan 6	thecamoeba (genus Thecamoeba)	dinamoeba (genus Dinamoeba)	mayorella (genus Mayorella)
ňškf	amoebozoan 7	vexillefera (genus Vexillefera)	oscillosignum (genus Oscillosignum)	subulamoeba (genus Subulamoeba)
ňškţ	amoebozoan 8	clydonella (genus Clydonella)	vanella (genus Vanella)	pellita (genus Pellita)
ňškç	amoebozoan 9	discamoeba (genus Discamoeba)	unda (genus Unda)	paramoeba (genus Paramoeba)
ňškm	amoebozoan 10	mastigamoeba (genus Mastigamoeba)	iodamoeba (genus Iodamoeba)	endolimax (genus Endolimax)
ňškn	amoebozoan 11	entamoeba (genus Entamoeba)	pelomyxa (genus Pelomyxa)	other amoeba (other Amoebozoa)
ňškv	mycetozoan (amoeboid slime mold)	syncytial, plasmodial, or acellular slime mold (Myxogastria)	cellular slime mold (Dictyosteliida)	protostelid slime mold (Protostelida)
lmvl	breviatea/apusomonadida (non-opisthokont obazoan)	breviatid amoeboid flagellate (Breviatea)	apusomonad flagellate (Apusomonadida)	n/a
lmvr	ichtyosporea/mesomycetozoa	ichtyophonid mesomycetozoan (Ichthyophonida)	dermocystid (or rhinosporidiaceous) mesomycetozoan (Dermocystida)	rhinosporidium (genus Rhinosporidium)
lmvw	non-choanozoan unicellular holozoan flagellate	pluriform flagellate (genera Syssomonas, Corallochytrium)	filasterean flagellate (genera Ministeria, Capsaspora, Pigoraptor)	tunicaraptor (genus Tunicaraptor)
lmvy	choanoflagellatea	craspedid or salpingoecid flagellate (Craspedida)	acanthoecid flagellate (Acanthoecidae)	stephanoecid flagellate (Stephanoecidae)
pftw	cyanobacterium 1	spirulina (genus Arthrospira)	aphanizomenon (genus Aphanizomenon)	nostoc (genus Nostoc)
pfty	cyanobacterium 2	cyanothece (genus Cyanothece)	synechocystis (genus Synechocystis)	other cyanobacterium (other Cyanobacteria)
pftl	actinobacterium 1	actinomyces (genus Actinomyces)	corynebacterium (genus Corynebacterium)	mycobacterium (genus Mycobacterium)
pftr	actinobacterium 2	nocardia (genus Nocardia)	streptomyces (genus Streptomyces)	gardnerella (genus Gardnerella)
pftř	actinobacterium 3	atopobium (genus Atopobium)	olsenella (genus Olsenella)	cryptobacterium (genus Cryptobacterium)
pftç	actinobacterium 4	eggerthella (genus Eggerthella)	frankia (genus Frankia)	bifidobacterium (genus Bifidobacterium)
pftļ	actinobacterium 5	mobiluncus (genus Mobiluncus)	actinomadura (genus Actinomadura)	other actinoacterium (other Actinoacteria)
pfth	deinococcus-thermus	deinococcaceous bacterium (genera Deinococcus, Denobacterium)	truepera (genus Truepera)	thermaceous bacterium (Thermaceae)
pfp	fermicutes 1	bacillus (genus Bacillus)	listeria (genus Listeria)	staphylococcus (genus Staphylococcus)
pfpw	fermicutes 2	enterococcus (genus Enterococcus)	streptococcus (genus Streptococcus)	lactobacillaceous bacterium (Lactobacillaceae)
pfpy	fermicutes 3	leuconostoc (genus Leuconostoc)	pediococcus (genus Pediococcus)	aerococcus (genus Aerococcus)
pfpl	fermicutes 4	clostridium (genus Clostridium)	clostridioides (genus Clostridioides)	heliobacterial bacterium (Heliobacteria)
pfpr	fermicutes 5	acetobacterium (genus Acetobacterium)	anaerococcus (genus Anaerococcus)	peptococcus (genus Peptococcus)
pfpř	fermicutes 6	peptostreptococcus (genus Peptostreptococcus)	peptoniphilus (genus Peptoniphilus)	finegoldia (genus Finegoldia)
pfpç	fermicutes 7	veillonella (genus Veillonella)	erysipelothrix (genus Erysipelothrix)	other firmicutes bacterium (other Firmicutes)
pfpļ	tenericutes (mollicutes)	mycoplasma (genus Mycoplasma)	ureaplasma (genus Ureaplasma)	other mollicutes bacterium (other Mollicutes)
pfph	unusual terrabacterium	chloroflexian bacterium (Chloroflexota)	armatimonadetes bacterium (Armatimonadota)	abditibacterial bacterium (Abditibacteriota)
kskw	proteobacterium 1	salmonella (genus Salmonella)	shigella (genus Shigella)	escherichia (genus Escherichia)
ksky	proteobacterium 2	yersinia (genus Yersinia) [-ÇK- Bubonic plague]	haemophilus (genus Haemophilus)	vibrio (genus Vibrio)
kskl	proteobacterium 3	pseudomonas (genus Pseudomonas)	francisella (genus Francisella)	xanthomonas (genus Xanthomonas)
kskr	proteobacterium 4	legionella (genus Legionella)	coxiella (genus Coxiella)	klebsiella (genus Klebsiella)
kskř	proteobacterium 5	aggregatibacter (genus Aggregatibacter)	azotobacter (genus Azotobacter)	acidithiobacillus (genus Acidithiobacillus)
kskf	proteobacterium 6	neisseria (genus Neisseria)	bordetella (genus Bordetella)	burkholderia (genus Burkholderia)
kskţ	proteobacterium 7	chromobacterium (genus Chromobacterium)	eikenella (genus Eikenella)	ralstonia (genus Ralstonia)
kskç	proteobacterium 8	brucella (genus Brucella)	bartonella (genus Bartonella)	rhizobium (genus Rhizobium)
kskm	proteobacterium 9	rickettsia (genus Rickettsia)	orientia (genus Orientia)	ehrlichia (genus Ehrlichia)
kskn	proteobacterium 10	helicobacter (genus Helicobacter)	campylobacter (genus Campylobacter)	wolinella (genus Wolinella)
kskh	proteobacterium 11	myxococcus (genus Myxococcus)	disulfovibrio (genus Disulfovibrio)	geobacter (genus Geobacter)
kskhw	proteobacteria 12	cardiobacterium (genus Cardiobacterium)	stenotrophomonas (genus Stenotrophomonas)	other proteobacterium (other Proteobacteria)
pfmw	bacteroidetes 1	bacteroides (genus Bacteroides)	prevotella (genus Prevotella)	porphyromonas (genus Porphyromonas)
pfmy	bacteroidetes 2	tannerella (genus Tannerella)	sphingobacterium (genus Sphingobacterium)	other bacteroidetes bacterium (other Bacteroidetes)
pfml	chlorobi	chlorobium (genus Chlorobium)	green sulfur bacterium (Chlorobiaceae except Chlorobium)	ignavibacterial bacterium (Ignavibacteriaceae)
pfmr	FCB group bacterium	fibrobacterial bacterium (Fibrobacteres)	gemmatimonad bacterium (Gemmatimonadetes)	other FCB group bacterium (other FCB group)
vzxw	chlamydiae	chlamydia (genus Chlamydia)	chlamydophila (genus Chlamydophila)	other chlamydian bacterium (other Chlamydiae)
vzxl	planctobacterium	lentisphaeran bacterium (Lentisphaerae)	plactomycetic bacterium (Planctomycetes)	verrucomicrobian bacterium (Verrucomicrobia)
vzxr	PVC group bacterium	poribacterial bacterium (Poribacteria)	omnitrophic bacterium (Omnitrophica)	other PVC group bacterium (other PVC superphylum)
lmsw	spirochaetes 1	borrelia (genus Borrelia)	leptospira (genus Leptospira)	treponema (genus Treponema)
lmsy	spirochaetes 2	brachyspira (genus Brachyspira)	brevinema (genus Brevinema)	other spirochaete (other Spirochaetes)
lmsl	acidobacterium 1	acidobacterium (genus Acidobacterium)	holophaga (genus Holophaga)	geothrix (genus Geothrix)
lmsr	acidobacterium 2	acanthopleuribacter (genus Acanthopleuribacter)	bryobacter (genus Bryobacter)	other acidobacterium (other Acidobacteria)
lmšl	aquificae	aquificales bacterium (Aquificales)	desulfurobacterium (genera Balnearium, Desulfurobacterium, Phorcysia, Thermovibrio)	thermosulfidibacter (genus Thermosulfidibacter)
lmš	fusobacteria	fusobacterium (genus Fusobacterium)	leptotrichia (genus Leptotrichia)	other fusobacterial bacterium (other Fusobacteria)
lmšm	caldiserica/cryosericota	caldisericum (genus Caldisericum)	cryosericum (genus Cryosericum)	other caldiseric/cyroseric bacterium (other Caldiserica/Cryosericota)
lmšn	thermotagae	thermotogaceous bacterium (genera Thermotoga, Pseudothermotoga)	fervidobacteriaceous bacterium (genera Fervidobacterium, Thermosipho)	kosmotogaceous or petrotogaceous bacterium (Kosmotogaceae, Petrotogaceae)
lmšr	unusual bacterium	calditrichaeotic bacterium (genus Caldithrix)	chrysiogenaceous bacterium (genera Chrysiogenes, Desulfurispira, Desulfurispirillum)	coprothermobacter (genus Coprothermobacter)
lmšw	unusual bacterium 2	deferribacterium (Deferribacteres)	dictyoglomus (genus Dictyoglomus)	elusimicrobial bacterium (Elusimicrobia)
lmšy	unusual bacterium 3	nitrospiraceous bacterium (Nitrospirae)	synergistaceous bacterium (Synergistetes)	thermodesulfobacteriaceous bacterium (Thermodesulfobacteria)
ššpļ	archaeon	DPANN archaeon (Nanobdellati)	euryarchaeotic archaeon (Euryarchaeota)	proteoarchaeotic archaeon (Proteoarchaeota)
lfmw	alphaherpesvirus	varicella zoster/HHV-3, BoHV-1/5, BuHV-1, CaHV-1, CpHV-1, CeHV-9, CvHV-1/2, EHV-1/3/4/8/9, FeHV-1, MoHV-1, PhHV-1, SuHV-1/pseudorabies (genus Varicellovirus)	herpes simplex virus/HSV-1/2, AtHV-1, BoHV-2, CeHV-2, LeHV-4, McHV-1/B-virus, MaHV-1/2, PnHV-2/3, PtHV-1, SaHV-1 (genus Simplexvirus)	alphaherpesvirus (genera Iltovirus, Mardivirus, Scutavirus)
lfmy	betaherpresvirus	human betaherpesvirus 5/CMV, AoHV-1, CbHV-1, CeHV-5, McHV-3/8, MleuCMV, PnHV-2 PaHV-3/4, SaHV-4  (genus Cytomegalovirus)	HHV-6A/6B/7, McHV-9, MuHV-3, SuHV-2/Inclusion Body Rhinitis (genus Roseolovirus)	betaherpesvirus (genera Muromegalovirus, Proboscivirus)
lfml	gammaherpesvirus	gamma-2 herpesvirus, HHV-8/KSHV, AtHV-2/3, BoHV-4, CrHV-2, McHV-5/8/11/12, MuHV-4/7, SaHV-2 (genus Rhadinovirus)	human gammaherpesvirus 4/Epstein-Barr virus, CalHV-3, CeHV-14, GoHV-1, McHV-4/RLV, McHV-10, PnHV-1, PaHV-1, PoHV-2 (genus Lymphocryptovirus)	gammaherpesvirus (genera Macavirus, Percavirus)
lfmr	unusual herpes virus or caudovirales	alloherpesvirus (genera Batrachovirus, Cyprinivirus, Ictalurivirus, Salmonivirus)	malacoherpesvirus (genera Aurivirus, Ostreavirus)	tailed bacteriophage (Caudovirales)
rštw	parovirus	parvovirine parvovirus, primate erythroparvovirus (Parvovirinae)	densovirine parvovirus (Densovirinae)	hamaparvovirine parvovirus (Hamaparvovirinae)
ršty	papillovirus	human papillomavirus/HPV (genera Alphapapillomavirus, Betapapillomavirus, Gammapapillomavirus, Mupapillomavirus, Nupapillomavirus)	Shope papilloma virus/SPV, cottontail rabbit papillomavirus (genus Kappapapillomavirus)	other papillomavirus (other Papillomavirus)
rštl	human polyomavirus	BK virus (genus Betapolyomavirus, species human polyomavirus 1)	JC virus (genus Betapolyomavirus, species human polyomavirus 2)	Merkel cell polyomavirus (genus Alphapolyomavirus, species human polyomavirus 5)
rštr	unusual human polyomavirus	human polyomavirus 6 (genus Deltapolyomavirus, species human polyomavirus 6)	human polyomavirus 7 (genus Deltapolyomavirus, species human polyomavirus 7)	trichodysplasia spinulosa polyomavirus (genus Alphapolyomavirus, species human polyomavirus 8)
rštř	polyomavirus	non-human-host alphapolyomavirus (other Alphapolyomavirus)	non-human-host betapolyomavirus (other Betapolyomavirus)	non-human-host deltapolyomavirus (other Deltapolyomavirus)
rštç	cossaviricota	gammapolyomavirus (genus Gammapolyomavirus)	other polyomavirus (other Polyomaviridae)	Bombyx mori silkworm bidensovirus (genus Bidensovirus)
rštf	cressdnavaricota	cyclovirus (genus Cyclovirus)	geminivirus (Geminiviridae)	other cressdnaviricote virus (Genomoviridae, Arfiviricetes)
rštļ	unusual monadnaviria	pleolipovirid virus (Trapavirae)	microvirid bacteriophage (Sangervirae)	tubulavirales bacteriophage (Loebvirae)
ššt	betacoronavirus 1	Middle East respiratory syndrome-related coronavirus (MERS-CoV), hedgehog coronavirus 1, pipistrellus bat coronavirus HKU5, Tylonycteris bat coronavirus HKU4 (Betacoronavirus (Merbecovirus))	severe acute respiratory syndrome coronavirus (SARS-CoV) (Betacoronavirus pandemicum, strain Severe acute respiratory syndrome coronavirus 1)	severe acute respiratory syndrome coronavirus 2 (SARS-CoV-2) (Betacoronavirus pandemicum, strain Severe acute respiratory syndrome coronavirus 2) [-ÇK- COVID-19]
šštw	betacoronavirus 2	human coronavirus OC43/HKU1, murine coronavirus (Betacoronavirus (Embecovirus)) [-ÇK- common cold, upper repiratory infection]	rousettus bat coronavirus HKU9 (Betacoronavirus (Nobecovirus))	bat Hp-betacoronavirus Zhejiang2013 (Betacoronavirus (Hibecovirus))
ššty	alphacoronavirus 1	alphacoronavirus, feline/canine coronavirus, transmissible gastroenteritis virus (Alphacoronavirus (Tegacovirus))	porcine epidemic diarrhea virus, scotophilus bat coronavirus 512 (Alphacoronavirus (Pedacovirus))	mink coronavirus (Alphacoronavirus (Minacovirus))
šštl	alphacoronavirus 2	human coronavirus 229E (Alphacoronavirus (Duvinacovirus)) [-ÇK- common cold, upper repiratory infection]	human coronavirus NL63 (Alphacoronavirus (Setracovirus))	other alphacoronavirus (other Alphacoronavirus)
šštr	gammacoronavirus, deltacoronavirus	avian/duck coronavirus (Gammacoronavirus (Igacovirus))	beluga whale coronavirus (Gammacoronavirus (Cegacovirus))	other gamma- or delta-coronavirus (other Gammacoronavirus, Deltacoronavirus)
šštř	tobanivirus	torovirus (genus Torovirus)	bafinivirus (genus Bafinivirus)	other tobanivirus (other Tobaniviridae)
ššth	nidovirales	equine arteritis virus (genus Alphaarterivirus)	gill-associated virus, yellow head virus (genus Okavirus)	other nidovirales virus (other Nidovirales)
mçp	enterovirus 1	poliovirus (Enterovirus C)	enterovirus D/68/70/94/111/120 (Enterovirus D)	enterovirus E/bovine enterovirus/enteric cytopathic bovine orphan virus (Enterovirus E)
mçpw	enterovirus 2	enterovirus G, porcine enterovirus B (Enterovirus G)	enterovirus H, simian enterovirus A (Enterovirus H)	enterovirus A/B/F/I/J/K/L (other Enterovirus)
mçpy	enterovirus 3 [-ÇK- common cold, upper repiratory infection]	rhinovirus A (Rhinovirus A)	rhinovirus B (Rhinovirus B)	rhinovirus C (Rhinovirus C)
mçpl	cardiovirus	cardiovirus B, Saffold virus (SAFV), Theiler’s murine encephalomyelitis virus (TMEV) (Cardiovirus B)	cardiovirus A, encephalomyocarditis virus (Cardiovirus A)	cardiovirus C/D/E/F (other Cardiovirus)
mçpr	kobuvirus	aichivirus A, canine kobuvirus (Aichivirus A)	aichivirus B, bovine kobuvirus (Aichivirus B)	aichivirus C, porcine kobuvirus (Aichivirus C)
mçpř	parechovirus	human parechovirus (HPeV1/2) (Parechovirus A)	parechovirus D (Parechovirus D)	other parechovirus (other Parechovirus)
mçpç	hepatovirus, salivirus	hepatovirus A (Hepatovirus A) [-ÇK- hepatitis A]	hepatovirus B/C/D/E/F/G/H/I (other Hepatovirus) [-ÇK- hepatitis]	salivirus (Salivirus A)
mçpf	aphthovirus	foot-and-mouth disease virus (FMDV) (Foot-and-mouth disease virus)	equine rhinitis virus (ERAV) (Equine rhinitis A virus)	bovine rhinitis virus (BRAV/BRBV) (Bovine rhinitis A virus, Bovine rhinitis B virus)
mçpţ	picornavirus	avihepatovirus (Avihepatovirus A)	erbovirus (Erbovirus A)	other picornavirus (other Picornavirales)
mçpļ	calcivirus	winter vomiting bug (genus Norovirus)	Sapporo virus (genus Sapovirus)	other calicivirus (other Caliciviridae)
mçph	dicistroviridae	acute bee paralysis, Israeli acute paralysis, Kashmir bee, Taura syndrome, or mud crab virus (genus Aparavirus)	aphid lethal paralysis, cricket paralysis, Drosophila C, or Rhopalosiphum padi virus (genus Cripavirus)	black queen cell, Himetobi P, Homalodisca coagulata, Plautia stali intestine, or triatoma virus (genus Triatovirus)
mçphw	picornavirales	iflavirus (genus Iflavirus)	secovirus (Secoviridae)	other picornovirales (Marnaviridae, Polycipiviridae, Solinviviridae)
nsţw	sobelivirales	heterocapsa circularisquama RNA virus (genus Dinornavirus)	mushroom bacilliform virus (genus Barnavirus)	poinsettia latent, blueberry shoestring, cocksfoot mottle, lucerne transient streak, papaya lethal yellowing, rice yellow mottle, ryegrass mottle, sesbania mosaic, *Solanum nodiflorum* mottle, southern bean mosaic, southern cowpea mosaic, sowbane mosaic, subterranean clover mottle, turnip rosette, velvet tobacco mottle, or imperata yellow mottle virus (Solemoviridae)
nsţr	durnavirales	human, equine, or beihai picobirnavirus (genus Picobirnavirus)	Allium cepa, spinach, or Zoostera marina amalgavirus, blueberry latent, rhododendron, southern tomato, vicia cryptic, or Zygosaccharomyces bailii virus (genera Amalgavirus, Zybavirus)	cryphonectria hypovirus, partitivirus, or other durnavirales (Hypoviridae, Partitiviridae)
ňsţ	potyvirus 1	plant mosaic, mottle, dwarf, shoestring, distortion, ringspot, stunt, break, or streak viruse (genus Potyvirus)	sweet potato mild mottle virus (genus Ipomovirus)	wheat streak mosaic virus (genus Tritimovirus)
ňsţw	potyvirus 2	ryegrass mosaic virus (genus Rymovirus)	triticum mosaic virus (genus Poacevirus)	other potyvirus (other Potyviridae)
ňsţr	astrovirus	human astrovirus/HAstV (HAstV, HAstV-VA, HAstV-MLB)	ovine, bovine, feline, sea lion, murine, porcine, or mink astrovirus (other Mamastrovirus)	chicken, pigeon, or avian nephritis astrovirus (genus Avastrovirus)
msţ	reovirus 1	rotavirus (genus Rotavirus)	bluetongue, African horse sickness, or epizootic hemorrhagic disease virus (genus Orbivirus)	banna, kadipiro, or liao ning virus (genus Seadornavirus)
msţw	reovirus 2	Colorado tick fever or European Eyach virus (genus Coltivirus)	wound tumour, rice dwarf, rice gall dwarf, tobacco leaf enation, rice buncy stunt, or sweet potato virus (genus Phytoreovirus)	other reovirus (other Sedoreoviridae)
msţr	chrymotiviricetes, vidaverviricetes	totivirus (Totiviridae)	unusual ghabrivirales (Chrysoviridae, Megabirnaviridae, Quadriviridae)	pseudomonas virus (genus Cystovirus)
lfsk	flavivirus 1	yellow fever virus (Yellow fever virus)	dengue virus (Dengue virus)	zika virus (Zika virus)
lfst	flavivirus 2	West Nile virus, Kunjin virus (West Nile virus)	Murray Valley encephalitis virus (Murray Valley encephalitis virus)	tick-borne encephalitis virus (Tick-borne encephalitis virus)
lfsp	flavivirus 3	Omsk hemorrhagic fever virus (Omsk hemorrhagic fever virus)	Kyasanur Forest disease virus (Kyasanur Forest disease virus)	Powassan virus (Powassan virus)
lfsc	flavivirus 4	Louping ill virus (Louping ill virus)	Langat virus (Langat virus)	Alkhurma virus (Kyasanur Forest disease virus, strain Alkhurma virus)
lfsč	flavivirus 5	Japanese encephalitis virus (Japanese encephalitis virus)	Saint Louis encephalitis virus (Saint Louis encephalitis virus)	other flavivirus (other Flavivirus)
lfsw	hepacivirus	human hepatitis C virus (Hepacivirus C)	canine or equine hepacivirus (Hepacivirus A)	other hepacivirus (other Hepacivirus)
lfsy	flaviviridae	pegivirus (genus Pegivirus)	pestivirus (genus Pestivirus)	n/a
lfsl	hepelivirales	rubella virus (genus Rubivirus)	human hepatitis E virus (genus Orthohepevirus)	hepivirales (genera Omegatetravirus, Betatetravirus, Benyvirus, Piscihepevirus)
lfsr	tymovirales	tymovirid virus (genera Tymovirus, Marafivirus, Maculavirus)	quinvirine or triverine virus (Betaflexiviridae)	tymovirales (Alphaflexiviridae, Deltaflexiviridae, Gammaflexiviridae)
lfsř	alphavirus 1	Chikungunya virus (Chikungunya virus)	Mayaro virus, Una virus (Mayaro virus)	Ross River virus (Ross River virus)
lfsm	alphavirus 2 (EEV)	Eastern equine encephalitis virus (Eastern equine encephalitis virus)	Venezuelan equine encephalitis virus (Venezuelan equine encephalitis virus)	Western equine encephalitis virus (Western equine encephalitis virus)
lfsn	alphavirus 3	Middelburg virus (Middelburg virus)	Barmah Forest virus (Barmah Forest virus)	other togavirus (other Alphavirus)
lfsf	martellivirales 1	bromovirid virus (Bromoviridae)	closterovirid virus (Closteroviridae)	endornavirid virus (Endornaviridae)
lfsx	martellivirales 2	kitaravirid virus (Kitaraviridae)	mayovirid virus (genera Idaeovirus, Pteridovirus)	virgavirid virus (Virgaviridae)
lfsv	kitrinoviricota	nodavirus, sainaivirus (genera Alphanodavirus, Betanodavirus, Sinaivirus)	carmotetravirus, luteovirus, umbravirus, procedovirine virus (Tolivirales)	other kitrinoviricote virus (other Kitrinoviricota)
nxp	orthomyxovirus 1	influenza A virus, avian influenza virus (genus Alphainfluenzavirus)	influenza B virus (genus Betainfluenzavirus)	influenza C/D virus (genera Gammainfluenzavirus, Deltainfluenzavirus)
nxpw	orthomyxovirus 2	quaranjavirus (genus Quaranjavirus)	dhori virus (genus Thogotovirus)	salmon isavirus (genus Isavirus)
nxpy	bunyavirales 1	hantavirus (genus Orthohantavirus)	California encephalitis virus, La Crosse virus, Jamestown Canyon virus, Cache Valley virus (genus Orthobunyavirus)	Crimean-congo hemorhagic fever orthonairovirus (genus Orthonairovirus)
nxpl	bunyavirales 2	Lassa virus, lymphocytic choriomeningitis virus, Lujo virus (genus Mammarenavirus-Old World Complex)	Whitewater Arroyo virus, Machupo virus, Sabiá virus, Chapare virus, Guanarito virus, Junín virus (genus Mammarenavirus-New World Complex)	Rift Valley fever, Punta Toro, or Sicilian phlebovirus (genus Phlebovirus)
nxpr	bunyavirales 3	tomato spottel wilt, soybean vein necrosis, or impatiens necrotic spot orthotospovirus (genus Orthotospovirus)	High Plains wheat mosaic, fig mosaic, blackberry leaf mottle associated, or raspberry leaf bloth emaravirus (genus Emaravirus)	other bunyavirales virus (other Bunyavirales)
nxpř	filoviridae	ebolavirus (genus Ebolavirus)	Marburg virus, Ravn virus (genus Marburgvirus)	other filovirus (other Filoviridae)
nxpç	rhabdoviridae 1	rabies virus (Rabies lyssavirus)	other lyssavirus (genus Lyssavirus except Rabies lyssavirus)	Chandipura virus, vesicular stomatitis virus (genus Vesiculovirus)
nxpļ	rhabdoviridae 2	Bas-Congo virus, Ekpoma virus (genus Tibrovirus)	novirhabdovirus (genus Novirhabdovirus)	other rhabdovirus (other Rhabdoviridae)
nxpţ	paramyxoviridae 1	measles virus (Measles morbillivirus) [-ÇK- rubeola]	canine distemper virus, feline/cetacean/phocine morbillivirus, rinderpest virus (genus Morbillivirus except Measles morbillivirus)	human, bovine, caprine, porcine, squirrel, or murine respirovirus (genus Respirovirus)
nxph	paramyxoviridae 2	aquaparamyxovirus (genus Aquaparammyxovirus)	Fer-de-Lance virus (genus Ferlavirus)	other paramyxovirus (other Paramyxoviridae)
nxfw	negarnaviricota 1	mumps virus (genus Orthorubulavirus)	rubulavirus (Rubulavirinae except Orthorubulavirus)	human respiratory syncytial virus (HRSV), human/avian metapneumovirus, bovine repiratory syncytial virus, murine pneumonia virus (genera Orthopneumovirus, Metapneumovirus)
nxfy	negarnaviricota 2	avulavirus, Newcastle disease virus (Avulavirinae)	bornavirus (genus Orthobornavirus)	python virus (genera Carbovirus, Cultervirus)
nxfl	negarnaviricota 3	yingvirus (genus Yingvirus)	ophiovirus (genus Ophiovirus)	yuyuevirus (genus Yuyuevirus)
nxfr	negarnaviricota 4	reptile sunshinevirus (genus Sunshinevirus)	Midway, Nyamanini, Sierra Nevada, or soybean cyst nematode virus (Nyamviridae)	other negarnaviricote virus (other Articulavirales and Negarnaviricota)
tçb	lenarviricota	ourmia melon virus, epirus cherry virus, cassava virus C (genus Ourmiavirus)	levivirales virus (genera Levivirus, Allolevivirus)	narnavirus, mitovirus (genera Narnavirus, Mitovirus)
tçg	birnaviridae	infectious bursal disease virus (genus Avibirnavirus)	infectious pancreatic necrosis virus, Tellina virus, yellowtail ascites virus (genus Aquabirnavirus)	blotched snakehead virus (genus Blosnavirus)
tçd	orthonavirus	other birnavirus (other Birnaviridae)	alphapermutotetravirus (genus Alphapermutotetravirus)	botybirnavirus (genus Botybirnavirus)
rtçp	hepadnavirus	hepatitis B virus (genus Orthohepadnavirus)	duck, heron, or parrot parrot hepatitis B virus (genus Avihepadnavirus)	other hepadnavirus (other Hepadnaviridae)
rtçt	lentivirus 1	human immunodeficiency virus 1 (Human immunodeficiency virus 1) [-ÇK- AIDS]	human immunodeficiency virus 2 (Human immunodeficiency virus 2) [-ÇK- AIDS]	simian immunodeficiency virus (Simian immunodeficiency virus)
rtçk	lentivirus 2	feline immunodeficiency virus (Feline immunodeficiency virus)	bovine immunodeficiency virus (Bovine immunodeficiency virus)	equine infectious anemia virus (Equine infectious anemia virus)
rtçw	lentivirus 3	visna-maedi virus (Visna-maedi virus)	jembrana disease virus (Jembrana disease virus)	caprine arthritis encephalitis virus, puma lentivirus (Caprine arthritis encephalitis virus, Puma lentivirus)
rtçl	deltaretrovirus	human T-cell lymphotropic virus (HTLV) (Human T-cell lymphotropic virus)	simian T-cell lymphotropic virus (Simian T-cell lymphotropic virus)	bovine leukemia virus (Bovine leukemia virus)
rtçr	retroviridae 1	avian leukosis virus, Rous sarcoma virus (genus Alpharetrovirus)	mouse mammary tumour virus (genus Betaretrovirus)	murine or feline leukemia virus (genus Gammaretrovirus)
rtçm	retroviridae 2	bovine leukemia virus (genus Deltaretrovirus)	walleye dermal sarcoma virus (genus Epsilonretrovirus)	bovine, feline, equine, eastern chimpanzee simian, ot brown greater galago prosimian foamy virus (Spumaretrovirinae)
rtçn	unusual retrovirus	cauliflower mosaic, commelina yellow mottle, cassava vein mosaic, petunia vein clearing, tobacco vein clearing, soybean chlorotic mottle, or rice tungro bacilliform virus (Caulimoviridae)	Anopheles gambiae moose virus, Ascaris lumbricoides Tas virus, Bombyx mori Pao virus, Caenorhabditis elegans Cer13 virus, Drosophila melanogaster Bel virus, Drosophila melanogaster Roo virus (genus Semotivirus)	unusual retrovirus (Metaviridae, Pseudoviridae)
psf	orthopoxvirus 1	variola virus (Variola virus) [-ÇK- smallpox]	vaccinia virus (Vaccinia virus)	cowpox virus (Cowpox virus)
psfw	orthopoxvirus 2	monkeypox virus (Monkeypox virus)	camelpox virus (Camelpox virus)	raccoonpox virus (Raccoonpox virus)
psfy	orthopoxvirus 3	skunkpox virus (Skunkpox virus)	volepox virus (Volepox virus)	other orthopox virus (other Orthopoxvirus)
psfl	parapoxvirus	orf virus (Orf virus)	bovine papular stomatitis virus (Bovine papular stomatitis virus)	other parapox virus (other Parapoxvirus)
psfr	poxvirus 1	tanapox virus, monkey tumor virus (genus Yatapox)	molluscum contagiosum virus (genus Molluscipox)	avian pox virus (genus Avipoxvirus)
psfř	poxvirus 2	swinepox virus (genus Suipoxvirus)	myxoma virus, hare, rabbit, or squirrel fibroma virus (genus Leporipoxvirus)	other poxvirus (other Poxviridae)
psfm	nucleocytoviricota 1	African swine fever virus (genus Asfivirus)	ascovirid virus (genera Ascovirus, Toursvirus)	iridovirid virus (other Iridoviridae)
psfn	nucleocytoviricota 2	mimivirid virus (Mimiviridae)	phycodnavirid virus (Phycodnaviridae)	other nucleocytovirus (other Nucleocytoviricota)
gzxl	mastadenovirus 1	human mastadenovirus (Human mastadenovirus A/B/C/D/E/F/G) [-ÇK- common cold, upper repiratory infection]	simian mastadenovirus (Simian mastadenovirus A/B/C/D/E/F/G/H/I)	canine mastadenovirus (Canine mastadenovirus A)
gzxr	mastadenovirus 2	bovine mastadenovirus (Bovine mastadenovirus A/B/C)	porcine mastadenovirus (Porcine mastadenovirus A/B/C)	other mastadenovirus (other Mastadenovirus)
gzxw	adenoviridae	frog siadenovirus (genus Siadenovirus)	avian adenovirus (genus Aviadenovirus)	adenovirus (genera Atadenovirus, Ichtadenovirus)
gzxm	unusual tectiliviricetes	psedoalteromonas phage PM2 (genus Corticovirus)	sulfolobus turreted icosahedral virus (genus Alphaturrivirus)	tectivirus (Tectiviridae)
lcxw	lavidaviridae (virophage)	Cafeteriavirus-dependent mavirus (Cafeteriavirus-dependent mavirus)	Mimivirus-dependent virus Sputnik (Mimivirus-dependent virus Sputnik)	Mimivirus-dependent virus Zamilon (Mimivirus-dependent virus Zamilon)
rcxw	sphaerolipoviridae or halopanivirales*	Haloarcula virus (genus Alphasphaerolipovirus)	yingchengvirus (genus Yingchengvirus)	hukuchivirus (genus Yingchengvirus)
fšt	avsunviroidiae	avocado sunblotch viroid (genus Avsunviroid)	eggplant latent viroid (genus Elaviroid)	peach latent mosaic viroid, appler hammerhead viroid, chrysanthemum chlorotic mottle viroid (genus Pelamoviroid)
fštw	viroid satellite	alphasatellite (Alphasatellitidae)	Ageratum yellow ven betasatellite, tomato leaf curl deltasatellite (Tolecusatellitidae)	viroid satellite
fšty	unusual virus 1	lipothrixvirus, rudivirus (Ligamenvirales)	baculovirus (Baculoviridae)	Oryctes rhinoceros nudivirus, Gryllus bimaculatus nudivirus, Heliothis zea nudivirus (genera Alphanudivirus, Betanudivirus)
fštl	unusual virus 2	Acidianus bottle-shaped virus (genus Ampullavirus)	Acidianus two-tailed virus (genus Bicaudavirus)	Aeropyrum pernix bacilliform virus (genus Clavavirus)
fštr	unusual virus 3	Sufolobus spindle-shaped virus, acidianus spindle-shaped virus (Fuselloviridae; genera Alphafusellovirus, Betafusellovirus)	Pyrobaculum spherical virus, Thermoproteus tenax spherical virus (genus Globulovirus)	Sulfolobus newzealandicus droplet-shaped virus, Aeropyrum pernix ovoid virus (genera Alphaguttavirus, Betaguttavirus)
fštř	unusual virus 4	Sulfolobus ellipsoid virus (genus Alphaovalivirus)	Archoleplasma phage L2 (genus Plasmavirus)	Sulfolobus alphaportoglobovirus (genus Alphaportoglobovirus)
fštç	unusual virus 5	hytrosavirus (genera Glossinavirus, Muscavirus)	white spot syndrome virus (genus Whispovirus)	ichnovirus, bracovirus (Polydnaviridae)
fštf	unusual virus 6	anellovirus, torque teno virus (TTV) (Anelloviridae)	Aeropyrum coil-shaped virus (ACV) (genus Alphaspiravirus)	potato spindle tuber viroid, hop stunt viroid, coconut cadang-cadang viroid, apple scar skin viroid, Coleus blumei viroid (Pospiviroidae)
fštv	unusual virus 7	salterprovirus His1 (Halspiviridae)	Pyrobaculum filamentous virus (genus Alphatristromavirus)	Flavobacterium virus FLiP (genus Finnlakevirus)
fštļ	unusual virus 8	pithovirus (genus Pithovirus)	dinodnavirus (genus Dinodnavirus)	rhizidiovirus (genus Rhizidiovirus)
fšth	unusual virus 9	deltavirus (genus Deltavirus)	pandoravirus (genus Pandoravirus)	panicum papanivirus 1 (genus Papanivirus)
fštm	unusual virus 10	tobacco albetovirus (genus Albetovirus)	tobacco virtovirus (genus Virtovirus)	virus nobody's ever heard of (other Virus)
